voltage,current,temperature,vibration,label
-0.4461936744142146,-0.6496846051703998,-1.351325866855336,0.29865361452511735,1
-0.5523921661115926,1.263050437048264,-1.2710361337010165,0.5627791583828242,1
0.21376680162811437,-0.0659898566498834,-1.2645672926411897,-0.9215028194528387,0
-2.22506288207548,-1.305047194573381,1.6003682567373538,1.4804859499825431,1
-0.6785139929347759,0.9588602679693594,0.5177886793722379,-0.9753637146708809,1
0.15541989161682535,0.11397605489941653,-1.0225565329912025,-1.0758349999814596,0
-0.06035694327248609,-0.6767591228371088,-0.6549741527681089,-0.9660416366523736,1
0.4316782795666194,-1.0422651113376777,-0.14279414885477112,-0.6439120517906212,1
0.4185146474299259,-0.21967755987561285,-0.2424904051885708,-0.5154745324245206,1
-1.7454797436900034,-1.3042508852302428,1.2951911667384708,1.5705993708281138,1
0.6008487412152056,-0.4784780963956236,-0.9156303954728907,-1.0199025318704158,0
0.19170882345311452,-0.21171446644422778,-1.2139581243496045,-0.508224027299015,1
0.2601952879480737,0.5790207112922975,0.6909253077381878,0.3618365877616668,1
0.3014650535658149,-0.736482323572496,-1.0998021056467802,-0.13948405234472597,1
-2.610721726296443,-1.3830855102009536,1.115585697312694,1.7342536293752417,1
-1.1157600441779159,2.219417958157597,1.7274619575598316,1.4545912888200228,1
-0.7274328961454607,1.0122129939596385,0.7251721133490353,-0.8790355751463055,1
-0.24500356702772538,-0.19976982629715048,-0.23868520456514325,-1.040618260800432,1
0.1354965564910191,-0.004674037228219331,-0.9905928477544119,-0.9743279282243801,0
-0.21120505208216175,-0.07315664073812983,-0.7074859213714078,-0.5434407664800425,1
0.5567327848652069,-1.0271352338180466,-0.8319159817574863,-0.337319263626381,1
0.29861886283355743,-0.2029550636697044,-0.8665433074306761,-0.9277175381318434,0
-2.2912368166004797,1.608648691970371,1.842759536449684,1.8937647421363673,1
0.01702386726077836,0.8386175571554466,0.8393281320518594,-0.738168618422195,1
1.4947305180649917,2.384253992187265,1.6281462212883746,1.7321820564822406,1
0.301109279724283,-0.17269530863044166,-0.2082435995777236,-0.35285606032389316,1
0.4503564062470629,-0.13606507884607086,0.6045472535863844,0.937733852016118,1
-0.41808754093316686,0.6236140345080531,-0.7086274815584361,-1.0302603963354238,1
-0.4264482262091753,-0.09226806497345358,0.5996004927759289,-0.7174528894921788,1
-0.6094938676775189,1.2096977110579854,0.8655840163535089,-0.7360970455291934,1
-0.5207282942152216,-0.2435668401697676,0.3138299259565255,0.02106284686289971,1
0.41086550983698333,-0.4553851254446072,0.14183485777760393,0.7471491458599687,1
0.4355917918234747,1.0544173891459787,0.14183485777760393,-0.8862860802718111,1
-0.5420747247071576,-0.4784780963956236,0.8001345656305564,0.2882957500601091,1
-0.7518034042904201,0.8123393488318764,-1.3604583483515622,0.03659964356041192,1
-2.065854087989797,2.4224768406579127,1.8001412894672961,1.735289415821743,1
1.4584415862287026,1.8244485239609032,1.131567539931089,1.1407479955302773,1
-0.8930456193787246,1.726502474754868,0.9629971523132523,1.3582631492954473,1
-0.624436369021874,0.6682073577238089,-0.6846547176308432,0.43227006612372193,1
0.6643543719287137,-0.9594489396512744,-0.41220235299343605,-0.8935365853973168,1
-0.507742548999295,-0.04687843241455936,0.16542710164285387,0.8735150923330676,1
0.4469765547525066,-0.8145206392000683,0.03909444094506208,-0.7858147949612324,1
-0.40794798644949776,0.8991370672339722,-1.3060439794365493,0.9076960450675946,1
0.45071218008859487,-0.4649408375622692,-1.0727851812204452,-0.6925940147761593,0
1.5979049321093453,-1.380696582171538,1.9641454363370203,1.894800528582868,1
0.3418453845797263,-0.09943484906170003,-1.3490427464812798,-0.6076595261630928,0
0.5851946921877865,-0.2244554159344437,-1.3851921524038406,-0.7972084458727412,0
0.23938251821843656,-0.2539188616305681,-0.6842741975685003,-0.23166904608329825,1
0.2084301940051314,-0.6234063968468297,-1.0902891040882117,-0.6884508689901562,0
-0.5888589848686487,0.7932279245965523,-0.48069596421513044,-0.9940078707078954,1
1.6067992781476517,-1.4069747904951084,0.9260867062660059,1.7259673378032354,1
0.4957175710424254,-0.345494436091495,-0.17133315353047715,-0.5113313866385173,1
0.5528192726083516,0.12353176701707856,-0.97651360544773,-0.8303536121607672,0
-0.523752371868246,0.12353176701707856,0.19434662638090286,0.3038325467576213,1
0.27798398002468633,1.296495429460081,0.5839991702198758,0.41466169653320817,1
1.5274617114859594,-1.3974190783774465,1.4082056252542665,1.4535555023735223,1
0.0646975620261004,-0.627387943562522,-0.6443195910225119,-0.9204670330063379,0
0.13265036575876063,0.8959518298614184,0.6863590669900752,0.7916879630595036,1
-0.4035008134303446,0.5678723804883584,0.7114733911046964,-0.6200889635211025,1
0.04566366150412498,0.016826315036519993,-0.43541407679634364,-0.7423117642081983,0
-0.5623538336744958,-0.3956619247092201,0.38993393842507496,-0.9629342773128711,1
-0.5107666266523184,0.8378212478123083,0.46109119008316884,-0.6045521668235904,1
1.5118076624585404,1.60387083591154,0.8887957401564165,1.5768140895071185,1
0.23795942285230784,-0.7348897048862189,-1.3128933405587186,-0.5247966104430279,1
1.3954696162774933,-1.388659675602923,1.6582073062134512,1.7187168326777296,1
-0.5034732629009078,-0.664018173346893,0.4854444740731047,0.2520432244325807,1
-0.2008876106777267,-0.261881955061953,-0.24933976631074023,-0.8376041172862729,1
0.49233771954786903,-0.13606507884607086,-0.6542131126434233,-0.9940078707078954,0
-0.6918555119922354,-0.14243555359117896,0.2704506388494523,-1.0116162402984092,1
-0.41292882023094885,-0.45857036281716124,0.40401318073175674,-0.7505980557802048,1
0.604228592709763,-0.009451893287050199,-1.2227100857834874,-0.35285606032389316,1
0.19900218720452617,-0.07713818745382237,-1.0998021056467802,-0.7257391810641853,0
1.4861919458682182,1.8849680340394286,1.70653335413098,1.8088302535233007,1
0.2175024269642037,-0.02697069883609699,-0.5868610616087572,-1.0043657351729036,0
-2.3979689690601558,2.0705081109906978,1.4253290280596904,1.750826212519255,1
-0.7112451863557437,-0.3168272997385091,0.6174849357060379,-1.0613339897304481,1
0.03338946397126229,-0.1519912657088407,-1.205586682978064,-0.7319538997431903,0
-0.04986161494728507,-0.712593043278341,-0.44835175891599716,-0.9028586634158241,1
-0.1434301352702675,-0.2849749260129694,-1.0377773354849125,-0.8842145073788096,1
-0.045414441928131905,-0.22047386921875134,-0.7942444955855542,-0.325925612714872,1
-1.2995172333293241,-1.4444013296226177,1.907067426985608,1.2401834943943548,1
-0.002721580944260923,-0.6441104397684305,-1.017229252118404,-0.9660416366523736,0
0.35963407665633895,0.8696736215378479,0.25294671598168617,-0.8106736696772519,1
0.5857283529500855,0.07575320642876876,-0.9030732334155799,-0.997115230047398,0
0.12873685350190636,0.060623328909137256,-1.2074892832897777,-0.7785642898357267,0
-0.7148029247710661,1.1284741580578588,-1.2352672478407982,0.3214409163481351,1
0.26748865169948527,-0.7500195824058503,0.01816583751621109,-0.8541767004302859,1
-0.5712481797128021,-0.04050795766945154,0.20005442731604428,0.16607294937301337,1
0.43630333950653855,0.04867868876205995,-0.5940909427932692,-0.7744211440497235,0
0.4206492904791195,-0.3932729966798047,-0.3711061862604194,-0.6428762653441203,0
0.024850891774487887,-0.8662807465040705,-0.6922651188776979,-0.6822361503111513,1
0.6604408596718584,0.6849298539297171,0.25370775610637153,0.179538173177524,1
-1.9484487202841532,-1.4037895531225546,1.4512043922989968,1.5063806111450633,1
0.020047944913802792,-0.1559728124245332,0.013219076705755008,-0.9877931520288905,1
0.05544744214626214,-0.1551765030813946,-0.2908164531060998,-0.78270743562173,0
0.5256025737311348,-0.556516412023196,-0.44378551816788403,-0.6874150825436552,0
-0.03652009588982558,0.5543351216550039,-1.198356801793552,0.7782227392549932,1
0.45622667463234484,0.03354881124242845,-1.00695521043515,-0.6604846349346342,0
1.6535835383091428,-1.3703445607107376,1.9961091215738112,1.8512974978298335,1
1.5925683244863613,-1.438827164220648,1.2929080463644143,1.4452692108015155,1
0.48842420729101377,0.6785593791846093,0.7384903155310313,0.44780686282123416,1
0.5960457943545205,-0.3056789689345703,-0.8079432178298931,-0.7588843473522113,0
0.3366866638775083,0.8163208955475689,-0.6747611960099316,-0.016225465211129445,1
-0.22205615424889572,-0.026174389492958656,-0.5781091001748738,-1.0437256201399345,1
-0.6929228335168323,-0.11536103592446986,0.794807284757758,0.052136440257924126,1
-2.110325818181329,1.6046671452546788,1.2453430385715707,1.3717283730999579,1
1.6731510995934171,-1.3504368271322753,1.8267776938312885,1.2588276504313693,1
0.22212748690412282,-0.16075066848336408,-0.4361751169210292,-0.749562269333704,0
-0.44370325752348905,0.7876537591945831,-0.7531483288525376,0.162965590033511,1
-2.841085288688577,-1.379103963485261,1.1300454596817184,1.393479888476475,1
0.08800074864646303,0.09645724935036946,-0.8600744663708496,-0.5859080107865757,0
0.07252458653980993,-0.17269530863044166,-1.2044451227910358,-0.8251746799282632,0
-0.9524598509146115,2.512459796432563,1.7228957168117185,1.9424467051219052,1
-0.7799095377714679,-1.4229009773578782,1.0965596941955567,1.1666426566927974,1
-0.18505567472954065,-0.5477570092486727,-0.24096832493919984,-1.024045677656419,1
0.033033690129730356,0.8226913702926767,0.24495579467248818,0.7595785832179786,1
-0.6838506005577599,-0.21489970381678183,0.5067535975642986,0.03556385711391113,1
0.27104639011480763,-0.28736385404238485,-0.5191284905117481,-0.3901443723979223,1
0.30342180969424254,-0.85592872504327,-1.3372466245486545,-0.13119776077271947,1
-0.2055126706176458,-0.562886886768304,-0.1709526334681345,-1.062369776176949,1
1.5623275479561198,-1.4444013296226177,1.5216006038324048,1.8585480029553394,1
0.019692171072270864,-0.1559728124245332,-0.9418862797745402,-0.7847790085147316,0
0.5903534128900046,-0.6066839006409213,-0.5362518933171716,-0.661520421381135,0
-0.07352057540917963,-0.38371728456214266,-1.2721776938880447,-0.11669675052170804,1
0.11806363825593837,0.0654011849679684,-1.2067282431650923,-0.8634987784487932,0
0.2231948084287196,0.6387439120276845,0.5543186053571421,0.2023254750005417,1
-2.135585760930119,1.5839631023330776,0.8735749376627069,1.1252111988327649,1
-0.08010239147752639,-0.5190898728956869,-0.4708024425942191,-0.8396756901792745,1
0.11824152517670433,-0.7603716038666507,-0.16866951309407793,-0.5890153701260782,1
-0.04416923348276914,-0.2164923225030588,-0.47536868334233223,-0.8583198462162893,0
0.066832205075294,-0.9021146669453028,-0.7843509739646428,-0.9422185483828549,1
-2.4232289118089456,1.8459488762256422,1.2769262037460187,1.315795904988914,1
0.4914482849440382,0.9110817073810495,0.7091902707306399,-0.6428762653441203,1
-0.007702414725712993,-0.9347633500139811,-0.4472101987289689,-1.0613339897304481,1
0.14545822405392222,0.11955022030138603,-1.0674579003476468,-0.997115230047398,0
0.19170882345311452,-0.37734680981703467,0.3880313381133613,0.034528070667410336,1
-0.004856223993454522,-0.09465699300286916,-1.1115982275794054,-0.6822361503111513,0
-2.1695621627964488,-1.4340493081618173,1.9401726724094268,1.008167330378173,1
-0.44192438831582737,-0.5382012971310107,0.13270237628137765,0.17332345449851908,1
-1.8956163048166141,-1.4085674091813853,1.003712798983926,1.7477188531797525,1
-0.507564662078528,1.1523634383520138,0.7129954713540672,-0.7505980557802048,1
0.4466207809109746,0.057438091536583344,-0.7946250156478969,-1.0861928644464678,0
-0.4815931716466739,1.3243662564699286,-1.1694372770555028,-0.9038944498623249,1
0.36835053577387833,-0.5151083261799944,-0.5796311804242448,-0.3000309515523517,1
0.09369313011097895,-0.802575999052991,-1.1024657460831795,-0.9235743923458403,1
0.34255693226279016,-0.046082123071421024,-0.11882138492717823,-0.6977729470086634,1
0.11397223907831815,-0.4314958451504525,-0.8288718212587444,-0.9815784333498858,0
0.6595514250680276,-0.42671798909162145,-0.46433360153439235,-0.7226318217246829,0
-0.3131342576811526,-0.4442367946406684,-1.3212647819302592,-0.5227250375500262,1
-1.2753246121051307,2.0920084632554374,1.7080554343803511,1.7311462700357398,1
0.524713139127304,-0.5477570092486727,-0.9163914355975761,-0.8272462528212648,0
1.5071826025186212,2.294271036412615,1.8800505025592729,1.5757783030606178,1
-1.2642956230176308,1.8268374519903188,1.1916897097812436,1.3085453998634085,1
1.6139147549782973,2.0354704998926043,1.4850706778475014,1.4400902785690113,1
-1.8237499888270987,-1.4189194306421857,1.416196546563464,1.0672071578287194,1
0.10258747614928528,-0.45299619741519176,-0.7242288041144889,-0.9836500062428873,0
0.2114542716581548,-0.4291069171210369,-1.3958467141494375,-1.0375109014609296,0
-0.6721100637871951,-0.1766768553461342,-1.1732424776789305,0.492345680020769,1
-0.45206394279949746,0.8903776644594489,0.18825830538341903,-0.9991868029403996,1
-0.0566213179363978,-0.48962642719956245,-1.0434851364200537,-0.9660416366523736,1
-0.2980138694160314,-0.8575213437295471,-0.6667702747007338,-1.0033299487264027,1
-0.6075371115490913,-0.5397939158172876,0.7883384436979312,0.47266573753725366,1
-2.728482867843619,2.009192291569034,1.976322078331988,1.460806007499028,1
-0.6639272654319537,-0.2953269474737698,0.6760850253068207,0.4457352899282326,1
-0.09540066666341351,-0.9116703790629647,-1.0119019712456057,-0.7226318217246829,1
-2.713006705736966,-1.4428087109363408,1.5961825360515836,1.4649491532850312,1
0.36408124967549216,-0.9650231050532438,-0.49058948583604206,-0.24824162922731124,1
0.20914174168819524,-0.6194248501311371,-0.27787877098644626,-0.6283752550931091,0
0.13051572270956702,-0.10580532380680813,-1.3402907850473964,-0.8790355751463055,0
0.1870837635131954,-0.3622169322974033,-0.2596138079939945,-0.10944624539620251,1
0.5547760287367793,-0.6520735331998154,-0.7558119692889368,-0.6014448074840879,0
-0.18149793631421832,-0.7906313589059135,-1.0164682119937187,-0.7889221543007348,1
-0.5623538336744958,1.2726061491659264,-1.2900621368181537,-0.7205602488316812,1
0.13709753877791378,-0.7739088627000051,-0.2927190534178134,-0.7806358627287283,1
-0.36063006552570764,-0.5843872390330435,-1.4144921972042324,-0.7319538997431903,1
-2.209408833048061,2.197917605892857,1.7008255531958392,1.9600550747124192,1
1.4851246243436214,2.349216381089171,1.139558461240287,1.686607452836205,1
1.6322371078172078,2.030692643833773,1.4816459972864164,1.3323684881329272,1
-0.4721651648460697,-0.1288982947578244,-0.8688264278047327,0.2955462551856148,1
-3.0205731917415988,2.342845906344063,1.4405498305534,1.0578850798102122,1
0.5021215001900062,-0.9650231050532438,-1.2683724932646172,-0.370464429914407,1
-0.43623200685131147,-0.5429791531898416,0.5832381300951904,0.13292778308498737,1
-0.03225080979143838,0.792431615253414,0.8659645364158519,0.7906521766130026,1
1.7096179183504732,-1.3854744382303692,1.6669592676473346,1.4991301060195577,1
0.0812410456573503,-0.4713113123073772,-0.374530866821504,-0.6294110415396098,0
1.614804189582127,-1.336899568298921,1.0969402142578992,1.4742712313035384,1
0.4622748299383937,-0.9618378676806899,0.017024277329182803,-0.8355325443932714,1
0.0195142841515049,-0.5334234410721798,-1.2641867725788472,-0.6086953126095936,0
0.4483996501186353,-0.6257953248762451,0.081332167865107,-0.4667925694389824,1
-1.136572813907552,-1.4300677614461248,1.0543219672755118,1.2919728167193953,1
-0.4056354564795382,1.0249539434498542,0.32752864820086436,-0.7298823268501885,1
1.7245604196948274,1.434256945823041,2.0044805629453517,1.715609473338227,1
-0.42804920849607,-0.6592403172880619,0.627758977389292,-0.9349680432573492,1
-2.915619908489584,-1.3289364748675359,1.8317244546417442,1.1759647347113047,1
-0.012327474665632122,0.792431615253414,-1.1960736814194954,0.9232328417651066,1
-1.5599436853309332,1.8793938686374592,1.4473991916755695,1.0092031168246738,1
1.5221251038629755,-1.3775113447989842,0.9607140319391957,1.4059093258344848,1
0.010086277350899665,-0.6027023539252288,-0.996300648689553,-0.507188240852514,1
0.38169205483133783,-0.039711648326312916,0.031864559760549964,-0.8852502938253102,1
0.24667588196984822,-0.4330884638367294,-1.413350637017204,-0.8065305238912486,0
-0.5477671061716735,-0.4330884638367294,-0.37491138688384695,0.7336839220554583,1
1.578515257745838,1.3474592274209447,1.037198564470088,1.0278472728616888,1
-0.029760392900712848,-0.6281842529056606,-0.728414524800259,-1.0188667454239149,0
0.2456085604452514,-0.7436491076607423,-1.0727851812204452,-0.9463616941688582,1
-0.48479513622046433,-0.3638095509836803,0.4413041468413456,-0.6542699162556294,1
0.1758768875049295,-0.5397939158172876,-1.0320695345497712,-0.6729140722926439,0
1.3808828887746711,-1.4093637185245238,1.1741857869134769,1.5043090382520619,1
-0.4301838515452636,0.9031186139496649,-1.0233175731158881,0.14950036622900037,1
0.1653815591797285,-0.6632218640037544,-1.1857996397362411,-0.6397689060046179,0
0.2806522838361778,0.6682073577238089,0.10682701204207112,0.16400137648001178,1
0.022894135646061263,0.5304458413608493,0.3366611296970901,-0.6221605364141042,1
0.6549263651281084,-1.0542097514847553,-1.3806259116557278,-0.9608627044198694,1
1.663723092792812,-1.33212171224009,1.5996072166126685,1.1873583856228136,1
-0.7128461686426385,1.2463279408423562,-0.8939407519193542,0.40637540496120167,1
1.5915010029617656,1.845152566882504,1.5900942150540998,1.6109950422416455,1
1.6521604429430141,-1.313010288004766,0.8800437787225331,1.1987520365343225,1
-0.736505129104533,-0.30966051565026265,-0.4985804071452398,0.3545860826361611,1
1.4011619977420093,-1.3313254028969514,1.0699232898315643,1.5612772928096066,1
-0.17651710253276726,-0.10580532380680813,-1.0701215407840459,-0.8852502938253102,1
0.3516291652218625,0.1275133137327708,-1.3208842618679164,-1.0033299487264027,0
-0.1763392156120013,-0.5190898728956869,-1.1138813479534617,-0.6843077232041528,1
0.2936380290521054,-0.20375137301284288,-0.17932407483967489,-1.039582474353931,1
0.033033690129730356,-0.16712114322847219,-1.3399102649850538,-0.5931585159120814,0
-1.0645286109972705,-1.393437531661754,1.0957986540708708,1.360334722188449,1
0.6051180273135929,-0.11137948920877762,-1.2896816167558112,-0.8344967579467706,0
-0.667662890768042,-0.5589053400526116,0.12509197503452313,-0.969148995991876,1
-0.5828108295625999,0.9063038513222187,0.8469385332987145,-0.8531409139837851,1
0.6237961539940363,-1.0096164282689994,-0.42704263542480325,-0.11462517762870647,1
0.6065411226797226,-0.9260039472394576,-0.2687462894902205,-0.8521051275372844,1
0.6583062166226649,-0.194195660895181,-0.4274231554871459,-0.7423117642081983,0
-0.5047184713462706,0.023993099124766715,-1.000866889437666,0.6601430843539006,1
-1.0760912608470692,-1.3735297980832917,1.54443180757297,1.7425399209472487,1
-2.9140189262026888,-1.3265475468381205,1.1734247467887915,1.2867938844868916,1
-2.4607630520905985,2.309400913932246,1.8370517355145426,1.7570409311982602,1
0.17605477442569548,-1.0613765355730018,-0.16105911184722288,-0.5817648650005726,1
1.6811560110278927,-1.4563459697696952,1.5276889248298893,1.9041226066013748,1
-0.5189494250075609,0.11238343621313958,0.546327684047944,0.9398054249091196,1
0.21430046239041328,-0.6074802099840597,-0.4236179548637184,-0.9070018092018273,0
0.3679947619323464,-0.31443837170909367,-0.323541178467576,-0.847961981751281,0
1.7131756567657956,2.227381051588982,1.676852789268246,1.6223886931531544,1
0.39058640086964413,-0.5206824915819638,-0.5899052221074991,-0.766134852477717,0
0.26980118166944483,-0.22286279724816677,-0.997822728938924,-0.7423117642081983,0
-0.6874083389730823,0.5845948766942669,-0.6759027561969598,0.38980282181718867,1
-0.3182929783833696,-0.35266122017974144,-0.4080166323076659,-0.4730072881179873,1
0.23742576209000996,-0.11934258264016238,-0.8452341839394825,-0.9173596736668354,0
0.4741932536297244,-0.3924766873366662,-0.9548239618941935,-0.8106736696772519,0
-1.2650071707006958,-1.4539570417402796,1.937128511910685,1.815044972202305,1
-0.41862120169546474,-0.1440281722774559,-1.0328305746744568,0.5638149448293251,1
0.06505333586763334,-0.22047386921875134,-1.0575643787267353,-1.0157593860844125,0
0.49055885034020735,-0.12332412935585492,-0.7991912563960101,-0.6708424993996422,0
0.62041630249948,-0.9666157237395208,-1.1477476335019663,-0.6967371605621626,1
-0.5547046960815522,0.10362403343861619,-0.9274265174055157,0.8175826242220239,1
0.20754075940130057,-0.30647527827770876,-0.72993660504963,-0.8883576531648127,0
0.018624849547674065,0.6634295016649778,0.4812587533873345,0.9408412113556206,1
0.3176527633555329,-0.40362501814060503,-0.7040612408103232,-0.8396756901792745,0
-1.7493932559468577,1.8626713724315507,1.2301222360778608,1.815044972202305,1
-0.040789381988212775,-0.6544624612292309,-0.4160075536168636,-0.9774352875638824,0
-0.20177704528155652,-0.04448950438514407,-1.212816564162576,-0.881107148039307,1
0.43950530408032895,-0.31204944367967824,-0.2794008512358172,-0.8344967579467706,0
0.15008328399384135,-1.0287278525043235,-1.0682189404723323,-1.0167951725309134,1
-0.4604246280755049,0.6244103438511917,-1.2706556136386737,0.4374489983562261,1
-0.4088374210533286,-0.0452858137282824,0.7544721581494267,-0.7609559202452129,1
1.5153654008738628,-1.3392884963283362,1.4957252395930984,1.9186236168523862,1
0.2987967497543234,-0.6624255546606158,-1.1443229529408818,-0.8552124868767867,0
-0.4922663868926419,-0.5270529663270718,0.564592647040396,0.48820253423476584,1
0.14101105103476907,-0.640128893052738,-0.6192052669078905,-0.9701847824383767,0
-0.4445926921273199,0.9954904977537302,0.23049603230346397,-0.7402401913151967,1
1.5377791528903946,-1.3424737337008903,1.001049158547527,1.145926927762781,1
0.36603800580391876,-0.31045682499340116,0.12927769572029332,0.4540215815002391,1
-0.043279798878938305,-0.33275348660127907,-1.1732424776789305,-0.678093004525148,0
1.4787206951960405,1.5887409583919088,1.3990731437580404,1.2971517489518996,1
1.5980828190301113,2.4997188469423466,1.5794396533085029,1.36137050863495,1
0.3334846993037179,-0.26904873915019945,0.021971038139638344,-0.11255360473570489,1
0.49856376177468287,-0.3948656153660816,-1.2135776042872617,-1.0230098912099184,0
0.6285991008547214,-0.049267360443974936,-1.2828322556336418,-0.9929720842613946,0
0.6508349659504873,-0.5087378514348864,-1.226515286406915,-0.42225375223944756,1
-0.7445100405390095,0.5766317832628819,0.5356731223023471,-0.7122739572596748,1
-2.4484888545577355,-1.4021969344362772,1.1616286248561662,1.084815527419233,1
0.2276419814478728,-0.6210174688174142,-0.3821412680683591,-0.7713137847102209,0
-0.6644609261942526,-0.2746229045521689,0.42950802490872086,0.7626859425574808,1
-1.864663980603308,1.4677019382348573,1.154398743671654,1.08067238163323,1
-0.027803636772285215,-0.18304733009124202,-0.24895924624839755,-0.4792220067969922,1
-3.1915225225978463,2.411328509853974,1.8686349006889904,1.9372677728894008,1
-0.04523655500736594,-0.6457030584547075,0.016643757266839865,-1.0747992135349587,1
0.5741657031002867,-0.3383276520032486,-0.6941677191894119,-0.8935365853973168,0
0.10294324999081822,-0.21967755987561285,-0.4890674055866711,-0.30520988378485586,1
-0.502761715217843,0.9445266997928665,-0.7143352824935773,0.02106284686289971,1
0.5014099525069413,-0.4362737012092833,-0.7150963226182628,-0.7578485609057105,0
-1.4875437085791199,1.9343392133140151,1.8256361336442601,1.11899648015376,1
-0.43623200685131147,0.7096154435670107,0.2624597175402548,-0.7640632795847153,1
0.22106016537952602,-0.08510128088520715,-1.3604583483515622,-0.6584130620416325,0
-0.6203449698442528,0.5909653514393748,0.19434662638090286,-1.0530476981584418,1
0.2381373097730738,0.09406832132095418,-0.41144131286875074,-0.9339322568108483,0
-0.5249975803136088,0.8234876796358154,-1.2870179763194118,0.16503716292651258,1
-0.5824550557210679,-0.24117791214035217,-0.8041380172064656,0.08838896588545249,1
0.0008361574710614064,-0.28338230732669234,-0.3155502571583783,-0.6957013741156618,0
0.09458256471480979,-0.21171446644422778,-0.6941677191894119,-0.9587911315268679,0
1.392089764782937,1.7671142512549316,0.9127685040840093,1.0993165376702445,1
0.30306603585271064,-0.09067544628717662,-0.28815281266970055,-0.9442901212758564,0
-0.7164039070579608,-0.10739794249308508,0.5219744000580082,-0.6035163803770895,1
0.47010185445210323,-0.029359626865512568,-0.7622808103487636,-1.0592624168374467,0
0.043351131534165414,-0.4506072693857762,0.22859343199175033,0.6611788708004012,1
-0.7341925991345735,1.1197147552833353,-0.9601512427669919,0.02209863330940068,1
0.35714365976561246,-0.16951007125788775,-0.7474405279173965,-0.8044589509982469,0
-0.7688805486839689,-1.3568073018773834,0.8678671367275655,1.8316175553463185,1
0.010975711954730499,-0.5764241456016583,-0.5666934983045915,-1.0716918541954563,0
0.04050494080190695,-0.717370899337172,-1.4118285567678328,-0.7972084458727412,1
-0.6603695270166313,-0.06917509402243731,0.3054584845849851,-0.9235743923458403,1
-2.521066718230315,1.909653623676722,1.0406232450311723,1.3841578104579677,1
0.6428300545160117,0.07575320642876876,-1.21471916447429,-0.7619917066917137,0
-0.7037739356835662,-0.15915804979708711,0.11748157378766809,-0.766134852477717,1
0.15310736164686578,-0.20136244498342742,-1.1838970394245274,-0.9743279282243801,0
1.529952128376685,-1.399808006406862,0.969465993373079,1.6337823440646633,1
1.6477132699238608,-1.4436050202794792,1.3282964121622893,1.4255892683180003,1
-2.6226401499877734,-1.4045858624656928,1.2373521172623727,1.6275676253856586,1
-0.010904379299503391,-0.646499367797846,-1.2896816167558112,-0.8396756901792745,0
-0.5249975803136088,1.1189184459401968,-1.4141116771418893,-0.6553057027021302,1
0.33686455079827426,-0.7898350495627751,0.002183994897815643,-0.6687709265066407,1
-0.6160756837458656,0.5471683375667575,0.38460665755227647,-0.832425185053769,1
-0.380197626809982,-0.7086114965626485,-1.0537591781033078,-1.0375109014609296,1
-0.45544379429405385,0.6180398691060836,0.7400123957804025,-0.716417103045678,1
-0.20835886134990328,-0.6178322314448602,-0.09865382162301257,-0.6604846349346342,1
1.5751354062512815,-1.375918726112707,1.920766149229947,1.0879228867587356,1
0.44057262560492577,-0.49121904588583953,-0.9030732334155799,-0.6190531770746017,0
1.7307864619216422,1.9924697953631256,1.284156084930531,1.2650423691103745,1
0.32850386552226685,-0.3128457530228167,-0.33039053958974546,-0.07422950621517495,1
0.5099485247037158,-0.5413865345035647,0.1429764179646322,0.9118391908535978,1
0.038370297752714354,-0.4848485711407316,-0.582675340922987,-0.8168883883562567,0
-2.8206282928004724,-1.4149378839264932,1.0771531710160764,1.3033664676309047,1
0.6245077016771012,-0.14482448162059425,-1.413350637017204,-1.0830855051069652,0
0.5798580845648036,-0.4808670244250391,-1.0963774250856957,-0.9960794436008971,0
0.18423757278093794,-0.37495788178761924,-0.48754532533730016,-0.6169816041816001,0
0.04424056613799625,-0.36938371638564976,0.06649188543373984,-0.5268681833360295,1
0.1801461736033167,-0.25073362425801404,-0.6572572731421652,-1.0199025318704158,0
0.22853141605170363,-0.3056789689345703,-0.7717938119073323,-0.8759282158068029,0
-1.2233816312414214,-1.451568113710864,1.8796699824969303,1.2360403486083515,1
-0.3946064673920383,-0.1408429349049017,-0.25238392680948213,-1.0520119117119409,1
0.15648721314142217,-0.38610621259155825,-0.17323575384219078,-0.5672638547495611,1
-0.4339194768813519,0.6180398691060836,0.20119598750307258,-0.864534564895294,1
0.29488323749746814,-0.3128457530228167,-1.2417360889006248,-0.48750829836899867,1
-0.651297294057559,0.005677984232581304,0.4569054693973986,-1.008508880958907,1
-0.043279798878938305,-0.30966051565026265,-0.7249898442391742,-0.7019160927946666,0
-0.666951343084978,0.7231527024003649,-0.3372399007119149,0.15675087135450608,1
0.550506742638392,-0.9275965659257347,-0.5297830522573451,-0.4440052676159646,1
0.40232693764020894,-0.04130426701258987,-0.39812311068675454,-0.9909005113683931,0
-0.4961798991494962,0.6164472504198066,-0.29500217379187,0.22614856327006044,1
-0.5979312178277211,0.9954904977537302,0.6311836579503768,-0.8531409139837851,1
1.4938410834611617,-1.33212171224009,1.977463638519016,1.8274744095603153,1
0.6166806771633917,-0.9658194143963823,-0.6701949552618187,-0.265849998817825,1
-0.7021729533966715,-0.004674037228219331,0.2156557498720968,0.7336839220554583,1
-1.6664979508698432,2.483792660079577,1.4200017471868918,1.9030868201548743,1
0.4875347726871839,-0.10739794249308508,-0.5126596494519213,-0.6397689060046179,0
-1.0568794734043279,-1.3114176693184891,0.9413075087597155,1.8316175553463185,1
-0.5917051756009062,1.274198767852203,-0.33267365996380205,-0.997115230047398,1
-2.9545771441373656,-1.3775113447989842,0.9036360225877836,1.684535879943203,1
1.5810056746365635,2.3675314959813565,1.3633042578978223,1.7093947546592227,1
0.01061993811319857,-0.6480919864841229,-1.3752986307829294,-0.6749856451856455,0
-0.49493469070413343,1.2789766239110343,0.24914151535825838,-0.8676419242347966,1
0.10739042300997138,-0.5238677289545178,0.7461007167778863,0.22511277682355965,1
-0.1493004036555494,-0.3884951406209737,-1.1093151072053489,-0.7982442323192421,1
-0.6614368485412281,-0.5589053400526116,-1.2440192092746813,0.02106284686289971,1
0.2630414786803321,-0.5366086784447336,-0.7782626529671588,-1.035439328567928,0
0.5682954347150048,-0.5445717718761187,-0.6485053117082821,-0.9411827619363541,0
-0.17882963250272682,-0.24197422148349065,-0.2790203311734745,-0.2772436497293339,1
0.24685376889061417,-0.8957441922001947,-0.4917310460230704,-1.0147235996379116,1
-1.4677982603740796,-1.4117526465539394,1.1951143903423278,1.8585480029553394,1
-0.7219184016017107,1.2511057969011867,0.447011947776487,-0.8127452425702535,1
-3.218383447633531,1.5887409583919088,1.8640686599408773,1.7435757073937492,1
-0.6326191673771155,0.9102853980379113,-0.5819143007983013,-1.0551192710514432,1
-0.1918153777186534,0.07575320642876876,-0.36387630507590735,-0.3828938672724167,1
0.5620693924881909,-0.3733652631013423,-0.6180637067208624,-0.8769640022533038,0
-0.6164314575873976,-0.3948656153660816,0.8088865270644398,0.32765563502714,1
-0.353514588695063,-0.8192984952588993,-0.6275767082794311,-1.0385466879074303,1
-0.18612299625413745,-0.6019060445820902,-0.5876221017334425,-0.766134852477717,1
1.5899000206748697,-1.330529093553813,1.5212200837700625,1.2557202910918672,1
0.6262865708847618,0.03275250189929011,-0.42475951505074666,-1.0447614065864352,0
1.668526039653498,-1.4197157399853244,0.8796632586601908,1.5074163975915644,1
0.5334295982448443,-0.7420564889744653,-1.2858764161323837,-0.6428762653441203,1
0.380624733306741,0.03275250189929011,-0.9787967258217867,-1.01265202674491,0
0.23262281522932385,-0.10341639577739255,-0.016842008219321716,-0.4481484134019678,1
-0.03420756591986601,-0.3152346810522322,-0.7257508843638598,-0.9536121992943637,0
0.4078414321839589,0.6395402213708229,-0.5168453701376915,0.542063429452808,1
1.5363560575242659,-1.3209733814361508,1.310031449169838,0.9998810388061665,1
-0.6699754207380025,1.2439390128129406,-0.8829056701114142,-0.7619917066917137,1
0.6312674046662139,-0.8177058765726224,-1.276363414573815,-0.2917446599803453,1
0.3361530031152094,-0.7850571935039441,-1.0042915699987507,-0.5786575056610701,1
0.06985628272831844,-0.40840287419943605,0.0448022418802035,-0.5662280683030603,1
1.402407206187372,1.9884882486474333,1.6738086287695038,1.2671139420033761,1
-0.023534350673898013,-0.036526410953759005,-0.9578681223929356,-0.7454191235477007,0
0.13265036575876063,-0.20932553841481236,-0.14850194978991227,-0.4098243148814378,1
0.4197598558752897,-0.2706413578364764,0.5086561978760122,0.6974313964279297,1
0.2600174010273077,-0.5366086784447336,-1.177047678302358,-0.6190531770746017,0
0.1296262881057372,-0.413180730258267,-1.0179902922430897,-0.9339322568108483,0
-0.17865174558196087,-0.6751665041508317,-0.5107570491402077,-0.8272462528212648,1
1.5445388558795072,2.349216381089171,1.0809583716395037,1.6876432392827057,1
0.3961008954133941,0.803579946057353,0.14906473896211603,-1.0468329794794369,1
0.09387101703174491,-0.5397939158172876,-1.1024657460831795,-0.5537986309450506,1
-0.46558334877772295,0.6650221203512547,0.4340742656568335,-0.8707492835742989,1
-0.6304845243279219,-0.3821246658758657,0.12090625434875293,-0.590051156572579,1
0.10899140529686607,-0.31841991842478623,-0.2607553681810228,-0.8355325443932714,1
0.3258355617107743,1.1977530709109074,0.5973173724018722,-0.8925007989508159,1
0.3375760984813391,-0.7468343450332963,0.03947496100740502,-0.8914650125043151,1
0.5202659661081508,-1.0573949888573093,-1.4152532373289177,-0.2834583684083388,1
0.5930217167014961,-0.05643414453222138,0.1734180229520519,0.3753018115661774,1
0.56669445242811,-0.2786044512678615,-0.7577145696006504,-0.9256459652388419,0
1.3833733056653965,-1.4396234735637867,1.4386472302416862,1.4349113463365075,1
0.0791064026081567,-0.3136420623659552,0.6699967043093369,0.7430060000739656,1
0.15132849243920413,-0.2539188616305681,0.2354427931139195,0.002418690825885132,1
-0.6528982763444537,1.0958254749891807,0.21070898906164126,-0.9163238872203345,1
0.4505342931678289,-0.7006484031312636,-0.5712597390527043,-0.6169816041816001,1
-0.039722060463615975,-0.0333411735812051,-0.1762799143409327,-0.7516338422267056,1
-1.5549628515494822,1.8985052928727832,1.5558474094432524,1.0899944596517372,1
0.4434188163371842,-0.23241850936582878,-0.562888297681164,-1.0167951725309134,0
-0.07120804543922006,-0.7348897048862189,-0.4688998422825055,-0.6729140722926439,1
0.4387937563972651,-0.13925031621862477,0.03719184063334845,-0.5879795836795774,1
-1.0246819407456589,1.9375244506865696,1.9264739501650878,1.1272827717257663,1
-1.8641303198410102,-1.336899568298921,1.8397153759509415,0.9895231743411586,1
0.19526656186843785,-0.3677910976993728,0.06801396568311106,-0.4191463928999451,1
-0.4107941771817552,0.08929046526212302,0.4047742208564421,0.36390816065466836,1
0.06274080589767277,-0.44503310398380685,-0.8014743767700666,-0.809637883230751,0
-0.03883262585978514,-0.34867967346404893,-0.07924729844353227,-0.1270546149867163,1
1.3855079487145903,-1.3663630139950451,1.114444137125666,1.1272827717257663,1
0.4247406896567407,0.6100767756746988,0.8244878496204923,0.26447266179059054,1
0.16164593384363918,1.005046209871392,0.5775303291600495,-0.8075663103377494,1
0.15239581396380092,1.0480469144008708,0.20081546744072964,0.46645101885824874,1
-0.05217414491724463,-0.2164923225030588,-0.3414256213976851,-1.0561550574979441,1
0.5010541786654094,0.6578553362630083,-0.48031544415278776,0.2271843497165612,1
-2.0445076574978622,2.4081432724814196,1.463381034293965,1.5270963400750794,1
0.604228592709763,0.6228177251649147,0.23696487336329072,0.6984671828744303,1
0.4809529566188372,1.1045848777637042,-0.2847281321086157,0.1691803087125159,1
0.32850386552226685,-0.2515299336011525,-0.5411986541276274,-0.678093004525148,0
-0.5589739821799394,-0.6496846051703998,0.7879579236355888,-0.6791287909716488,1
-0.8512421929986854,-1.395030150348031,1.8572192988187082,1.0319904186476918,1
-0.6792255406178408,-0.2969195661600467,0.5908485313420455,0.48095202910926016,1
-0.03989994738438194,0.876044096282956,-0.5811532606736157,0.3856596760311855,1
0.6558157997319393,0.8011910180279374,0.1524894195232009,-0.8997513040763215,1
0.2199928438549292,-0.194195660895181,-0.34408926183408434,-0.33214033139387694,1
0.6211278501825448,-0.9610415583375513,-0.3505581028939111,-0.644947838237122,1
1.6546508598337395,2.459903379785422,1.5227421640194332,0.9915947472341602,1
-0.24180160245393498,-0.6034986632683673,-1.2375503682148545,-0.4709357152249857,1
0.16911718451581678,-0.5334234410721798,-0.14393570904179942,-0.8531409139837851,1
-0.17651710253276726,-0.7133893526214795,-1.3912804734013247,-0.815852601909756,1
-2.9864189029545023,-1.4412160922500636,1.001049158547527,1.081708168079731,1
0.1178857513351724,0.0916793932915386,0.026917798950094426,-1.0157593860844125,1
-0.07690042690373598,-0.726926611454834,-1.097138465210381,-0.7671706389242178,1
0.03570199394122185,-0.6910926910136017,0.09160620954836102,-0.7557769880127089,1
0.3005756189619841,-0.45379250675833027,-0.8361017024432564,-0.3787507214864135,1
0.1333619134418255,-0.19260304220890404,-0.7801652532788727,-0.5579417767310538,1
0.5798580845648036,1.1340483234598282,0.41390670235266785,0.6477136469958907,1
1.5598371310653945,-1.33212171224009,1.7575230424849082,1.6431044220831705,1
0.6291327616170204,-0.8710586025629015,-0.6759027561969598,-0.255492134352817,1
0.059183067482350436,-0.1918067328657654,-1.2002594021052655,-1.0312961827819247,0
0.26090683563113853,-0.7571863664940968,-1.4080233561444055,-0.6242321093071058,1
-0.5301563010158268,0.8696736215378479,0.26930907866242404,-0.7619917066917137,1
-0.497425107594859,-0.3399202706895255,-1.1637294761203618,0.22511277682355965,1
0.5919543951768993,-0.2029550636697044,-0.06022129532639492,-0.06905057398267081,1
0.6503013051881893,1.3211810190973745,0.48201979351201985,-0.6035163803770895,1
0.20647343787670375,-0.7332970861999419,-0.7470600078550534,-0.09183787580568872,1
-0.011793813903334227,-1.0605802262298631,-0.6762832762593025,-0.2834583684083388,1
-2.008574499503105,-1.3241586188087051,1.432939429306545,1.3106169727564099,1
0.47721733128274785,-0.34230919871894094,-1.1888438002349833,-0.9670774230988743,0
1.4262440535700336,1.7957813876079174,1.9051648266738945,1.9372677728894008,1
1.391200330179106,-1.3767150354558457,1.6319514219118019,1.5685277979351122,1
-0.32612000289707915,-1.0295241618474618,-1.3802453915933848,-0.7454191235477007,1
-0.3072639892958697,-0.3948656153660816,0.002564514960158585,-0.7878863678542339,1
0.20860808092589736,-0.3271793211993096,-0.39545947025035527,-1.0157593860844125,0
1.593635646010958,1.7392434242450843,1.5794396533085029,1.0868871003122347,1
0.5111937331490785,0.549557265596173,0.7982319653188428,-1.0634055626234498,1
0.2648203478879928,-0.061212000591052244,-0.07315897744604845,-1.0675487084094533,1
1.5068268286770883,1.9311539759414613,1.3073678087334384,1.4525197159270213,1
-0.2731097005087741,0.10442034278175452,-1.3718739502218444,-0.4605778507599776,1
-0.49440102994183555,-0.04050795766945154,0.3233429275150942,-0.7878863678542339,1
1.541159004384951,-1.4244935960441554,1.050136246589741,1.0609924391497143,1
-2.478373857246445,1.8961163648433677,1.486973278159215,1.0309546322011909,1
0.5686512085565377,0.1068092708111701,-1.1458450331902528,-0.8220673205887608,0
0.5336074851656103,0.07017904102679927,-0.9152498754105478,-0.9960794436008971,0
1.6854252971262798,-1.3249549281518433,0.8671060966028802,1.0268114864151878,1
-0.22508023190191914,0.11079081752686262,-1.315556980995118,-0.7309181132966894,1
-0.544565141597883,0.7343010332043038,-0.9373200390264271,-1.0478687659259376,1
0.21234370626198565,-0.6457030584547075,-1.265708852828218,-0.8365683308397721,0
0.21732454004343774,-0.17588054600299557,-0.9274265174055157,-0.6190531770746017,0
0.23422379751621955,1.126881539371582,0.5763887689730213,0.9553422216066316,1
0.5474826649853677,0.023993099124766715,-1.0750683015945017,-0.7236676081711837,0
-0.6477395556422367,0.9166558727830191,-0.7706522517203039,0.1712518816055175,1
-1.8096969220865753,-1.3440663523871674,0.919617865206179,1.91033732528038,1
-0.4289386430999008,0.7120043715964259,-1.205586682978064,0.12360570506648007,1
0.015778658815415594,-0.29851218484632386,-0.8783394293633013,-0.6542699162556294,0
-0.18309891860111402,-0.23082589067955167,-1.2348867277784554,-0.799280018765743,1
1.412724647591808,2.178806181657533,1.604173457360781,1.2764360200218834,1
1.3931570863075338,-1.3289364748675359,1.5782980931214745,1.783971378807281,1
0.4797077481734744,-0.47688547770934653,-0.21090724001412284,-0.23477640542280062,1
0.11966462054283407,-0.01582236803215802,-1.0773514219685583,-0.9909005113683931,0
-0.01695253460555125,-0.004674037228219331,-0.9114446747871203,-0.6739498587391447,0
0.09049116553718856,-0.14562079096373287,-0.315930777220721,-0.7122739572596748,0
0.15399679625069662,-0.25073362425801404,-0.5925688625438983,-0.6812003638646504,0
-1.1257217117408178,-1.309825050632212,0.8819463790342473,1.9010152472618729,1
0.5090590900998849,1.0265465621361316,-1.2379308882771975,0.11739098638747533,1
0.4371927741103694,-0.41875489566023655,0.7015798694837848,0.7388628542879621,1
-0.4236020354769168,0.7478382920376584,-1.0708825809087315,-0.018297038104131025,1
1.6350832985494663,-1.4101600278676625,1.9512077542173667,1.6596770052271834,1
0.3717303872684347,-0.35664276689543384,-0.6568767530798225,-0.815852601909756,0
0.284921569934565,-0.16712114322847219,-1.4065012758950344,-1.0830855051069652,0
-1.913049223051695,-1.4587348977991106,1.1688585060406784,1.8181523315418076,1
-0.5296226402535279,-0.32638301185617113,0.49115227500824554,0.72332605759045,1
-0.6584127708882037,0.959656577312498,-1.0556617784150217,0.03659964356041192,1
-0.46522757493619,1.0671583386361947,0.26892855860008164,-0.6480551975766244,1
-0.4742998078952633,-0.44901465069949925,-0.8737731886151885,0.02727756554190463,1
0.2703348424317428,0.9493045558516974,0.63574989869849,-0.5962658752515838,1
-3.063088165804703,-1.3751224167695686,1.5782980931214745,1.998379173232949,1
0.5307612944333518,-0.9268002565825961,-0.8756757889269021,-0.9463616941688582,1
-2.848378652439988,-1.3544183738479678,1.4827875574734448,1.3903725291369728,1
0.41282226596541,-0.48962642719956245,-0.2333579236923448,-1.0903360102324708,1
-1.7906630215646,2.2974562737851687,0.9454932294454856,1.184251026283311,1
-2.5415237141184197,-1.3337143309263668,1.001049158547527,1.2028951823203256,1
-1.694070423588593,-1.3703445607107376,1.0257829625998058,1.5488478554515968,1
0.5289824252256912,0.6777630698414706,0.24990255548294427,-1.0312961827819247,1
-0.07405423617147852,-0.1472134096500098,-1.0842007830907276,-0.3062456702313566,1
-0.7057306918119938,-0.6082765193271982,-0.8246861005729742,0.8486562176170483,1
0.4749048013127883,-0.810539092484376,-1.4053597157080062,-0.20473859847427717,1
0.6579504427811329,-0.2579004083462605,-0.3368593806495722,-0.6894866554366569,0
0.43754854795190234,-0.30249373156201625,-0.8943212719816969,-0.832425185053769,0
-0.0016542594196641228,-0.6377399650233225,-1.276363414573815,-0.7744211440497235,0
-0.9453443740839658,2.4670701638736685,1.3374288936585157,1.613066615134647,1
0.31391713801944354,-0.7985944523372984,-0.00047964553858386843,-0.8883576531648127,1
0.046908869949487744,0.8832108803712024,0.5155055589981814,-0.7941010865332389,1
0.13691965185714783,-0.40760656485629754,-1.1603047955592771,-0.6563414891486309,0
0.22123805230029198,0.009659530948273551,-1.1397567121927685,-0.48025779324349294,1
0.43932741715956297,-0.4091991835425745,-1.2809296553219278,-0.8572840597697883,0
0.5869735613954482,-0.2865675446992464,-1.4068817959573772,-0.6086953126095936,0
0.44804387627710335,-0.5477570092486727,-0.8003328165830383,-0.6107668855025952,0
1.5596592441446284,1.4159418309308551,1.3157392501049787,1.327189555900423,1
0.40392791992710364,-0.10182377709111559,-0.31098401641026546,-0.6086953126095936,0
-0.2506959484922413,-0.38610621259155825,-1.4095454363937765,-0.6190531770746017,1
0.5441028134908114,-0.0540452165028058,-0.6956897994387828,-0.7039876656876682,0
0.3802689594652091,0.09406832132095418,-1.1466060733149381,-0.6646277807206374,0
-0.5934840448085679,-0.2348074373952442,-0.9015511531662089,0.9304833468906123,1
0.13709753877791378,0.10601296146803148,-0.5294025321950021,-0.7392044048686959,0
0.0045717828071497,0.868081002851571,-1.1351904714446557,0.34215664527815143,1
-1.0472735796829566,-1.352825755161691,1.7122411550661214,1.7259673378032354,1
0.41566845669766844,-0.07076771270871425,-0.06516805613685046,-0.5672638547495611,1
-0.5815656211172371,1.189789977479523,-0.8090847780169214,0.0790668878669452,1
-0.19092594311482355,-0.09624961168914611,-0.22232284188440515,-0.9650058502058728,1
0.3736871433968623,-0.9690046517689364,-0.3939373900009843,-0.6843077232041528,1
-0.46931897411381124,-0.3072715876208472,0.33970529019583257,0.01899127396989813,1
0.27727243234162147,-0.5119230888074404,-1.125677469886087,-0.8914650125043151,0
0.08301991486501197,-0.4291069171210369,-0.7497236482914528,-0.7319538997431903,0
-0.5161032342753025,0.8282655356946462,0.4789756330132779,-0.5962658752515838,1
0.36603800580391876,-0.46334821887599215,-0.31440869697135004,-0.661520421381135,0
-1.5871603842081512,1.5967040518232938,1.8857583034944143,1.4960227466800555,1
0.11272703063295438,-0.6584440079449234,-0.6096922653493217,-0.8603914191092908,0
0.11557322136521284,1.156344985067706,-0.36463734520059266,0.3027967603111205,1
-0.03723164357288944,-0.04687843241455936,-1.2858764161323837,-0.9463616941688582,0
0.651902287475084,-0.9220224005237652,-0.30375413522575306,-0.5869437972330765,1
-0.0496837280265191,0.027974645840458962,-0.5191284905117481,-0.31971089403586717,1
0.41086550983698333,-0.70781518721951,-1.395085674024752,-0.2368479783158022,1
-0.29392247023841017,0.09725355869350809,-0.1245291858623191,-0.799280018765743,1
1.647001722240796,2.339660668971509,1.9744194780202742,1.3841578104579677,1
-0.47732388554828675,-0.16791745257161053,0.43445478571917645,0.8569425091890546,1
-0.27720109968639434,-0.6377399650233225,-0.9502577211460806,-0.5828006514470733,1
1.5480965942948297,1.8873569620688442,1.5661214511265065,1.6368897034041658,1
0.20327147330291337,0.961249195998775,-0.39545947025035527,0.6756798810514126,1
0.08746708788416513,-0.4561814347877457,-0.9806993261335003,-0.8603914191092908,0
0.008663181984770936,-0.198973516954012,0.24495579467248818,0.23443485484206694,1
0.16929507143658273,-0.2300295813364132,0.83666449161546,0.10392576258296471,1
-0.8233139464384027,2.383457682844126,1.388038061950101,1.0495987882382054,1
0.497674327170853,-0.14243555359117896,0.2453363147348311,0.8434772853845441,1
-0.4819489454882059,-0.06678616599302173,-0.6074091449752654,0.29761782807861653,1
0.5926659428599642,-0.775501481386282,-0.8916576315452975,-0.49579458994100517,1
1.6441555315085385,-1.4308640707892635,1.6665787475849916,1.4504481430340197,1
-1.1821118656236802,2.1222682182947006,1.36710945852125,1.8254028366673134,1
0.20255992561984848,0.6451143867727923,0.1920635060068463,-1.0799781457674629,1
0.3655043450416209,-1.00404226286703,-0.11349410405437974,-0.732989686189691,1
1.46128777696096,2.350808999775448,1.604173457360781,1.1283185581722672,1
0.5312949551956507,-0.042100576355728496,-1.2402140086512539,-0.36114235189589966,1
-0.22561389266421805,-0.5437754625329803,-0.26037484811867984,-0.9484332670618598,1
0.4839770342718606,-0.726926611454834,-0.12338762567529109,-0.7733853576032226,1
-0.19519522921321075,-0.32399408382675554,-0.9251433970314594,-0.19852387979527225,1
0.28260903996460546,-0.09704592103228472,-1.0141850916196622,-0.9173596736668354,0
-1.6485313718724646,1.552110728607538,1.7225151967493755,1.8471543520438305,1
0.3944999131264994,-0.4394589385818374,-0.6389923101497135,-0.507188240852514,1
0.09262580858638216,-0.12013889198330101,-1.2953894176909524,-0.5973016616980846,0
0.4489333108809342,-0.23241850936582878,-0.8543666654357082,-0.8603914191092908,0
-0.39780843196582866,-0.07315664073812983,-1.239072448464226,-0.6511625569161269,1
1.6825791063940214,-1.3958264596911696,1.8868998636814425,1.607887682902143,1
0.6543927043658105,1.2821618612835881,0.5341510420529764,-0.8293178257142665,1
-0.20764731366683942,-0.20136244498342742,-1.3832895520921267,-0.7578485609057105,1
-1.5416213324920227,2.201102843265411,1.110638936502238,1.9911286681074434,1
1.609823355800676,1.7089836692058213,1.5927578554904989,1.5840645946326242,1
-0.07850140919063169,-0.1257130573852705,-1.3227868621796302,-0.9877931520288905,1
0.2822532661230735,-0.5668684334839965,-1.4095454363937765,-0.8458904088582795,0
-0.5125454958599801,-0.1408429349049017,0.31725460651761034,0.5037393309322779,1
1.7042813107274892,-1.375918726112707,1.8115568913375784,1.8678700809738469,1
-0.800010759818041,2.299048892471446,0.8853710595953316,1.6586412187806827,1
1.5733565370436198,2.4853852787658535,1.3252522516635474,1.5975298184371352,1
0.5857283529500855,-0.7006484031312636,-0.06288493576279443,-1.024045677656419,1
0.4654767945121841,0.5710576178609124,0.4017300603577002,0.04177857579291605,1
0.40339425916480576,-0.2722339765227535,-0.8193588197001757,-0.969148995991876,0
0.07359190806440673,0.7343010332043038,-0.5499506155615105,0.19818232921453857,1
0.0812410456573503,-0.4139770396014055,-0.21889816132332057,-1.095514942464975,1
-0.1576610889315578,-0.3136420623659552,-0.38366334831773,-0.4937230170480035,1
-2.6146352385532974,-1.3974190783774465,1.8012828496543243,1.6607127916736846,1
1.4917064404119682,2.2815300869223996,1.5280694448922316,1.5540267876841007,1
0.02111526643839959,-0.9196334724943497,-0.8745342287398739,-0.6314826144326114,1
0.3160517810686372,-0.6106654473566138,-0.9555850020188791,-0.9152881007738338,0
-0.43836664990050506,0.645910696115931,0.7000577892344141,-0.9701847824383767,1
0.5519298380045208,-0.6146469940723062,-0.6313819089028584,-0.9204670330063379,0
1.625299517907329,-1.3647703953087682,1.2442014783845425,1.5799214488466211,1
0.02111526643839959,-0.11854627329702405,-0.7851120140893282,-1.0375109014609296,0
0.05100026912710898,-0.9889123853473988,-0.57202077917739,-0.24099112410180554,1
0.6278875531716576,-0.6058875912977828,-1.09561638496101,-1.0447614065864352,0
0.3904085139488782,0.012844768320827744,-0.8456147040018251,-1.039582474353931,0
-0.1432522483495015,-0.11615734526760847,-0.630620868778173,-0.19127337466976654,1
0.24489701276218653,-0.4330884638367294,0.2259297915553508,0.83829835315204,1
0.4115770575200472,-0.33912396134638706,-1.0705020608463887,-0.8852502938253102,0
-0.699504649585179,0.10919819884058539,0.7807280424510762,0.673608308158411,1
0.21768031388496964,-0.4362737012092833,-0.5469064550627686,-1.0934433695719734,0
-1.8781833865815334,-1.4483828763383102,0.9953413576123856,1.5643846521491092,1
-0.21351758205212132,-0.5875724764055974,-0.46395308147204967,-0.13016197432621868,1
0.009730503509367735,0.050271307448336904,-1.3840505922168123,-0.7889221543007348,0
-0.5643105898029234,1.2359759193815556,0.5200717997462946,-0.8738566429138013,1
-0.709999977910381,0.7677460256161208,-0.9780356856971011,0.7036461151069344,1
-0.01766408228861612,-0.28019706995413846,-0.9928759681284682,-1.0696202813024547,0
0.49215983262710306,-0.6361473463370455,-0.8498004246875953,-0.6553057027021302,0
-2.4568495398337435,1.7543733017647154,1.0185530814152932,1.7549693583052581,1
-0.73116852148155,1.2925138827443887,0.44587038758945874,-0.6159458177350993,1
0.4724143844220628,-0.4028287087974666,-0.6709559953865041,-0.9391111890433526,0
1.6928965477984574,2.01635907565728,1.8404764160756273,1.1158891208142574,1
-0.5666231197728829,-0.3001048035326008,-0.38023866775664544,0.344228218171153,1
0.566872339348876,-0.48405226179759314,-1.029786414175715,-0.7298823268501885,0
0.4407505125256917,1.2216423512050627,0.507134117626641,-0.8469261953047802,1
0.6012045150567386,0.552742502968727,0.6015030930876425,-0.6749856451856455,1
0.29292648136904154,-0.3231977744836171,-0.315930777220721,-0.8748924293603021,0
-0.3097544061865962,-0.08032342482637628,0.021590518077295943,-0.8334609715002695,1
0.5942669251468599,-0.11854627329702405,-0.6561157129551372,-0.6076595261630928,0
-0.518415764245262,-0.07554556876754512,0.3469351713803447,0.8320836344730353,1
1.401517771583542,2.472644329275638,1.550520128570454,1.7363252022682436,1
0.22621888608174406,-0.5437754625329803,-1.2105334437885198,-0.7350612590826926,0
0.11681842981057561,-0.2722339765227535,-0.8874719108595274,-0.831389398607268,0
0.6447868106444394,-0.6154433034154446,-0.9521603214577943,-0.6314826144326114,0
0.09742875544706825,0.7231527024003649,0.40096902023301484,0.6829303861769184,1
0.6462099060105682,-0.8806143146805635,-0.5529947760602526,-0.4595420643134767,1
0.4434188163371842,-0.5652758147977195,-0.46509464165907793,-1.0602982032839474,0
1.3931570863075338,-1.4603275164853875,1.4200017471868918,1.282650738700888,1
1.4383403641821302,-1.3926412223186155,1.3739588196434191,1.3365116339189302,1
0.5704300777641984,-0.05802676321849833,-1.3292557032394567,-0.864534564895294,0
0.21394468854888035,-0.3845135939052813,-0.8631186268695915,-0.6988087334551643,0
0.07821696800432586,0.09088308394840026,-1.1747645579283015,-0.9297891110248452,0
0.17445379213880077,-0.1169536546107471,-1.334963504174598,-0.8593556326627899,0
-0.22098883272429892,-0.6982594751018482,-0.4053529918712666,-0.9183954601133362,1
0.17196337524807526,-0.7340933955430804,-1.1093151072053489,-0.947397480615359,1
-0.45491013353175497,-0.22764065330699776,0.5474692442349723,0.16607294937301337,1
0.5656271309035132,-0.4091991835425745,-0.29614373397889826,-0.644947838237122,0
1.4063207184442272,1.9208019544806612,1.4066835450048953,1.4587344346060263,1
1.4968651611141852,2.0840453698240524,1.2620859213146516,1.8347249146858209,1
0.5344969197694411,-0.04687843241455936,-0.3022320549763821,-1.0364751150144287,0
0.33223949085835514,1.1045848777637042,0.6475460206311147,-0.8759282158068029,1
0.5578001063898037,-0.006266655914496287,-0.2508618465601112,-0.8344967579467706,1
-0.5274879972043343,0.022400480438489478,0.4812587533873345,-0.8386399037327738,1
0.029831725555939957,-0.5764241456016583,-0.5385350136912281,-0.7050234521341692,0
-0.5274879972043343,1.0010646631556996,-0.8673043475553618,-0.9194312465598371,1
-0.055553996411801,0.06221594759541421,-0.8459952240641678,-0.9701847824383767,1
0.3518070521426284,0.11795760161510907,-0.6275767082794311,-0.6635919942741366,0
0.2938159159728713,0.7749128097043672,0.6060693338357556,0.6559999385678974,1
-1.0581246818496906,1.4032008814406396,1.6437475438444271,1.0433840695592007,1
-0.35049051104203854,-0.009451893287050199,-1.1595437554345915,-0.6252678957536066,1
-0.7381061113914287,-0.32877193988558656,0.6289005375763203,0.16814452226601512,1
0.005816991252512465,0.08929046526212302,-1.2991946183143799,-0.5983374481445856,0
-0.6073592246283253,0.08530891854643077,0.21641678999678213,-0.7878863678542339,1
-0.5885032110271158,1.214475567116816,-1.0522370978539368,0.5700296635083298,1
-0.0069908670426481224,-0.11536103592446986,-0.5606051773071075,-0.776492716942725,0
-0.6215901782896156,1.038491202283209,-1.1268190300731153,0.5327413514343007,1
-0.8610259736408216,2.0227295504023886,1.2061494721502677,1.8865142370108616,1
-2.256726753971851,-1.4037895531225546,1.9356064316613142,1.315795904988914,1
0.17142971448577635,-0.6480919864841229,-0.6473637515212538,-0.7568127744592097,0
0.582704275297061,1.0281391808224085,-0.6466027113965684,0.08942475233195328,1
0.20576189019363889,-0.04767474175769798,-0.2942411336671844,-0.4688641423319841,1
-0.017130421526317215,-0.9952828600925065,-0.9730889248866454,-0.6169816041816001,1
-2.666222445575474,1.7201320000097602,1.8789089423722445,1.7725777278957722,1
0.1499053970730754,0.007270602918858259,-0.8859498306101564,-0.793065300086738,0
0.4989195356162158,-0.5541274839937805,-0.44112187773148476,-0.6408046924511187,0
-0.46398236649082725,0.10840188949744706,0.8359034514907746,-1.0571908439444448,1
-1.8148556427887923,2.294271036412615,1.6806579898916734,1.1863225991763127,1
-0.5096993051277217,-0.49042273654270097,0.8530268542961983,-0.814816815463255,1
-0.07725620074526791,-0.01661867737529664,-1.312132300434033,-0.3124603889103615,1
1.5351108490789032,1.3872746945778696,1.206910512274953,1.9341604135498989,1
-0.9264883604827563,2.0004328887945104,1.3370483735961727,1.6876432392827057,1
0.6663111280571403,-0.8129280205137913,-0.2653216089291357,-0.6045521668235904,1
1.6037752004946282,-1.3576036112205216,1.9512077542173667,1.34894107127694,1
0.550862516479925,-0.3701800257287883,-0.45177643947708174,-0.7744211440497235,0
0.5891082044446418,-0.32877193988558656,-1.252010130583879,-1.0944791560184741,0
0.13193881807569677,0.12910593241904775,-0.4395997974821138,-0.8862860802718111,0
0.1205540551466639,-0.07474925942440679,-0.3003294546646685,-1.0074730945124062,0
0.31818642411783077,-0.8535397970138545,-0.1047421426204964,-1.0696202813024547,1
0.16644888070432529,-0.1257130573852705,-1.255434811144964,-0.2503132021203128,1
1.6336602031833365,1.337903515303283,1.8477062972601395,1.278507592914885,1
-2.6888140845127726,1.8523193509707507,1.8130789715869498,1.7031800359802176,1
1.4467010494581376,2.4153100565696666,1.6053150175478095,1.1076028292422513,1
0.2445412389206546,-0.1288982947578244,-0.9746110051360165,-0.8086020967842503,0
-0.022467029149301213,0.9047112326359418,0.5687783677261662,0.5234192734157934,1
-0.21600799894284683,-0.8830032427099788,-1.3459985859825376,-0.9059660227553266,1
-0.7466446835882031,-0.5087378514348864,-0.9772746455724157,0.3286914214736408,1
0.4425293817333534,-0.4681260749348231,0.7396318757180596,0.5275624192017966,1
-1.7750089725371798,-1.4213083586716013,1.0832414920135602,1.844046992704328,1
0.42563012426057156,-0.25551148031684506,-1.1024657460831795,-0.6853435096506536,0
1.6694154742573288,-1.3942338410048924,1.7689386443551907,1.1811436669438085,1
-2.1553312091351593,-1.340084805671475,0.9291308667647478,1.1904657449623157,1
0.025562439457552755,0.5352236974196801,0.16504658158051147,0.0013829043793843422,1
-0.4100826294986914,-0.14800971899314816,0.7464812368402293,0.3794449573521806,1
-0.7263655746208639,0.09645724935036946,-0.45596216016285196,0.4457352899282326,1
0.06665431815452803,0.9779716922046832,-0.5887636619204708,0.5410276430063072,1
0.21607933159807394,-0.08191604351265323,-1.0830592229036995,-0.6501267704696261,0
0.6318010654285118,-0.42034751434651346,-0.8357211823809138,-1.068584494855954,0
0.23618055364464616,-0.47768178705248515,-0.4780323237787315,-0.6812003638646504,0
-0.4364098937720774,-0.46732976559168465,-0.9635759233280768,-0.05662113662466115,1
0.32370091866158074,1.2941065014306654,0.6623863030624818,-0.9763995011173816,1
-0.03794319125595431,-0.5875724764055974,-1.3509453467929935,-0.1021957402706968,1
0.6460320190898021,-0.25949302703253757,-1.1865606798609267,-0.18609444243726259,1
0.049399286840213275,-0.25073362425801404,-0.7337418056730576,-0.8427830495187769,0
0.13674176493638185,-0.28338230732669234,-0.7470600078550534,-0.0618000688571651,1
0.47721733128274785,-0.6496846051703998,-0.8185977795754901,-0.9929720842613946,0
0.5273814429387954,-0.5859798577193204,-0.5469064550627686,-0.8717850700207997,0
0.49731855332932007,-0.33514241463069455,-0.37224774644744774,-1.0105804538519085,0
-0.33821631350917586,-0.05165628847339051,-0.3334347000884874,-0.6263036822001073,1
-0.37557256687006285,-1.0398761833082624,-0.36463734520059266,-0.826210466374764,1
0.5967573420375855,0.948508246508559,-1.0157071718690331,0.7979026817385083,1
-0.46451602725312613,1.1842158120775534,-1.0042915699987507,-1.0261172505494207,1
-0.7733277217031221,-1.3090287412890735,1.8126984515246067,1.135569063297773,1
1.5002450126087417,1.8969126741865059,1.327535372037604,1.9776634443029324,1
1.556279392650072,2.353197927804864,1.8203088527714617,0.9967736794666643,1
0.6485224359805277,-0.20614030104225844,0.35797025318828407,0.9284117739976108,1
0.0737697949851727,-0.8511508689844391,-0.25238392680948213,-0.8966439447368192,1
0.035524107020455886,0.7940242339396909,0.6779876256185349,-0.8800713615928062,1
0.3562542251617816,-0.02697069883609699,-0.9806993261335003,-0.7247033946176845,0
-2.931096070596237,2.226584742245843,1.4717524756655054,1.3624062950814506,1
1.4374509295782993,-1.4284751427598479,1.8663517803149339,1.1656068702462965,1
-2.5242686828041054,-1.4380308548775098,1.0489946864027133,1.8979078879223705,1
0.00706219969787523,0.1068092708111701,0.23049603230346397,0.6787872403909152,1
0.18156926896944545,0.0032890562031657284,-0.3509386229562538,-1.0323319692284256,0
0.42776476730976515,-0.8192984952588993,-0.035868011336459074,-1.0261172505494207,1
0.16769408914968806,-0.6727775761214163,-0.03168229065068888,-0.6677351400601399,1
0.07181303885674607,-0.7277229207979724,-0.7984302162713244,-0.732989686189691,1
0.466010455274482,-0.14323186293431728,-0.8319159817574863,-0.69362980122266,0
0.03445678549585909,0.029567264526735918,-0.7953860557725825,-1.0779065728744612,0
1.59861647979241,1.7440212803039155,1.0002881184228416,1.9662697933914237,1
0.25379135880049286,-0.4800707150819006,0.06154512462328429,-0.726774967510686,1
0.07946217644968963,-0.4338847731798679,-1.086483903464784,-0.08562315712668381,1
-3.159147103018411,-1.3687519420244607,1.5623162505030792,1.7922576703792874,1
-0.7944962652742912,1.9733583711278015,1.6346150623482012,1.4245534818714993,1
1.7236709850909966,1.5019432399898125,1.0961791741332139,1.7270031242497368,1
-0.688475660497679,0.7677460256161208,0.588565410967989,-1.0799781457674629,1
0.6150796948764959,-0.6321657996213531,-1.1690567569931603,-0.6470194111301236,0
1.6752857426426107,-1.3894559849460615,1.2681742423121354,1.3375474203654312,1
0.09831819005089808,-0.580405692317351,-0.004284846162011124,-0.7153813165991773,1
-1.8088074874827444,-1.3042508852302428,1.3549328165262817,1.294044389612397,1
0.21003117629202608,-0.1918067328657654,-1.2314620472173707,-1.073763427088458,0
0.19597810955150172,-0.5374049877878723,-0.13099802692214588,-1.0571908439444448,1
0.3548311297956529,-0.16712114322847219,-1.0354942151108562,-1.0302603963354238,0
-0.4477946567011103,1.3100326882934357,-0.424378994988404,0.7958311088455068,1
1.61515996342366,1.4350532551661792,0.962236112188567,1.7259673378032354,1
0.5327180505617795,-0.7476306543764347,0.01854635757855349,-0.6501267704696261,1
-1.129990997839205,1.6930574823430518,1.4363641098676296,1.9704129391774268,1
1.5322646583466446,1.712965215921514,1.2993768874242408,1.777756660128276,1
0.28847930834988833,-0.28577123535610793,-0.21280984032583647,-1.0509761252654402,1
-0.7174712285825576,0.9994720444694227,-0.8947017920440394,0.8020458275245115,1
0.4080193191047249,-1.0255426151317695,-0.6028429042271524,-0.6739498587391447,1
0.11752997749364047,0.057438091536583344,-1.2835932957583271,-0.6490909840231253,0
-0.5260649018382055,0.8640994561358785,0.5170276392475527,-1.095514942464975,1
-0.47554501634062607,0.5662797618020815,-0.8730121484905029,-0.9204670330063379,1
-2.4362146570248724,2.08006382310836,1.6821800701410448,1.2671139420033761,1
-0.41506346328014243,0.021604171095351142,0.20918690881227003,-0.5848722243400749,1
0.5085254293375859,-0.43468108252300636,-0.4966778068335259,-0.10012416737769522,1
0.3695957442192411,0.022400480438489478,-0.5385350136912281,-0.21820382227878762,1
0.6494118705843586,-1.0287278525043235,-0.7421132470445979,-1.0768707864279605,1
-0.04096726890897874,1.2232349698913394,0.5527965251077708,0.6166400536008663,1
-3.0486793252226465,-1.4571422791128337,1.2320248363895743,0.9998810388061665,1
-0.5207282942152216,0.016826315036519993,0.2019570276277579,0.2831168178276051,1
-2.338021076761971,2.1182866715790074,1.9938260011997546,1.8295459824533165,1
-0.523752371868246,-0.0452858137282824,0.44472882740243047,0.8465846447240467,1
0.3888075316619835,-0.9100777603766876,-1.1682957168684747,-1.0147235996379116,1
0.5012320655861754,0.06141963825227588,0.05621784375048581,-1.0582266303909458,1
0.17249703601037314,0.009659530948273551,-1.0111409311209203,-0.7423117642081983,0
0.5318286159579486,-0.4474220320132223,0.10492441173035749,-0.23063325963679746,1
-0.7361493552630011,-0.20056613564028897,0.33513904944771944,-0.9038944498623249,1
0.3727977087930315,-0.05085997913025189,-0.10245902224643984,-1.0043657351729036,1
0.391475835473475,-1.0366909459357083,-0.8547471854980512,-0.6884508689901562,1
1.664078866634345,-1.4499754950245871,1.589713694991757,1.8720132267598502,1
-1.5225874319700463,-1.379103963485261,1.6688618679590481,1.817116545095307,1
0.40019229459101535,0.7072265155375951,0.770834520830165,-0.7619917066917137,1
0.5113716200698445,-0.6488882958272614,-0.9030732334155799,-1.0613339897304481,0
-2.878085768207931,1.7886146035196708,1.0919934534474436,1.0651355849357178,1
-2.760324626660755,-1.3488442084459984,1.6315709018494589,1.9704129391774268,1
-0.7103557517519129,0.12910593241904775,-1.414872717266575,0.3856596760311855,1
-0.0018321463404310989,-0.6648144826900314,-0.6119753857233783,-0.6604846349346342,0
0.13353980036259147,-0.1551765030813946,-1.0168487320560613,-1.0426898336934336,0
0.35910041589404007,-0.7197598273665875,-0.829252341321087,-0.1519134897027358,1
-2.157821626025885,-1.3814928915146767,0.8857515796576746,1.8720132267598502,1
0.3532301475087582,-0.876632767964871,-1.2790270550102143,-1.0468329794794369,1
0.18405968586017196,-0.25949302703253757,0.06687240549608277,-0.6542699162556294,1
0.1408331641140031,-0.5039599953760555,-0.7169989229299765,-1.0478687659259376,0
-0.30370625088054737,-0.570849980199689,-0.2736930503006761,-1.062369776176949,1
-2.395834326010962,1.5337956137153528,1.6954982723230407,1.0299188457546904,1
-0.31651410917570894,-0.5827946203467663,-1.1344294313199703,-0.08148001134068046,1
0.19046361500775177,-0.23878898411093674,-0.7227067238651179,-0.3000309515523517,1
-0.2821819334678464,-0.0006924905125268015,-1.061369579350163,-0.9826142197963866,1
0.5115495069906104,-0.11774996395388543,-0.6302403487158303,-0.799280018765743,0
-0.7167596808994937,-0.37734680981703467,-0.2938606136048417,0.6207831993868694,1
0.1493717363107765,0.05823440087972197,-1.3673077094737316,-0.5941943023585823,0
-0.6258594643880028,0.9620455053419134,0.35644817293891334,-0.6635919942741366,1
0.33882130692670187,-0.5366086784447336,0.19434662638090286,0.7419702136274646,1
0.16573733302126042,-0.37495788178761924,-1.0803955824673002,-0.7392044048686959,0
0.6036949319474642,-0.3805320471895888,-0.4156270335545209,-0.7609559202452129,0
0.5202659661081508,-0.786649812190221,-0.9304706779042576,-0.6553057027021302,1
0.215723557756542,1.2200497325187856,0.7468617569025716,-0.7754569304962243,1
-0.5340698132726811,-0.2515299336011525,-0.3475139423951689,0.3017609738646197,1
0.6058295749966577,-0.41636596763082095,-0.4586258005992512,-0.16745028640024784,1
0.6590177643057297,-0.09624961168914611,-1.2615231321424478,-0.8168883883562567,0
1.4175275944524932,2.342845906344063,1.166575385666622,1.085851313865734,1
-0.5474113323301406,-0.5756278362585199,0.17379854301439482,-0.5848722243400749,1
0.3365087769567423,-0.23719636542465963,-0.5103765290778648,-0.7205602488316812,0
-0.6039793731337689,1.315606853695405,0.16847126214159633,-0.6718782858461432,1
-0.406880664924901,-0.04767474175769798,0.35378453250251385,-0.6490909840231253,1
0.10169804154545545,0.026382027154182006,-0.9255239170938021,-0.6376973331116164,0
-2.7688631988575296,1.7185393813234835,1.6136864589193498,1.6037445371161398,1
1.391378217099873,2.510070868403147,1.0048543591709542,1.4835933093220457,1
0.3546532428748869,-0.6616292453174774,-0.671336515448847,-0.6304468279861106,0
0.412644379044644,-0.16552852454219524,-0.36197370476419344,-0.1198041098612106,1
0.4679672114029096,0.6164472504198066,0.2578934767921417,0.2748305262555986,1
0.23102183294242915,-0.6226100875036911,-0.1606785917848802,-0.9587911315268679,1
-0.4326742684359891,0.782875903135752,-1.2086308434768058,-0.8987155176298208,1
1.4847688505020895,-1.4459939483088946,1.6833216303280725,1.5208816213960747,1
0.6227288324694396,1.2622541277051258,-1.369590829847788,0.3245482756876376,1
1.4947305180649917,2.1230645276378386,1.2015832314021546,1.6855716663897036,1
-0.17029106030595242,0.042308214016951846,-0.7569535294759651,-0.6490909840231253,1
-0.6600137531750994,1.1571412944108443,-1.097138465210381,-0.04315591282015052,1
1.6838243148393852,2.4033654164225884,1.5843864141189583,1.2142888332318345,1
-0.05270780567954253,-0.6393325837095996,-0.012275767471208577,-0.7257391810641853,1
1.5900779075956357,1.423108615019102,1.3385704538455439,0.987451601448157,1
0.5320065028787155,0.8155245862044302,0.34122737044520324,-1.0665129219629523,1
1.594169306773257,-1.3854744382303692,1.3754808998927903,1.4069451122809857,1
1.5415147782264838,-1.3647703953087682,1.2255559953297481,1.5944224590976326,1
0.47045762829363513,-0.23640005608152118,-0.30375413522575306,-1.002294162279902,0
-0.5477671061716735,1.0878623815577957,-0.8520835450616518,-0.6604846349346342,1
-0.3403509565583695,-0.3072715876208472,-1.0480513771681665,-0.06387164175016669,1
-0.7240530446509044,0.5917616607825134,0.2890961219042467,-0.9318606839178468,1
-0.12226159169909846,0.02558571781104367,-0.5891441819828135,-0.4181106064534443,1
0.5238237045234732,0.09725355869350809,-0.6861767978802141,-0.8075663103377494,0
-1.5522945477379897,-1.3711408700538763,1.348844495528798,1.7912218839327867,1
1.4032966407912029,-1.3942338410048924,1.910492107546693,1.1231396259397632,1
1.7234930981702306,2.2671965187459064,1.1490714627988556,1.686607452836205,1
0.109347179138398,-0.08510128088520715,-0.21090724001412284,-1.0820497186604643,1
-2.030098816915806,2.017155385000419,1.610642298420608,1.7104305411057232,1
0.015600771894649628,-0.45379250675833027,-0.7181404831170047,-1.0489045523724383,0
0.2600174010273077,-0.94591168081792,-1.2082503234144633,-0.847961981751281,1
-0.32700943750091,-0.88778109876881,-1.1173060285145466,-0.9297891110248452,1
-1.8506109138627835,-1.3576036112205216,1.0859051324499598,1.5882077404186277,1
1.572822876281322,1.9988402701082333,1.937128511910685,1.5830288081861237,1
0.4950060233593605,-0.6329621089644916,-1.1816139190504709,-0.8914650125043151,0
0.6527917220789149,-0.15438019373825626,-0.3319126198391164,-0.6024805939305887,0
-0.022467029149301213,1.2439390128129406,0.2464778749218594,-1.0209383183169165,1
1.631881333975676,-1.3217696907792895,1.7061528340686376,1.4007303936019806,1
-2.989087206765994,1.3777189824602076,1.565360411001821,1.5447047096655935,1
0.37991318562367715,-0.40442132748374365,-0.3189749377194629,-0.7226318217246829,0
0.6188153202125852,-0.04767474175769798,-0.7497236482914528,-1.0851570779999669,0
0.24365180431682376,-0.329568249228725,-0.7409716868575696,-1.0157593860844125,0
-1.2166219282523087,1.8905421994413982,1.0600297682106528,1.914480471066383,1
-0.2946340179214751,-0.20534399169911996,-0.15382923066271076,-0.8655703513417948,1
-1.295070060310171,-1.4045858624656928,1.3324821328480596,1.1169249072607585,1
-1.5149382943771037,1.6253711881762796,1.355693856650967,1.3769073053324619,1
0.6586619904641968,-0.5127193981505789,0.05583732368814286,-1.0509761252654402,1
-0.42093373166542536,-0.2244554159344437,-0.5651714180552205,0.7989384681850094,1
0.6581283297018988,-0.1886214954932115,0.5870433307186183,0.9698432318576431,1
-0.5680462151390117,-0.6488882958272614,0.5912290514043884,-0.9940078707078954,1
0.4441303640202491,0.5646871431158046,-1.159163235372249,0.5866022466523428,1
0.4585392046023044,-0.1527875750519793,-1.1108371874547198,-0.7195244623851804,0
1.3830175318238647,-1.410956337210801,1.9066869069232653,1.8689058674203476,1
0.07572655111360033,-0.4434404852975298,-0.8703485080541037,-0.7215960352781821,0
-2.616414107760959,-1.3225660001224278,1.5634578106901074,1.1221038394932625,1
1.6149820765028942,-1.4197157399853244,1.267032682125107,1.5623130792561075,1
1.5169663831607574,-1.3058435039165197,1.912775227920749,1.085851313865734,1
-0.27186449206341035,-1.0295241618474618,-1.0705020608463887,-1.0882644373394692,1
0.6284212139339554,0.8601179094201862,0.847319053361057,-0.6853435096506536,1
-0.6077149984698582,-0.12332412935585492,-0.9262849572184875,0.6798230268374158,1
0.28581100453839586,-1.0064311908964456,-0.4616699610979931,-0.8282820392677657,1
0.3046670181396053,1.30764376026402,0.43749894621791835,0.756471223878476,1
-0.9001610962093702,-1.4268825240735707,1.437886190117001,1.916552043959385,1
0.09547199931864062,-1.0048385722101687,-1.3414323452344248,-0.8251746799282632,1
-0.47287671252913355,0.7255416304297805,0.240770073986718,-0.8241388934817624,1
0.4323898272496843,-0.26506719243450705,-1.1344294313199703,-0.6822361503111513,0
0.3420232715004923,-0.562886886768304,-1.3235479023043157,-0.1446629845772301,1
0.22728620760633983,-0.6194248501311371,-0.6378507499626851,-0.5890153701260782,0
1.6815117848694245,1.8507267322844734,1.2343079567636308,1.338583206811932,1
-2.0518010212492728,2.252862950569413,1.4173381067504924,1.3479052848304394,1
-0.3186487522249026,-0.425921679748483,-0.8033769770817802,-0.694665587669161,1
1.7083727099051105,1.7615400858529622,0.9858283560538169,1.3737999459929597,1
0.08373146254807583,-0.18623256746379593,-0.5335882528807724,-0.8023873781052454,0
0.6634649373248829,-0.4657371469054077,0.09388932992241758,-1.001258375833401,1
0.4096203013916196,-0.26506719243450705,0.7080487105436115,0.2116475530190492,1
0.19918007412529212,-0.41875489566023655,-0.7668470510968765,-0.6418404788976196,0
-1.3240656283950496,2.0705081109906978,1.941694752658798,1.8430112062578272,1
1.6325928816587398,1.3426813713621135,1.877006342060531,1.3758715188859614,1
-0.1688679649398237,-0.6735738854645548,-0.9791772458841294,-0.9484332670618598,1
0.3468262183611774,0.05425285416402944,-0.3653983853252783,-0.9722563553313786,0
1.4452779540920089,-1.3982153877205852,1.3796666205785606,1.530203699414582,1
0.43061095804202265,-0.13287984147351695,-0.4323699162976017,-0.7319538997431903,0
0.6179258856087544,-0.5859798577193204,-0.9114446747871203,-0.8956081582903185,0
-1.9262128551883875,2.1286386930398082,1.5326356856403447,0.9833084556621535,1
0.17196337524807526,-0.4697186936211001,-0.6618235138902783,-0.9909005113683931,0
0.42420702889444284,-0.0930643743165922,-1.300336178501408,-0.5993732345910863,0
0.3671053273285156,0.5861874953805439,-0.9822214063828715,0.8289762751335328,1
0.40339425916480576,-0.5445717718761187,0.8191605687476938,0.228220136163062,1
1.5578803749369667,-1.3313254028969514,1.1380363809909158,1.8979078879223705,1
-0.4107941771817552,1.3028659042051889,-0.701397600373924,0.8704077329935651,1
-0.32078339527409516,-0.7277229207979724,-1.2303204870303426,-0.8759282158068029,1
0.29470535057670216,-0.5318308223859027,-0.5157038099506632,-1.0509761252654402,0
0.11930884670130114,-0.1169536546107471,-0.5803922205489304,-1.078942359320962,0
1.4273113750946302,2.0354704998926043,1.924190829791032,1.3095811863099094,1
-0.1928826992432502,0.013641077663966081,-0.28586969229564396,-0.8448546224117787,1
-0.6432923826230835,0.7151896089689801,0.5554601655441698,-0.969148995991876,1
-0.3316344974408291,-0.4967932112878089,-0.24781768606136928,-0.8034231645517461,1
-0.6562781278390101,1.2956991201169428,0.40972098166689763,-1.0261172505494207,1
-0.7347262598968723,0.0016964375168887732,0.4336937455944911,0.5803875279733381,1
-0.006101432438817287,0.7669497162729821,0.6376524990102036,-0.8748924293603021,1
0.2084301940051314,-1.00404226286703,-1.0910501442128973,-0.6408046924511187,1
0.6405175245460522,-0.7436491076607423,-0.7599976899747071,-0.881107148039307,1
-0.4125730463894169,-0.4848485711407316,0.7917631242590161,0.954306435160131,1
0.42225027276601523,-0.19817720761087337,-0.30984245622323714,-1.0437256201399345,0
-0.7519812912111861,0.930989440959512,0.841230732363573,-0.9722563553313786,1
-0.2375323163555488,-0.9570600116218589,-0.30185153491403943,-0.8510693410907836,1
0.2971957674674277,-0.6560550799155078,0.43787946628026125,0.23236328194906536,1
1.4107678914633803,-1.4197157399853244,1.7411606798041703,1.6089234693486438,1
0.4483996501186353,-0.9005220482590259,-1.0465292969187956,-0.6594488484881333,1
-0.2551431215113945,-0.7715199346705897,-1.158782715309906,-0.9463616941688582,1
0.2769166585000895,0.09088308394840026,-1.1245359096990588,-0.6770572180786472,0
0.5987140981660131,-0.8774290773080095,-0.24591508574965565,-0.8572840597697883,1
-0.3652551254656268,-0.35505014820915687,0.02996195944883634,-0.7889221543007348,1
-0.02869307137611605,-0.9984680974650606,-0.08647717962804438,-0.9297891110248452,1
0.06967839580755247,-0.18065840206182646,-0.08876030000210096,-0.4170748200069435,1
-0.5625317205952617,0.8258766076652306,-0.27559565061238994,-0.9660416366523736,1
0.6641764850079467,0.021604171095351142,0.04137756131911865,-0.749562269333704,1
0.4811308435396031,-0.02378546146354308,-0.4749881632799893,-0.7775285033892259,0
1.5637506433222497,2.226584742245843,1.3507470958405117,1.9134446846198825,1
1.5687314771037006,1.5775926275879697,1.4021173042567823,1.218431979017838,1
0.30858053039646055,1.0090277565870844,0.8507437339221418,-0.8800713615928062,1
1.662477884347449,-1.415734193269632,1.8655907401902485,1.4545912888200228,1
0.5309391813541188,0.12990224176218637,-1.0876254636518123,-0.5392976206940392,1
-0.6436481564646155,1.0560100078322556,-0.8277302610717161,0.196110756321537,1
1.5447167428002733,-1.3583999205636603,1.9668090767734192,1.5384899909865888,1
0.6230846063109714,-0.6695923387488623,-0.26950732961490587,-0.8676419242347966,1
-1.0627497417896097,2.4041617257657273,1.693215151948984,1.7125021139987253,1
0.20060316949142085,0.8155245862044302,0.13841017721651908,0.05317222670442492,1
1.599328027475475,-1.4268825240735707,0.8701502571016221,1.2236109112503417,1
-0.21974362427893615,-0.3685874070425113,-0.19949163814384052,-0.7619917066917137,1
0.6536811566827457,-0.18623256746379593,-0.24020728481451448,-0.7215960352781821,1
0.09867396389243102,-0.5190898728956869,-1.2090113635391486,-1.0136878131914109,0
1.450080900952694,2.2098622460399344,1.285678165179902,1.7301104835892385,1
-0.45491013353175497,0.7231527024003649,-0.8988875127298097,0.45195000860723733,1
0.3514512783010965,0.08849415591898468,-1.4095454363937765,-0.8634987784487932,0
-0.6842063743992919,-0.4681260749348231,0.7974709251941575,0.9356622791231165,1
-2.4822873695032994,2.481403732050161,0.9139100642710377,1.3012948947379026,1
-0.0016542594196641228,-0.329568249228725,-0.7969081360219534,-0.9505048399548613,0
0.6280654400924235,1.0169908500184694,0.26131815735322655,-0.7474906964407023,1
-0.6740668199156228,-0.194195660895181,0.11405689322658323,0.9304833468906123,1
0.3893411924242814,-0.7842608841608056,-0.26189692836805084,-0.9629342773128711,1
0.15897763003214768,-0.8145206392000683,-0.2124293202634938,-0.7858147949612324,1
-0.7293896522738884,-0.5063489234054709,0.22098303074489528,-0.9826142197963866,1
0.35429746903335496,-0.21728863184619726,-0.35931006432779417,-0.6118026719490961,0
-0.007168753963414087,-0.34310550806207946,-0.2580917277446236,-0.5392976206940392,1
-0.11639132331381657,-0.6568513892586465,-0.54157917418997,-0.7195244623851804,1
-0.7192500977902193,1.0472506050577322,-0.42666211536246057,0.8476204311705473,1
0.338287646164403,-0.11536103592446986,-0.40877767243235147,-0.9090733820948289,0
-0.795207812957355,-1.4165305026127706,1.3389509739078864,1.5395257774330893,1
0.34967240909343583,1.0424727489989014,0.5767692890353637,0.871443519440066,1
0.5675838870319408,-0.6186285407879987,0.7065266302942409,0.04385014868591763,1
1.3938686339905986,-1.4499754950245871,1.20234427152684,1.0123104761641764,1
-0.10447289962248581,-1.021561068416077,-0.3083203759738662,-1.0033299487264027,1
-0.4305396253867955,1.2248275885776165,-1.1991178419182373,0.8310478480265343,1
1.5518322196309189,1.748799136362746,1.693215151948984,1.6016729642231382,1
-1.4608606704642009,1.3410887526758368,1.4671862349173923,0.987451601448157,1
1.3995610154551146,-1.3337143309263668,1.5406266069495422,1.5094879704845658,1
0.41353381364847486,0.10999450818372401,-0.28510865217095865,-0.6138742448420976,0
-2.9924670582605506,2.2871042523243688,1.014747880791866,1.8896215963503633,1
0.09991917233779378,1.0456579863714552,0.6718993046210505,0.5886738195453445,1
0.060250389006947236,-1.0605802262298631,-0.5895247020451564,-0.8873218667183119,1
1.4630666461686217,1.7392434242450843,0.9888725165525588,1.1448911413162803,1
0.45764976999847456,-0.40840287419943605,-0.32011649790649116,-0.7640632795847153,0
0.3633697019924273,-0.1440281722774559,-0.3558853837667096,-1.0841212915534661,0
0.31178249497024996,0.05425285416402944,-1.0906696241505542,-0.7847790085147316,0
1.5470292727702337,2.3261234101381545,1.685985270764472,1.4463049972480164,1
1.6861368448093448,-1.393437531661754,1.619774779916834,1.1573205786742902,1
1.4527492047641866,-1.4133452652402163,1.7658944838564485,1.8015797483977949,1
0.31196038189101694,-0.5979244978663978,-0.8052795773934939,-0.8272462528212648,0
-0.2199215111997021,-0.6735738854645548,-0.9852655668816134,-0.7195244623851804,1
0.1758768875049295,-0.9037072856315798,-0.24895924624839755,-1.0810139322139636,1
1.5258607291990638,-1.3615851579362142,1.4078251051919237,1.6431044220831705,1
0.13514078264948717,-0.5031636860329168,-0.9845045267569278,-0.6677351400601399,0
-0.007524527804947028,0.655466408233593,0.1951076665055882,-0.7588843473522113,1
-0.004144676310390664,-0.24038160279721368,-1.0392994157342836,-0.7878863678542339,0
-0.5803204126718744,-0.17189899928730304,0.3461741312556588,0.11117626770847042,1
1.5600150179861603,1.4286827804210713,1.257139160504196,1.4525197159270213,1
0.17872307823718797,-1.0271352338180466,-0.8185977795754901,-1.0054015216194043,1
-0.6770908975686472,-0.5891650950918743,0.6003615329006142,-0.6532341298091284,1
0.059894615165415305,-0.1559728124245332,-1.068599460534675,-0.7909937271937364,0
-0.6025562777676402,1.099807021704873,0.27197271909882353,-0.6957013741156618,1
-3.231191305928692,2.0068033635396185,1.6897904713878993,1.0247399135221862,1
-2.8743501428718425,-1.3655667046519069,1.1905481495942152,1.7135379004452258,1
0.41353381364847486,-0.8312431354059767,-0.9080199942260357,-0.3145319618033631,1
0.13780908646097867,0.9110817073810495,0.5459471639856011,0.8600498685285571,1
1.6941417562438201,1.486017053127043,1.89489078499064,1.344797925490937,1
-2.5596681800365646,2.516441343148255,1.5843864141189583,1.7736135143422727,1
0.07252458653980993,-0.21888125053247437,-1.1705788372425312,-0.799280018765743,0
-0.22205615424889572,-0.9140593070923801,-1.3224063421172874,-0.7837432220682308,1
-0.24144582861240307,0.11397605489941653,-0.7360249260471139,-0.7754569304962243,1
-0.4100826294986914,-0.564479505454581,0.794807284757758,0.5161687682902877,1
0.35927830281480605,-0.8431877755530541,-1.0910501442128973,-0.0700863604291716,1
-0.5963302355408253,0.9134706354104651,0.31421044601886844,-0.6646277807206374,1
0.05971672824464934,-0.12332412935585492,-0.5632688177435067,-0.6480551975766244,0
0.03250002936743145,-0.21808494118933575,-1.1766671582400152,-0.6118026719490961,0
-3.0584631058647838,2.3332901942264015,1.480123917037046,1.7715419414492715,1
0.4999868571408126,-0.5318308223859027,-1.1127397877664338,-0.3953233046304265,1
0.5914207344146014,-0.029359626865512568,-0.9045953136649508,-0.7982442323192421,0
-0.6534319371067526,1.2455316314992173,-0.7877756545257274,-0.930824897471346,1
0.6543927043658105,-0.5159046355231328,-1.1070319868312923,-0.8458904088582795,0
0.5549539156575453,0.7064302061944564,0.18901934550810437,0.7253976304834516,1
0.625219249360165,-0.26586350177764556,-1.1058904266442644,-1.095514942464975,0
0.40392791992710364,-0.8057612364255449,-0.5073323685791229,-0.9328964703643475,1
-0.6071813377075593,0.5479646469098961,0.3526429723154856,-0.9681132095453752,1
0.598536211245246,0.0861052278895691,-1.1911269206090396,-0.8831787209323085,0
0.5346748066902071,-0.8750401492785941,-0.711671642057178,-0.7941010865332389,1
-0.417375993250102,1.1842158120775534,-1.223471125908173,0.03038492488140718,1
-0.6511194071367931,0.80517256474363,-0.9567265622059073,0.37426602511967644,1
0.5857283529500855,0.8011910180279374,-0.9228602766574029,0.4954530393602714,1
-2.6850784591766836,2.146953807931993,1.5394850467625145,1.5799214488466211,1
1.4164602729278963,2.4718480199324993,1.6738086287695038,1.114853334367757,1
0.20167049101601767,0.07336427839935318,-0.7877756545257274,-0.8500335546442825,0
0.35767732052791135,-0.26904873915019945,-1.122633309387345,-0.6366615466651154,0
1.5230145384668063,-1.4069747904951084,1.185601388783759,1.4877364551080487,1
-3.208066006229096,2.4543292143834523,1.3400925340949146,1.2774718064683843,1
0.5898197521277068,-0.7348897048862189,-0.0765836580071333,-0.6231963228606049,1
0.4998089702200466,-0.29771587550318523,-0.7440158473563115,-0.8189599612492584,0
-0.5212619549775205,-0.4394589385818374,0.6859785469277323,0.21371912591205078,1
0.5355642412940379,-1.0605802262298631,-1.0590864589761062,-0.9712205688848777,1
0.5104821854660136,-0.06439723796360644,-0.9057368738519791,-0.7278107539571869,0
1.3952917293567273,1.6659829646763427,1.0333933638466604,1.497058533126556,1
1.46128777696096,-1.3376958776420593,1.3792861005162176,1.7964008161652905,1
-3.057217897419421,1.5234435922545522,1.7019671133828673,1.2111814738923323,1
0.5556654633406102,-0.5756278362585199,-1.1915074406713824,-1.0872286508929685,0
0.45996229996843413,0.7765054283906442,0.1905414257574756,0.2043970478935435,1
-0.03901051278055111,-0.3088642063071242,-0.8969849124180961,-0.7143455301526764,0
-0.6271046728333656,1.1324557047735515,0.7544721581494267,-0.8282820392677657,1
0.013999789607754934,-0.0452858137282824,-0.3003294546646685,-1.0634055626234498,0
0.3802689594652091,-0.33912396134638706,-0.5054297682674093,-0.9898647249218923,0
0.5643819224581504,0.8433954132142777,0.7472422769649145,0.08838896588545249,1
1.7194016989926104,-1.396622769034308,0.9249451460789776,1.8823710912248584,1
0.04424056613799625,-0.1169536546107471,-0.4312283561105734,-0.766134852477717,0
0.15470834393376048,0.0590307102228603,-1.2006399221676083,-0.9940078707078954,0
-0.5198388596113918,0.7398751986062734,0.2704506388494523,-0.9877931520288905,1
-0.24197948937470196,-0.16632483388533356,0.05507628356345752,-0.8956081582903185,1
-0.5813877341964712,-0.6385362743664611,-0.32468273865460434,0.7709722341294875,1
0.45818343076077245,-0.36301324164054183,-1.3988908746481794,-0.8707492835742989,0
0.1440351286877935,-0.07952711548323765,-0.29043593304375687,-0.7878863678542339,0
1.5708661201528944,-1.3671593233381838,1.4036393845061534,1.607887682902143,1
0.09298158242791509,-0.6855185256116322,-0.6496468718953103,-0.39635909107692724,1
-0.5913494017593743,0.0024927468600271095,0.7833916828874756,0.47162995109075284,1
0.49714066640855414,-1.0605802262298631,-1.1568801149981924,-0.6356257602186147,1
-2.699309412837974,-1.4523644230540027,1.5128486423985221,1.3240821965609209,1
0.03819241083194738,0.6045026102727293,0.713756511478753,-0.749562269333704,1
0.04637520918718985,0.06858642234052231,-0.6911235586906697,-0.5589775631775546,1
1.5852749607349506,-1.327343856181259,1.9557739949654798,1.894800528582868,1
1.567130494816806,1.9876919393042944,0.9953413576123856,1.5291679129680815,1
-0.48586245774506115,0.9843421669497913,-1.3178401013691743,0.034528070667410336,1
-0.3524472671704662,-0.6098691380134752,-1.333441423925227,-0.6304468279861106,1
0.29701788054666173,-0.5262566569839333,-1.3166985411821464,-0.9432543348293556,0
0.5631367140127878,-0.33434610528755604,-0.7854925341516712,-0.8593556326627899,0
1.3794597934085424,2.215436411441904,1.1113999766269238,1.8896215963503633,1
-0.28022517733941876,-0.550145937278088,-1.3806259116557278,-1.0613339897304481,1
-2.646121223528902,2.209065936696796,1.619774779916834,1.2142888332318345,1
0.09778452928860018,-0.6369436556801841,-0.4917310460230704,-1.0551192710514432,0
0.27584933697549274,0.0797347531444613,-0.7249898442391742,-0.699844519901665,0
0.4345244702988779,-0.45458881610146873,-0.7409716868575696,-0.7630274931382144,0
-0.1928826992432502,-0.26506719243450705,-0.5229336911351756,-0.78270743562173,1
-0.4102605164194573,-0.6433141304252921,-0.5594636171200791,0.12774885085248341,1
-0.27026350977651564,-0.5310345130427643,-0.7402106467328841,-1.0706560677489556,1
0.5503288557176261,0.9023223046065262,-1.220426965409431,0.1474287933359988,1
-0.4849730231412303,0.6634295016649778,-0.3867075088164719,-0.6180173906281009,1
1.5534332019178136,-1.3209733814361508,1.9919234008880404,1.5840645946326242,1
0.2792291884700491,-0.02378546146354308,-0.5080934087038085,-0.6366615466651154,0
0.2817196053607746,0.10601296146803148,-0.14051102848071456,-0.8241388934817624,1
-3.1228581711821217,-1.399808006406862,1.9093505473596648,1.5436689232190925,1
-1.5891171403365778,1.4876096718133196,1.8884219439308132,1.8419754198113267,1
0.6501234182674234,-0.24038160279721368,-0.8482783444382244,-0.8945723718438177,0
1.7023245545990617,-1.3647703953087682,1.8263971737689455,1.3717283730999579,1
0.6170364510049235,0.011252149634550788,-0.5647908979928776,-0.6366615466651154,0
-0.3218507167986919,-0.10580532380680813,-0.9955396085648675,-0.42121796579294674,1
1.5713997809151923,2.2297699796183967,1.729745077933888,1.6897148121757068,1
-0.2944561310007091,-0.6186285407879987,-0.2413488450015425,-1.0364751150144287,1
-0.7299233130361863,0.8529511253319394,0.6757045052444782,-0.8521051275372844,1
-0.5792530911472775,-0.2602893363756761,-1.2501075302721656,0.3732302386731757,1
0.014711337290818794,-0.5581090307094732,-1.2938673374415814,-0.8054947374447478,0
0.43416869645734596,0.1068092708111701,-0.4251400351130896,-0.9919362978148939,0
-0.635465358109374,-0.03095224555178952,-1.4160142774536029,0.31522619766913035,1
-0.11318935874002617,-0.646499367797846,-0.9597707227046492,-0.9090733820948289,1
0.46174116917609476,0.12671700438963246,-0.880622549737358,-0.9277175381318434,0
-0.7011056318720746,0.8863961177437564,-0.8003328165830383,0.6311410638518777,1
0.3724419349514996,1.1881973587932457,0.6228122165788363,-0.980542646903385,1
-2.5178647536565246,-1.3663630139950451,1.2015832314021546,1.4452692108015155,1
-2.458628409041405,2.2026954619516883,1.320305490853092,1.036133564433695,1
0.6081421049666172,-0.8224837326314534,-0.13328114729620244,-0.7837432220682308,1
0.279762849232348,-0.0038777278850807124,-0.38784906900350025,-0.7081308114736715,0
1.5155432877946287,-1.4404197829069252,0.972890673934164,1.015417835503679,1
-0.25994606837208056,-0.13128722278723998,-0.6447001110848546,-0.8034231645517461,1
0.2269304337648079,0.0829199905170152,-0.988690247442698,-0.12187568275421218,1
0.5426797181246825,0.03354881124242845,-1.1123592677040908,-0.7247033946176845,0
0.18139138204867947,-0.331160867915002,-1.3783427912816713,-1.0302603963354238,0
0.630377970062383,1.1037885684205653,0.1722764627650236,-0.9815784333498858,1
-0.800722307501105,-1.4316603801324017,0.9500594701935987,1.595458245544133,1
0.5528192726083516,-0.4553851254446072,-0.7786431730295017,-0.8137810290167542,0
-2.450267723765397,1.6174080947448946,1.0954181340085285,1.6928221715152094,1
0.4962512318047233,0.12193914833080131,-0.3547438235796813,-0.7008803063481658,0
0.015067111132351735,-0.20932553841481236,-1.4137311570795468,-0.644947838237122,0
0.0700341696490844,-0.4928116645721165,-1.2196659252847455,-0.6511625569161269,0
-0.704307596445864,0.9540824119105286,0.37737677636776434,-0.8075663103377494,1
-3.0034960473480505,-1.3217696907792895,1.2453430385715707,1.3572273628489468,1
0.4722364975012968,-0.6560550799155078,-1.0438656564823965,-1.072727640641957,0
0.26731076477871835,-0.5915540231212899,-1.2242321660328588,-0.8707492835742989,0
0.1459918848162201,-0.8073538551118219,0.05583732368814286,-0.7060592385806699,1
1.5797604661912006,1.3657743423131303,1.1475493825494845,1.5819930217396228,1
0.035168333178923955,-0.6472956771409845,-1.296150457815638,-0.8862860802718111,0
0.13709753877791378,-0.42671798909162145,-0.681991077194444,-0.6024805939305887,0
0.1860164419885986,-0.22764065330699776,-1.1154034282028331,-0.980542646903385,0
-0.2722202659049433,-0.32001253711106314,-0.5160843300130062,-0.9577553450803671,1
-2.0057283087708466,-1.3870670569166461,1.1361337806792022,1.3023306811844035,1
0.4249185765775067,-0.26586350177764556,-0.5008635275192961,-0.9608627044198694,0
0.4149569090146036,0.10282772409547757,-0.2630384885550791,-0.6252678957536066,1
1.5493418027401933,1.809318646441272,1.512468122336179,1.377943091778963,1
0.6652438065325436,0.7040412781650411,0.40515474091878506,0.21475491235855157,1
-0.571603953554334,0.9461193184791434,0.5676368075391379,-0.864534564895294,1
-0.714980811691832,0.6697999764100859,0.4629937903948825,-0.9515406264013622,1
0.3027102620111777,0.08053106248759963,0.5585043260429122,0.47473731043025524,1
-0.5454545762017139,0.7287268678023344,-0.5682155785539624,-0.7682064253707186,1
0.017735414943843227,-0.8630955091315164,-0.0461420530197131,-0.6749856451856455,1
-0.18541144857107358,-0.8360209914648077,-0.6043649844765233,-1.0551192710514432,1
0.3242345794238796,0.6530774802041774,-0.7740769322813885,0.2872599636136083,1
0.5677617739527069,-0.32638301185617113,-0.6066481048505799,-0.6252678957536066,0
-1.9592998224508873,1.4501831326858106,1.199680631090441,1.117960693707259,1
1.647179609161563,2.350808999775448,1.9793662388307298,1.6969653173012125,1
0.487178998845651,-0.23082589067955167,-0.5906662622321844,-0.6356257602186147,0
-0.7441542666974765,0.6172435597629452,-0.6283377484041165,-0.008974960085623736,1
1.5989722536339421,1.5807778649605237,1.558130529817309,1.5405615638795904,1
1.423931523600074,-1.3687519420244607,0.8705307771639644,1.0951733918842412,1
0.06434178818456847,-0.06758247533616035,-0.23449948387937306,-0.19748809334877146,1
1.5215914431006776,1.6954464103724667,1.5573694896926236,1.2992233218449012,1
-1.0647064979180374,-1.4213083586716013,1.7267009174351455,1.7207884055707316,1
-0.5680462151390117,0.6610405736355625,-0.48069596421513044,0.294510468739114,1
0.35127339138033054,-0.4713113123073772,-1.0701215407840459,-0.8686777106812972,0
1.4892160235212426,2.307011985902831,1.0451894857792856,1.1158891208142574,1
-0.3506683979628045,-0.29771587550318523,-0.08153041881758885,-1.0851570779999669,1
1.6864926186508766,-1.4571422791128337,1.7788321659761022,1.2008236094273241,1
-0.32967774131240146,-0.9427264434453659,-1.2649478127035327,-0.793065300086738,1
0.24632010812831628,-0.8001870710235754,-1.154216474561793,-1.0489045523724383,1
0.00492755664868163,-0.5119230888074404,-0.8988875127298097,-0.6656635671671383,0
0.4345244702988779,-0.7221487553960029,-0.22232284188440515,-0.9960794436008971,1
0.6220172847863756,-0.7938165962784675,-1.0514760577292512,-0.3849654401654183,1
-0.5596855298630032,-0.06997140336557592,0.634988858573804,0.38255231669168294,1
0.34860508756883907,-0.39168037799352773,-0.7877756545257274,-0.9795068604568841,0
0.045485774583359014,-0.2268443439638593,-0.7048222809350085,-0.9246101787923411,0
0.32565767479000834,-0.1886214954932115,-1.003911049936408,-0.7775285033892259,0
1.6761751772464415,1.6190007134311717,1.8324854947664293,1.7228599784637328,1
-0.01837562997167998,-0.4466257226700838,-0.9319927581536289,-0.8334609715002695,0
0.6611524073549233,-0.802575999052991,-0.02064720884274897,-1.0250814641029198,1
0.46512102067065114,-0.4004397807680511,-0.038151131710515644,-1.0716918541954563,1
-0.4527754904825613,0.9692122894301597,0.3941196591108451,-0.699844519901665,1
-1.2408145494765022,-1.3783076541421226,1.7590451227342794,1.0578850798102122,1
0.21430046239041328,-0.0452858137282824,0.25599087648042806,0.44780686282123416,1
0.6250413624393991,-0.24675207754232165,-1.0933332645869536,-0.9287533245783445,0
0.2217717130625909,-0.19578827958145795,0.10378285154332921,-0.5910869430190798,1
0.22817564221017067,-0.21489970381678183,-1.2135776042872617,-0.78270743562173,0
0.189218406562389,-0.7245376834254185,-0.0937070608125565,-0.5869437972330765,1
-0.5166368950376014,0.006474293575719639,0.31192732564481185,-1.0230098912099184,1
0.07786119416279393,-0.31841991842478623,-0.9342758785276851,-0.0783726520011781,1
-0.03652009588982558,-0.2825859979835539,0.01892687764089643,-0.5413691935870408,1
-2.284655000532133,-1.4244935960441554,1.03605700428306,1.250541358859363,1
-0.2028443668061533,0.09406832132095418,-0.5366324133795145,-0.9515406264013622,1
0.6008487412152056,-0.2929380194443544,-0.26037484811867984,-0.49786616283400675,1
0.056336876750092975,-0.4068102555131591,-0.4890674055866711,-0.78270743562173,0
1.4351383996083398,1.9470801628042314,1.4024978243191253,1.729074697142738,1
0.19206459729464748,-0.4474220320132223,-1.3166985411821464,-0.15605663548873897,1
0.22017073077569518,1.1937715241952154,0.48658603426013297,-0.6180173906281009,1
0.1157511082859788,-0.6783517415233858,-0.9007901130415236,-0.6128384583955968,1
0.2418729351091631,-0.1344724601597939,-1.277885494823186,-0.8386399037327738,0
-2.194822105545239,-1.3767150354558457,1.17875202766159,1.397623034262478,1
0.5521077249252878,-0.3685874070425113,-0.4201932743026338,-0.6418404788976196,0
-2.173831448894836,-1.3799002728283998,1.1418415816143437,1.6638201510131865,1
0.4117549444408132,-0.038915338983174584,-0.2630384885550791,-0.5993732345910863,1
1.567130494816806,-1.4077710998382469,1.3317210927233742,1.3665494408674541,1
0.07839485492509284,-0.4601629815034382,-0.044619972770342416,-0.5931585159120814,1
0.26250781791803324,-1.007227500239584,-0.2653216089291357,-0.5993732345910863,1
0.09564988623940658,1.1125479711950892,-1.3399102649850538,0.9294475604441114,1
-0.5778299957811488,1.0361022742537933,0.6521122613792277,-0.9763995011173816,1
-0.4301838515452636,-0.5270529663270718,0.7868163634485605,0.6352842096378809,1
0.37564389952529,0.12592069504649384,-1.2577179315190203,-0.78270743562173,0
-2.1227779026349576,-1.3727334887401532,1.1034090553177258,1.563348865702608,1
0.2087859678466633,-0.32001253711106314,-0.1462188294158557,-0.9163238872203345,1
-0.7318800691646139,1.0010646631556996,-0.5179869303247199,0.26447266179059054,1
0.044418453058762214,-0.5159046355231328,-0.47841284384107413,-1.0820497186604643,0
-0.545276689280947,1.0560100078322556,0.6239537767658647,-0.7039876656876682,1
-2.259039283941811,-1.4475865669951715,1.87129854112539,1.4400902785690113,1
0.36141294586399964,-0.9156519257786571,-0.6667702747007338,-1.045797193032936,1
0.017735414943843227,-0.39008775930725065,-0.08343301912930247,-0.6045521668235904,1
-0.49635778607026215,1.0520284611165631,-0.28510865217095865,-0.8231031070352615,1
1.5022017687371692,1.6508530871567113,1.239254717574087,1.6700348696921916,1
-2.700376734362571,-1.3854744382303692,1.7476295208639971,1.0340619915406934,1
0.5485499865099644,-0.9379485873865351,-1.1595437554345915,-0.2596352801388201,1
0.12731375813577764,-0.4967932112878089,-1.155738554811164,-0.7019160927946666,0
-0.03936628662208304,-0.17269530863044166,0.09465037004710293,-1.0054015216194043,1
-0.16370924423760566,-0.37734680981703467,-0.06098233545108026,-0.9774352875638824,1
-0.7325916168476787,-0.10739794249308508,0.8058423665656979,0.5948885382243492,1
1.557524601095435,-1.399808006406862,1.5398655668248569,1.8885858099038628,1
0.5620693924881909,0.5455757188804805,-0.9491161609590524,0.7916879630595036,1
0.09191426090331829,-0.32638301185617113,-1.1481281535643093,-0.5828006514470733,0
0.5962236812752865,0.7510235294102123,0.8267709699945489,0.08321003365294855,1
-0.8133522788755005,1.972562061784663,1.197016990654042,1.2318972028223485,1
0.4845106950341595,0.08132737183073825,0.2967065231511018,0.02520599264890305,1
0.3923652700773058,-0.8997257389158873,-0.21699556101160666,-0.9567195586338663,1
1.5527216542347497,-1.4069747904951084,1.2974742871125267,1.8347249146858209,1
-1.2075496952932365,1.5322029950290754,1.0878077327616733,1.1738931618183033,1
-0.22454657113962123,-0.09386068365973053,-1.3342024640499126,-1.008508880958907,1
-0.5502575230623991,0.7112080622532876,0.7510474775883418,-0.6480551975766244,1
-0.002365807102728993,0.7558013854690432,0.3149714861435538,0.44677107637473334,1
-0.6319076196940506,0.9731938361458523,0.19358558625621752,-0.8251746799282632,1
0.4944723625970626,-0.20693661038539693,-0.651549472207024,-0.9888289384753913,0
0.012932468083158134,-0.046082123071421024,-1.3574141878528203,-1.068584494855954,0
1.5559236188085401,1.90009791155906,1.0908518932604154,1.6503549272086762,1
-0.12670876471825163,-0.9140593070923801,-0.9761330853853875,-0.7650990660312161,1
0.3854276801674271,-0.013433440002742728,-0.879100469487987,-1.0520119117119409,0
0.43078884496278963,-0.31045682499340116,-1.0214149728041741,-0.08458737068018302,1
0.6074305572835524,0.12671700438963246,-0.7565730094136222,-0.8220673205887608,0
1.465734949980113,-1.319380762749874,1.7099580346920649,1.8202239044348096,1
-1.4608606704642009,1.5871483397056314,1.5181759232713206,1.5229531942890764,1
-0.3716590546132076,-0.09863853971856168,-0.9715668446372745,-0.34456976875188666,1
-0.683494826716228,1.1802342653618607,-1.196454201481838,0.2996894009716181,1
0.006172765094045405,0.9938978790674533,0.5996004927759289,-0.6097310990560943,1
0.29008029063678303,-0.8678733651903476,-0.14279414885477112,-1.0540834846049425,1
-0.3682792031186512,-0.6297768715919375,-0.6420364706484554,-0.8210315341422599,1
0.17409801829726884,-0.4601629815034382,-0.24096832493919984,-0.5693354276425627,1
-0.13987239685494515,-0.4370700105524218,-0.11806034480249233,-0.8562482733232875,1
1.6400641323309173,1.8077260277549947,1.1916897097812436,1.6793569477106993,1
0.09564988623940658,0.9413414624203126,0.8526463342338554,-1.0561550574979441,1
-0.045770215769663836,-0.1854362581206576,-1.1724814375542452,-0.9722563553313786,1
0.30662377426803294,-0.9562637022787205,-1.1100761473300345,-0.24099112410180554,1
0.16146804692287323,0.050271307448336904,-0.2501008064354258,-0.16641449995374705,1
1.6217417794920068,2.2847153242949534,1.6110228184829507,1.624460266046156,1
1.4372730426575335,2.018748003686696,1.859121899130422,1.6814285206037005,1
-1.5635014237462557,-1.396622769034308,1.2080520724619814,1.51466690271707,1
0.5464153434607719,0.8171172048907073,0.3838456174275911,0.09356789811795663,1
-0.5988206524315519,0.6761704511551937,-1.005433130185779,0.052136440257924126,1
0.16449212457589765,-0.20614030104225844,-0.908781034350721,-1.0157593860844125,0
0.60938731341198,-0.0930643743165922,-1.3627414687256187,-0.9152881007738338,0
-2.115484538883547,1.3251625658130668,1.5809617335578736,1.416267190299493,1
1.493663196540396,1.4740724129799656,1.338189933783201,1.8015797483977949,1
-0.6217680652103816,0.9986757351262842,-1.3212647819302592,0.21268333946555,1
0.641584846070649,-0.6393325837095996,-0.9262849572184875,-0.8904292260578143,0
0.14456878945009138,-0.8837995520531174,-1.0743072614698161,-1.0613339897304481,1
-1.4423604307045235,1.7519843737352998,1.2982353272372127,1.7104305411057232,1
-0.5495459753793341,-0.16632483388533356,0.447011947776487,-0.8334609715002695,1
0.42723110654746627,-0.2825859979835539,-0.47004140246953374,-0.815852601909756,0
0.5344969197694411,-0.29214171010121587,-0.769130171470933,-0.6874150825436552,0
-2.0315219122819346,-1.401400625093139,1.288722325678644,1.9030868201548743,1
0.5175976622966593,-0.2889564727286618,-0.48526220496324357,-0.5838364378935741,0
-0.09949206584103373,-0.006266655914496287,-1.16068531562162,-0.4398621218299613,1
-2.826142787344222,-1.3751224167695686,1.8876609038061278,1.9051583930478762,1
-0.6753120283609855,-0.4235327517190674,0.6228122165788363,-1.0561550574979441,1
-0.5587960952591734,1.2718098398227882,-1.1298631905718572,0.789616390166502,1
-0.7539380473396138,1.255883652960018,-0.7006365602492384,-0.7671706389242178,1
0.22621888608174406,-0.25710409900312203,-1.2227100857834874,-0.8728208564673006,0
0.1966896572345666,-0.4227364423759289,-1.0948553448363245,-0.7215960352781821,0
-0.5233965980267141,1.1276778487147203,-1.1690567569931603,0.6891451048559231,1
-0.5787194303849786,0.7741165003612286,0.752950077900056,-0.6035163803770895,1
0.33739821156057315,-0.2969195661600467,-0.8969849124180961,-0.9111449549878304,0
-0.2780905342902252,-0.21410339447364335,-0.7649444507851628,-0.6366615466651154,1
0.5704300777641984,-0.40840287419943605,-1.1915074406713824,-0.694665587669161,0
-0.49955975064405256,1.1810305747049996,-0.8224029801989176,0.3535502961896603,1
0.42900997575512795,-0.27780814192472286,-1.0921917043999252,-0.9049302363088257,0
-1.1758858233968665,-1.3974190783774465,1.2088131125866668,1.0672071578287194,1
1.6768867249295054,-1.336899568298921,1.8298218543300304,1.4784143770895415,1
-0.4481504305426422,-0.07474925942440679,-0.3520801831432821,0.5213477005227917,1
0.6150796948764959,-0.35903169492484943,-0.8220224601365749,-0.6211247499676034,0
0.6348251430815363,0.021604171095351142,-1.1614463557463053,-0.815852601909756,0
0.6503013051881893,-0.0014887998556651378,0.07334124655590954,-0.8179241748027576,1
-3.071982511843009,2.0689154923044213,0.9276087865153766,1.9134446846198825,1
-0.13684831920192073,-0.23241850936582878,-0.8056600974558368,-0.8593556326627899,1
1.412902534512574,-1.4077710998382469,1.5139902025855503,1.5871719539721267,1
-2.9216680637956323,-1.3910486036323386,1.2346884768259738,1.8129733993093038,1
0.3078689827133957,-0.1615469778265027,-0.7862535742763564,-1.072727640641957,0
0.43096673188355555,-0.23401112805210572,-0.9141083152235195,-1.0716918541954563,0
1.4909948927289034,-1.3615851579362142,1.3298184924116605,1.0827439545262314,1
1.678665594137167,1.553703347293815,1.0999843747566411,1.686607452836205,1
-1.306276936318437,2.408939581824558,1.5417681671365706,1.8709774403133488,1
0.5544202548952474,-0.14243555359117896,-0.11882138492717823,-0.8044589509982469,1
1.578159483904306,-1.4133452652402163,1.146788342424799,1.7725777278957722,1
0.1844154597017039,-0.952282155563028,-0.04347841258331413,-0.6967371605621626,1
-2.4461763245877757,-1.4491791856814484,1.7015865933205245,1.9403751322289033,1
1.3823059841407999,2.353197927804864,1.0824804518888749,1.152141646441786,1
0.3416674976589593,-0.39964347142491263,-1.2649478127035327,-0.7878863678542339,0
0.19686754415533256,-0.40362501814060503,-0.5583220569330511,-0.8779997886998047,0
0.19597810955150172,-0.640128893052738,-1.2546737710202784,-0.8624629920022925,0
0.34220115842125826,-0.4681260749348231,-0.6968313596258111,-0.7723495711567219,0
0.005816991252512465,-0.2586967176893991,-0.3368593806495722,-0.8137810290167542,0
1.4531049786057184,2.4001801790500346,1.3857549415760444,1.2650423691103745,1
0.22212748690412282,-0.05643414453222138,-0.34865550258219724,-1.024045677656419,0
0.050466608364810074,-0.419551205003375,-0.6195857869702334,-0.7692422118172194,0
-2.2177695183240695,-1.4053821718088315,1.2320248363895743,1.228789843482846,1
0.5304055205918199,-0.14163924424804034,-1.1237748695743734,-0.8738566429138013,0
-0.7094663171480821,-0.07554556876754512,-0.7371664862341422,0.29865361452511735,1
0.01168725963779537,0.8386175571554466,0.6148212952696384,-0.9401469754898533,1
0.46138539533456285,-0.184639948777519,-1.1747645579283015,-0.8738566429138013,0
1.5155432877946287,1.5258325202839678,1.8667323003772769,1.8305817688998178,1
-0.3833995913837724,-0.38530990324841974,-0.09560966112427066,-0.9090733820948289,1
0.4437745901787162,-0.41636596763082095,-0.4156270335545209,-1.0043657351729036,0
1.4630666461686217,-1.31619552537732,1.3298184924116605,1.9258741219778919,1
0.550506742638392,-0.1878251861500729,-1.4053597157080062,-0.590051156572579,0
0.39699033001722495,-0.13128722278723998,-1.4144921972042324,-0.743347550654699,0
0.30182082740734784,-0.4012360901111896,-1.0328305746744568,-0.8168883883562567,0
-1.5631456499047236,1.3609964862542994,1.3598795773367374,1.2298256299293469,1
-0.2300610656833712,-0.03095224555178952,-0.4426439579808557,-1.0323319692284256,1
0.34433580147045184,0.12830962307590943,-0.832296501819829,-0.78270743562173,0
-0.027269976009986308,-0.15915804979708711,-0.46813880215781983,-0.8003158052122438,0
0.41015396215391847,-0.27143766717961487,-0.7352638859224285,-0.8831787209323085,0
-2.3483385181664063,-1.3663630139950451,0.9508205103182841,1.8720132267598502,1
-0.5721376143166329,-0.021396533434127507,-1.1218722692626595,0.5876380330988439,1
-0.6110948499644145,-0.4744965496799311,0.24495579467248818,0.3121188383296278,1
1.5840297522895879,-1.3743261074264301,1.6760917491435603,1.7964008161652905,1
0.38738443629585373,-0.29214171010121587,-0.9289485976548867,-1.0706560677489556,0
-0.4456600136519167,-0.38610621259155825,0.7586578788351969,-0.6086953126095936,1
-0.4052796826380053,1.2718098398227882,0.6243342968282071,-0.7796000762822274,1
0.5030109347938361,-1.0558023701710324,-1.2782660148855285,-0.694665587669161,1
0.014711337290818794,-0.2825859979835539,-1.3269725828654002,-0.5848722243400749,0
0.48700111192488504,-0.9562637022787205,-0.07696417806947571,-0.7754569304962243,1
0.40357214608557174,-0.38610621259155825,-0.4141049533051497,-0.7578485609057105,0
0.04726464379102068,-0.11297210789505457,-1.0518565777915942,-0.7889221543007348,0
-0.4986703160402217,0.9198411101555732,-0.829252341321087,-0.9422185483828549,1
0.0027929135994890415,-0.9530784649061664,-1.0362552552355413,-0.27827943617583467,1
0.4727701582635947,-0.2841786166698308,-1.2847348559453553,-0.809637883230751,0
0.002970800520255006,-0.1472134096500098,0.0923672496730469,-0.8521051275372844,1
-0.747534118192033,-0.6664071013763083,0.6836954265536758,-0.9391111890433526,1
0.3749323518422251,1.185012121420692,-1.143942432878539,0.43641321190972526,1
1.6301024647680142,2.223399504873289,0.9333165874505179,1.3644778679744525,1
0.3550090167164188,-0.6202211594742756,-0.5233142111975183,-0.1032315267171976,1
0.4434188163371842,-0.6074802099840597,-1.1724814375542452,-0.18505865599076163,1
0.5572664456275048,-0.005470346571357668,-0.5351103331301436,-0.9173596736668354,0
0.19829063952146128,-0.2515299336011525,-0.016842008219321716,-0.8531409139837851,1
0.48860209421178075,0.7988020899985219,0.3241039676397795,-0.7775285033892259,1
-0.645960686434575,0.0016964375168887732,-1.0568033386020497,0.6539283656748954,1
-0.2747106827956688,-0.5270529663270718,0.07486332680528023,-0.5807290785540716,1
-0.3759283407115948,-0.736482323572496,-0.4365556369833719,-0.7568127744592097,1
-0.560930738308366,0.04390083270322909,0.5577432859182263,-0.963970063759372,1
-0.629950863565624,0.050271307448336904,0.22631031161769377,-0.5796932921075708,1
0.6134787125896013,-1.002449644180753,-0.8273497410093734,-1.0644413490699507,1
-0.2980138694160314,-0.07395295008126816,-1.304902419249521,-1.0136878131914109,1
1.4539944132095493,-1.3289364748675359,0.883848979345961,1.4286966276575026,1
1.6759972903256757,-1.388659675602923,1.664295627210935,1.0723860900612237,1
-0.741663849806751,0.05186392613461386,0.7757812816406207,0.8507277905100499,1
-0.29427824407994313,0.05664178219344473,0.05012952275300198,-0.7236676081711837,1
-1.327445479889606,2.10634203143193,1.235830037013002,1.3592989357419483,1
1.4707157837615652,1.8133001931569643,1.398692623695698,1.2816149522543874,1
0.662931276562584,1.2996806668326348,-0.9689032042008753,0.640463141870385,1
0.2936380290521054,-0.5382012971310107,-0.9259044371561448,-0.29070887353384445,1
0.17427590521803482,-0.17189899928730304,-1.0499539774798803,-0.7682064253707186,0
-0.4527754904825613,1.3004769761757737,-0.6728585956982179,-0.6221605364141042,1
0.33953285460976573,-0.4975895206309475,-0.7786431730295017,-0.6801645774181496,0
-0.43303004227752107,-0.6409252023958765,0.159719300707713,-1.0602982032839474,1
0.07465922958900353,-0.0245817708066817,-1.2756023744491294,-0.8220673205887608,0
-0.43516468532671465,-0.6544624612292309,0.5923706115914167,0.06456587761593396,1
1.6594538066944258,1.431071708450487,1.2685547623744784,1.6348181305111642,1
0.503544595556135,-0.2953269474737698,-0.6093117452869791,-0.9401469754898533,0
-1.3688931324281133,-1.369548251367599,1.2289806758908324,1.1013881105632461,1
0.11219336987065648,-0.049267360443974936,-0.42475951505074666,-0.7153813165991773,0
0.30804686963416167,-0.627387943562522,-1.215860724661318,-0.8614272055557917,0
0.08088527181581837,0.012048458977689126,-0.5358713732548289,-1.0178309589774142,0
0.3663937796454517,-0.7938165962784675,-1.2093918836014916,-1.0468329794794369,1
0.11165970910835757,1.3068474509208816,0.8286735703062625,-0.6149100312885984,1
-0.5399400816579639,0.8274692263515079,-1.312132300434033,-1.041654047246933,1
-2.8857349058008746,1.6412973750390492,1.5722097721239907,1.4494123565875188,1
-0.03936628662208304,-0.6656107920331699,-1.0781124620932436,-0.9038944498623249,0
0.31142672112871805,-0.6568513892586465,0.017785317453868146,-0.5724427869820652,1
1.567308381737572,2.0744896577063905,0.9055386228994973,1.0444198560057016,1
-0.5022280544555451,-0.6218137781605526,0.6441213400700303,-0.6118026719490961,1
-0.4630929318869964,0.09725355869350809,0.48354187376139107,0.008633409504890052,1
1.4068543792065251,1.7177430719803446,0.9062996630241832,1.432839773443506,1
0.226574659923276,-0.48644118982700857,-1.342573905421453,-1.034403542121427,0
0.3615908327847656,-0.5843872390330435,-1.1545969946241357,-0.6055879532700912,0
0.002259252837190136,-0.20375137301284288,-1.1911269206090396,-0.6242321093071058,0
0.14278992024242973,0.06460487562482979,-1.1915074406713824,-0.7578485609057105,0
-0.3816207221761107,-0.6600366266312003,-0.9955396085648675,-0.5206534646570247,1
0.5848389183462547,0.9381562250477584,0.37965989674182093,-0.026583329676137524,1
0.38827387089968457,0.5535388123118656,0.6749434651197924,-0.9701847824383767,1
0.22728620760633983,-0.9554673929355818,-0.8117484184533206,-0.8997513040763215,1
-2.1750766573401985,1.6484641591272957,1.171141626414735,1.3644778679744525,1
-1.6599161348014966,1.7750773446863162,1.189026069344844,1.4701280855175352,1
0.6405175245460522,-0.28019706995413846,0.6216706563918081,0.20957598012604742,1
0.42740899346823225,-1.0550060608278937,-0.5453843748133976,-0.12394725564721375,1
0.3258355617107743,-0.3964582340523586,-0.501244047581639,-0.8697134971277981,0
0.33366258622448386,-0.7038336405038177,0.06953604593248175,-0.7537054151197071,1
-0.5434978200732863,-0.4091991835425745,0.8362839715531175,-1.0478687659259376,1
-0.491910613051109,0.7661534069298436,0.773878681328907,-0.9732921417778793,1
0.37012940498154,-0.47290393099365413,-1.18427755948687,-0.13223354721922026,1
-0.00023116405353539347,-0.10023115840483864,-0.8836667102360999,-0.8686777106812972,0
0.31818642411783077,0.022400480438489478,0.4831613536990481,0.849692004063549,1
0.2936380290521054,-0.2515299336011525,-0.7847314940269855,-0.7153813165991773,0
1.4185949159770899,2.357179474520556,1.8054685703400946,1.7715419414492715,1
0.4215387250829503,0.729523177145473,0.6977746688603575,-0.5941943023585823,1
0.28260903996460546,-0.08908282760089967,-0.17057211340579154,-0.5444765529265433,1
-0.25158538309607215,-0.04767474175769798,-1.314034900745747,-0.9163238872203345,1
0.4368370002688375,-0.4609592908465767,-0.8060406175181795,-0.8614272055557917,0
0.1828144774148082,-0.49599690194467044,-0.9955396085648675,-0.8914650125043151,0
0.2306660591008972,0.11238343621313958,-1.2634257324541613,-0.5258323968895287,1
-0.3117111623150228,-0.6313694902782147,-1.0080967706221784,-0.6573772755951317,1
0.09209214782408426,0.562298215086389,0.6932084281122444,-0.04419169926665131,1
0.26606555633335555,-0.564479505454581,-0.28320605185924475,-0.5931585159120814,0
0.036057767782753776,-0.14323186293431728,-0.8916576315452975,-0.6169816041816001,0
0.15275158780533285,-0.28736385404238485,-0.9190550760339753,-0.947397480615359,0
-0.497069333753327,0.7804869751063367,-0.33305418002614473,0.3431924317246522,1
1.519990460813782,1.3538297021660526,1.9108726276090353,1.1904657449623157,1
0.08035161105351946,-0.15995435914022574,-0.8817641099243863,-1.0250814641029198,0
-0.40421236111340947,0.6490959334884849,-0.5381544936288855,0.24997165153957915,1
0.4679672114029096,-0.6457030584547075,-0.6701949552618187,-0.34042662296588344,1
0.06398601434303654,-0.6974631657587097,-0.2443930055002847,-0.7309181132966894,1
-0.03687586973135751,-0.12730567607154744,-0.11615774449077872,-0.952576412847863,1
-0.17242570335514604,-1.0143942843278306,-0.5244557713845466,-0.7557769880127089,1
0.34913874833113695,-0.5461643905623956,-0.21280984032583647,-0.9318606839178468,1
1.5632169825599507,1.4724797942936885,1.5463344078846837,1.2536487181988656,1
-0.20978195671603303,-0.47768178705248515,-0.6454611512095402,-0.34664134164488825,1
-1.8410050201414134,2.0434335933239893,1.8709180210630472,1.117960693707259,1
0.497674327170853,-0.1376576975323478,-0.6728585956982179,-0.7350612590826926,0
1.4000946762174125,-1.330529093553813,0.8846100194706463,1.491879600894052,1
-1.7187967055750843,2.4798111133638843,1.547095448009369,1.4204103360854963,1
0.10525577996077778,-0.26984504849333796,0.10911013241612769,0.344228218171153,1
1.5537889757593466,1.363385414283715,1.0547024873378543,1.3137243320959124,1
0.3695957442192411,0.11716129227197045,-0.20976567982709454,-0.09805259448469347,1
-0.9312913073434425,-1.3209733814361508,0.880424298784876,1.4867006686615483,1
0.540367188154723,-0.5891650950918743,-0.505810288329752,-0.8842145073788096,0
-0.705019144128929,0.02478940846790505,0.14069329759057564,0.6891451048559231,1
-0.46184772344163366,0.6753741418120554,0.7487643572142858,-0.9391111890433526,1
0.11984250746360003,0.868081002851571,0.22821291192940737,0.5192761276297901,1
-0.22721487495111273,-0.799390761680437,-0.8064211375805221,-0.9007870905228224,1
-0.657345449363607,1.1746600999598913,0.2145141896850685,-0.8956081582903185,1
-0.9750514898519091,1.7105762878920985,1.210715712898381,1.6648559374596879,1
1.4018735454250741,-1.451568113710864,1.4786018367876745,1.6596770052271834,1
-0.4887086484773196,1.3148105443522666,-0.821641940074232,0.3877312489241871,1
1.5110961147754756,-1.3799002728283998,1.1224350584348632,1.8181523315418076,1
-0.000586937895067323,-0.5764241456016583,-0.5803922205489304,-0.5921227294655806,0
-0.28396080267550705,-0.9658194143963823,-1.125677469886087,-0.6294110415396098,1
1.4162823860071303,2.453532905040314,1.7521957616121098,1.832653341792819,1
-0.16104094042611417,-0.3271793211993096,-0.46699724197079157,-0.38807279950492074,1
0.5908870736523035,0.10123510540920061,-0.49401416639712664,-0.9795068604568841,0
0.5633146009335537,-0.2029550636697044,-1.243258169149996,-0.6273394686466082,0
-2.5534421378097503,-1.380696582171538,1.6840826704527583,1.9041226066013748,1
1.4038303015535016,1.4844244344407658,1.7689386443551907,1.5239889807355773,1
-0.5796088649888095,1.2933101920875272,-1.103226786207865,0.0013829043793843422,1
0.34931663525190293,-0.63375841830763,-1.267230933077589,-0.9277175381318434,0
-0.5808540734341723,0.5798170206354358,-0.7794042131541871,-0.749562269333704,1
0.4882463203702478,-0.08271235285579184,-0.7908198150244696,-0.7702779982637201,0
-1.258247467711583,2.43442148080499,1.4047809446931818,1.112781761474755,1
-0.000586937895067323,-0.26108564571881454,-0.32734637909100356,-0.6066237397165919,0
-2.695218013660353,2.353197927804864,0.8948840611539003,1.497058533126556,1
-0.4951125776248994,-0.5756278362585199,-0.9540629217695081,0.26550844823709135,1
-0.18203159707651723,-0.07873080614009932,-0.013036807595894461,-0.9370396161503507,1
0.013644015766221993,1.24951317821491,-1.3517063869176789,0.3183335570086327,1
-0.49315582149647275,-0.1559728124245332,-0.9262849572184875,0.13189199663848658,1
0.4041058068478706,-0.07076771270871425,-0.808323737892236,-1.062369776176949,0
-0.32451902061018445,-0.08589759022834575,-0.919816116158661,-0.2202753951717892,1
0.16306902920976893,0.028770955183597582,-1.0313084944250859,-0.6915582283296585,0
0.38507190632589416,-0.08589759022834575,-0.18427083565013042,-0.3777149350399126,1
0.049399286840213275,-0.8607065811021012,-1.3224063421172874,-0.8717850700207997,1
0.29701788054666173,0.0797347531444613,-0.947974600772024,-1.0872286508929685,0
1.4621772115647909,2.2791411588929837,1.5710682119369626,1.327189555900423,1
1.6587422590113607,2.0506003774122354,1.0999843747566411,1.1107101885817534,1
1.4842351897397905,-1.3623814672793526,1.3945069030099277,1.6089234693486438,1
0.42029351663758757,-0.9355596593571195,-0.8425705435030832,-0.9204670330063379,1
1.700545685391401,-1.3520294458185522,1.9881182002646132,1.0568492933637113,1
1.6002174620793048,2.506885631030593,0.8678671367275655,1.8544048571693361,1
0.32672499631460517,-0.5310345130427643,-0.9434083600239112,-1.0768707864279605,0
0.6367818992099639,-0.19101042352262695,-1.02636173361463,-0.9256459652388419,0
-0.6817159575085663,0.5559277403412811,-0.9182940359092897,0.9553422216066316,1
0.17036239296117955,-0.1137684172381929,-1.3193621816185455,-0.8987155176298208,0
0.1584439692698498,0.8402101758417237,-1.1279605902601435,-0.015189678764628657,1
1.4509703355565249,1.4438126579407027,1.1483104226741703,1.1500700735487845,1
0.47348170594665956,-0.1878251861500729,-0.6173026665961768,-0.4253611115789499,1
0.556021237182142,-0.4697186936211001,-0.7257508843638598,-0.46575678299248163,1
-0.39051506821441706,-0.06758247533616035,-1.404218155520978,-0.22338275451129175,1
1.7145987521319244,1.4350532551661792,1.9188635489182333,1.1407479955302773,1
0.23226704138779192,-0.011840821316465773,-0.06478753607450806,-0.5455123393730441,1
0.6664890149779074,-0.18941780483634998,0.0839958083015065,-1.0095446674054076,1
-0.21120505208216175,-0.7563900571509583,-1.228037366656286,-0.6687709265066407,1
-0.5746280312073585,0.7613755508710127,-0.2763566907370753,0.052136440257924126,1
-0.26136916373820934,-0.0038777278850807124,-1.202542522479322,-0.8417472630722763,1
1.5388464744149914,2.0036181261670647,1.149832502923541,1.9124088981733818,1
-0.2926772617930474,-1.007227500239584,-0.739069086545856,-0.749562269333704,1
0.1354965564910191,-0.20056613564028897,-0.9909733678167546,-1.0385466879074303,0
0.20398302098597823,-0.9005220482590259,-1.2854958960700409,-0.20059545268827383,1
1.408099587651889,1.552110728607538,1.4070640650672384,2.009772824144458,1
1.658386485169829,1.797374006294194,0.9142905843333806,1.5115595433775675,1
-2.3897861707049137,-1.33212171224009,0.8766190981614488,1.8057228941837982,1
1.4888602496797096,1.7392434242450843,1.2902444059280147,1.6990368901942146,1
0.38685077553355585,-0.26904873915019945,-0.7881561745880704,-0.9194312465598371,0
1.6461122876369663,1.5951114331370166,1.7046307538192664,1.4670207261780326,1
0.34060017613436255,-0.5517385559643652,-1.062130619474848,-0.6853435096506536,0
-0.353514588695063,-0.6632218640037544,-0.8794809895503296,-0.9960794436008971,1
0.6641764850079467,0.06619749431110675,-0.671336515448847,-0.6480551975766244,0
-0.4449484659688518,-0.0866938995714841,0.30926368520841235,-0.799280018765743,1
0.5163524538512955,-0.6011097352389517,-0.3775750273202462,-0.5993732345910863,0
0.1870837635131954,-0.011044511973327153,-0.4141049533051497,-0.6470194111301236,0
0.23618055364464616,0.7128006809395645,-1.136332031631684,0.09874683035046057,1
-2.4863787686809204,-1.3233623094655664,1.9561545150278223,1.3313327016864265,1
1.6379294892817238,1.4812391970682117,1.5794396533085029,1.894800528582868,1
-0.6653503607980824,0.0741605877424918,-1.0046720900610935,0.8963023941560854,1
0.5323622767202475,-0.20056613564028897,0.6532538215662561,0.10496154902946549,1
-0.2001760629946618,-0.49201535522897805,-0.6918845988153554,-0.48957987126200025,1
0.17979039976178476,-0.12252782001271659,-0.059840775264051974,-0.2751720768363323,1
0.30004195819968615,-0.7555937478078197,0.002183994897815643,-0.9826142197963866,1
0.29150338600291176,0.8672846935084326,0.4941964355069875,-0.7806358627287283,1
-0.7370387898668319,0.6299845092531612,0.8039397662539837,-0.8003158052122438,1
0.6421185068329479,-0.3964582340523586,-0.669814435199476,-0.9173596736668354,0
0.3530522605879922,-0.49042273654270097,-0.6454611512095402,-1.0178309589774142,0
0.5898197521277068,-0.3606243136111264,-0.2892943728567288,-0.2440984834413079,1
-1.2972047033593646,1.759947467166685,1.1125415368139517,1.6741780154781947,1
-1.9578767270847586,1.9653952776964165,2.000675362321924,1.5312394858610832,1
-2.118864390378103,-1.3910486036323386,1.0653570490834512,1.7922576703792874,1
-0.6957690242490907,-0.5589053400526116,-0.7531483288525376,-0.006903387192622157,1
0.1130828044744873,-0.49042273654270097,-0.04119529220925756,-1.0281888234424221,1
0.04850985223638345,-0.35345752952287995,-0.5373934535041999,-0.6656635671671383,0
0.23546900596158232,0.6451143867727923,0.47745355276390666,0.2199338445910557,1
0.14456878945009138,-0.3279756305424481,-1.2181438450353745,-0.661520421381135,0
-0.7329473906892107,1.038491202283209,-1.2489659700851372,0.4705941646442521,1
0.11806363825593837,-0.19658458892459643,-0.9970616888142384,-1.0054015216194043,0
0.10258747614928528,-0.5286455850133487,-1.3673077094737316,-0.35699920610989644,1
0.15292947472609983,0.09327201197781555,-0.8810030697997007,-0.9598269179733686,0
0.5816369537724643,-1.0319130898768774,-0.012275767471208577,-1.0509761252654402,1
-1.475981058729322,-1.4284751427598479,1.5451928476976553,1.9465898509079085,1
-2.6724484878022885,-1.4459939483088946,1.5098044818997802,1.245362426626859,1
0.005105443569448606,0.000900128173750154,-0.5921883424815556,-0.5165103188710214,1
-0.24322469782006473,0.03434512058556707,-1.1485086736266519,-0.6977729470086634,1
0.4982079879331509,0.5630945244295276,0.18140894426124934,-0.6004090210375871,1
-2.1483936192252795,1.3394961339895597,1.4595758336705373,1.9010152472618729,1
-0.2284600833964755,-0.06280461927732948,-0.5157038099506632,-0.9018228769693232,1
0.059538841323883374,0.8577289813907706,0.29061820215361794,0.7761511663619912,1
-0.11212203721542936,0.022400480438489478,-0.6762832762593025,-0.9152881007738338,1
0.6008487412152056,-0.2356037467383827,-0.4160075536168636,-0.9940078707078954,0
1.4753408437014843,-1.3990116970637234,1.3541717764015964,1.7549693583052581,1
-0.7478898920335659,-0.6146469940723062,0.6330862582620904,0.5638149448293251,1
0.06861107428295567,0.9580639586262207,-0.8745342287398739,0.20543283434004428,1
0.36497068427932194,-0.7181672086803105,-0.25124236662245414,-0.6729140722926439,1
1.5546784103631763,-1.454753351083418,1.8545556583823086,1.8792637318853558,1
0.2747820154508959,-1.0406724926514008,-0.44378551816788403,-0.7019160927946666,1
-2.8643884753089397,2.2950673457557533,1.2925275263020712,1.8916931692433654,1
-0.167266982652928,-1.0629691542592787,-0.4571037203498802,-0.6345899737721139,1
0.00030249670876250086,-0.40203239945432806,-0.14279414885477112,-0.9784710740103832,1
-0.3794860791269171,0.011252149634550788,-0.46395308147204967,-1.0934433695719734,1
0.028764404031343158,-0.01741498671843526,-1.0708825809087315,-1.0675487084094533,0
1.4685811407123717,1.9200056451375223,1.16771694585365,1.6037445371161398,1
0.6351809169230682,-0.25073362425801404,-0.6964508395634682,-1.0054015216194043,0
0.2009589433329538,-0.8288542073765612,-0.49058948583604206,-1.034403542121427,1
0.07341402114364076,-0.6242027061899682,-0.3631152649512217,-0.7112381708131739,0
0.27833975386621823,-0.8017796897098524,-0.7885366946504131,-0.8925007989508159,1
0.6600850858303265,-0.6154433034154446,-0.7257508843638598,-0.7816716491752291,0
0.5195544184250859,-0.6162396127585831,-0.7169989229299765,-0.9981510164938988,0
1.4756966175430162,1.7718921073137623,1.3511276159028545,1.6544980729946794,1
0.36105717202246773,-0.4784780963956236,-0.47727128365404586,-0.847961981751281,0
0.343446366866621,-0.24834469622859862,-0.6488858317706248,-0.9442901212758564,0
-0.5178821034829642,-0.5509422466212267,0.23696487336329072,0.360800801315166,1
-1.381167329960976,2.3309012661969857,1.6951177522606977,1.5229531942890764,1
-3.1708876397889756,1.4454052766269798,1.6993034729464678,1.6058161100091415,1
-2.035079650697257,2.1851766564026414,1.398692623695698,1.2712570877893792,1
-0.13773775380575157,-0.8662807465040705,-1.342573905421453,-0.9536121992943637,1
0.5506846295591581,-0.26506719243450705,-0.6180637067208624,-0.7868505814077331,0
0.5359200151355699,0.7223563930572265,0.20690378843821347,0.9004455399420889,1
0.07234669961904397,-0.002285109198803757,-0.6747611960099316,-0.375643362146911,1
1.641665114617813,1.54574025386243,1.093135013634472,1.2660781555568752,1
1.5358223967619669,2.20189915260855,1.2015832314021546,1.4587344346060263,1
0.06558699662993124,-0.5748315269153814,-0.8041380172064656,-0.08251579778718145,1
-0.8992716616055394,2.172435706912425,1.6414644234703704,1.5933866726511314,1
0.20078105641218782,-0.8352246821216693,-0.3558853837667096,-0.9256459652388419,1
-0.6495184248498974,0.020807861752212522,0.3488377716920583,-0.9411827619363541,1
-0.6048688077375998,-0.2786044512678615,0.8008956057552418,-0.6242321093071058,1
-2.89285038263152,-1.4563459697696952,1.6791359096423022,1.5053448246985628,1
-1.4396921268930318,-1.308232431945935,1.899837545801096,1.5509194283445982,1
-2.124912545684151,2.379476136128434,1.628526741350717,2.00045074612595,1
-1.7990237068406074,2.3595684025499715,1.8522725380082525,1.9248383355313914,1
1.5283511460897903,-1.309825050632212,1.9439778730328545,1.671070656138692,1
1.625833178669627,-1.4340493081618173,1.3218275711024625,1.0392409237731977,1
0.43221194032891835,0.0980498680366467,-1.1918879607337252,-0.6335541873256131,0
0.535030580531739,-0.3582353855817109,-0.32734637909100356,-0.9629342773128711,0
0.3484272006480721,0.9214337288418503,-0.404591951746581,0.1950749698750362,1
-0.656811788601309,1.2383648474109712,-0.3848049085047583,-0.0006886685136172366,1
0.10454423227771291,-0.34071658003266403,-0.3406645812729995,-0.710202384366673,0
-0.9839458358902156,-1.319380762749874,1.3568354168379955,1.0009168252526675,1
0.5965794551168194,0.10840188949744706,-0.186553956024187,-0.1104820318427033,1
0.05295702525553661,-0.4609592908465767,0.6532538215662561,0.8258689157940302,1
-0.1364925453603888,-0.005470346571357668,-1.2333646475290845,-0.8365683308397721,1
0.32245571021621794,-0.08828651825776106,-0.34827498251985456,-0.8521051275372844,0
-3.0906606385234525,2.3293086475107088,1.061171328397681,1.6213529067066534,1
0.18832897195855816,-0.345494436091495,-1.3284946631147712,-1.0261172505494207,0
0.11450589984061604,-0.24436314951290608,-0.9826019264452142,-0.6708424993996422,0
1.6863147317301106,2.049804068069097,1.1700000662277066,1.0640997984892169,1
-0.14574266524022705,-0.3088642063071242,-0.8566497858097648,-0.48957987126200025,1
0.5914207344146014,-0.3216051557973401,-0.4593868407239368,-0.7143455301526764,0
-0.1613967142676461,-1.0016533348376147,-0.8182172595131474,-0.826210466374764,1
-0.544565141597883,-0.4338847731798679,0.6833149064913333,0.8300120615800337,1
-0.6470280079591718,0.03434512058556707,0.21375314956038316,0.3214409163481351,1
-0.11656921023458253,-0.9626341770238283,-0.4978193670205542,-0.7982442323192421,1
1.5061152809940246,2.1222682182947006,1.207291032337296,1.9849139494284382,1
0.23369013675392064,-0.08987913694403829,-1.2303204870303426,-0.5973016616980846,0
-0.5502575230623991,-0.04448950438514407,0.3446520510062881,-0.738168618422195,1
1.599861688237773,1.5274251389702445,1.3990731437580404,1.3396189932584328,1
0.013288241924690063,-0.16313959651277965,-1.029405894113372,-0.8396756901792745,0
-0.08241492144748595,-0.7532048197784043,-1.3098491800599767,-0.7909937271937364,1
-0.5431420462317533,-0.25312255228742964,0.4283664647216926,0.16710873581951413,1
1.5827845438442252,-1.3607888485930757,1.3187834106037206,1.3644778679744525,1
-0.7464667966674361,0.6586516456061469,0.7495253973389712,-0.9587911315268679,1
0.10134226770392252,0.10840188949744706,-1.3593167881645338,-1.0882644373394692,0
0.45978441304766815,-0.4928116645721165,-0.6279572283417738,-0.89767973118332,0
0.5773676676740771,-0.3319571772581406,-0.3969815504997262,-0.8106736696772519,0
-0.12457412166905803,-0.23799267476779812,-0.062123895638108544,-0.6004090210375871,1
-2.8056857914561175,1.8109112651275487,1.0318712835972896,1.6855716663897036,1
-0.24429201934466152,-0.5421828438467031,-1.2573374114566775,-0.9546479857408647,1
0.3925431569980718,-0.4314958451504525,-0.06630961632387875,-0.7568127744592097,1
0.3091141911587585,0.011252149634550788,-0.47993492409044514,-1.0934433695719734,0
-0.5913494017593743,0.6220214158217761,-1.3235479023043157,-1.0147235996379116,1
-0.08081393916059125,-0.026174389492958656,-0.8326770218821716,-0.13119776077271947,1
-0.7331252776099767,-0.22843696265013624,-1.139376192130426,0.48302360200226174,1
1.3887099132883807,-1.396622769034308,0.9454932294454856,1.1076028292422513,1
-0.587435889502519,1.186604740106969,-0.8947017920440394,-0.9297891110248452,1
0.4366591133480715,-0.3638095509836803,-0.8692069478670753,-0.46989992877848485,1
1.47142733144463,1.9247835011963534,0.9500594701935987,1.3427263525979354,1
-0.40954896873639246,-0.12093520132643934,0.4987626762551006,0.5731370228478324,1
1.5461398381664029,-1.3281401655243974,1.9173414686688621,1.2764360200218834,1
-0.5244639195513109,-0.5079415420917479,0.426083344347636,0.7647575154504823,1
0.5921322820976663,-0.43547739186614487,-0.8277302610717161,-0.6190531770746017,0
0.4117549444408132,-0.8678733651903476,-1.0020084496246942,-0.8168883883562567,1
-0.49973763756481854,-0.1440281722774559,0.5375757226140607,0.13292778308498737,1
0.20611766403517082,-0.4386626292386989,-1.2873984963817546,-0.980542646903385,0
0.343624253787387,0.7836722124788906,-0.7539093689772232,0.15882244424750763,1
-0.41933274937852966,1.2152718764599548,-0.7112911219948354,0.9574137944996333,1
0.5780792153571419,-0.9674120330826594,-0.26760472930319223,-1.0271530369959214,1
1.6002174620793048,2.3786798267852958,1.1631507051055374,1.2899012438263937,1
-0.08579477294204231,-0.25710409900312203,-0.40725559218298024,-0.881107148039307,1
0.45177950161319164,-0.4012360901111896,-0.39545947025035527,-1.029224609888923,0
0.016490206498480462,-0.5366086784447336,-0.6443195910225119,-0.7485264828872032,0
-0.34106250424143436,-0.05165628847339051,-0.7413522069199123,-0.5247966104430279,1
1.4908170058081374,1.8483378042550578,1.4626199941692792,0.9843442421086545,1
0.5341411459279082,-1.0191721403866614,-0.8125094585780063,-0.8272462528212648,1
0.311604608049484,-0.10978687052250066,-0.14545778929117037,-0.4481484134019678,1
-0.6255036905464709,0.5630945244295276,-0.3867075088164719,-0.914252314327333,1
0.19259825805694536,-0.7436491076607423,-0.385185428567101,-0.29070887353384445,1
0.10650098840614054,-0.802575999052991,-0.03282385083771716,-0.6874150825436552,1
0.5869735613954482,1.1467892729500444,0.20994794893695537,-0.7982442323192421,1
-2.832902490333335,-1.3472515897597215,1.5699266517499342,1.6658917239061883,1
-1.2710553260067436,1.6890759356273588,1.8115568913375784,1.702144249533717,1
0.12713587121501066,0.9532861025673899,0.4957185157563587,0.816546837775523,1
0.5142178108021029,-0.4378663198955604,-0.49515572658415496,-0.18920180177676496,1
-0.6370663403962687,-0.08749020891462271,0.5767692890353637,-0.9463616941688582,1
0.0700341696490844,-0.3216051557973401,-0.5244557713845466,-1.0333677556749263,0
-0.02122182070393845,0.8855998084006177,0.6947305083616157,0.6394273554238844,1
1.4196622375016867,1.5560922753232302,1.9005985859257815,1.5343468452005853,1
0.6543927043658105,-0.13287984147351695,-0.10588370280752468,-1.0675487084094533,1
0.2573490972158162,-0.5246640382976563,-1.122633309387345,-1.0043657351729036,0
-0.7425532844105819,-0.2722339765227535,-0.5849584612970432,0.8641930143145603,1
0.26784442554101723,0.10123510540920061,-1.0217954928665172,-0.9194312465598371,0
-0.31544678765111217,-0.11774996395388543,-0.021408248967434856,-0.7340254726361918,1
1.4847688505020895,2.209065936696796,1.4306563089324882,1.982842376535437,1
0.6145460341141981,-0.635351036993907,-1.390519433276639,-0.9505048399548613,0
0.05242336449323771,-0.34310550806207946,-0.8498004246875953,-1.0551192710514432,0
0.03356735089202825,0.05664178219344473,-0.20063319833086854,-0.8376041172862729,1
-0.7486014397166297,-0.06917509402243731,-1.1584021952475634,0.8631572278680597,1
0.3759996733668219,-0.17588054600299557,-0.23944624468982886,-0.7226318217246829,1
0.380624733306741,-0.42671798909162145,-0.37300878657213304,-0.847961981751281,0
0.3519849390633954,-0.18941780483634998,-0.4810764842774734,-0.6843077232041528,0
-1.7620232273212533,-1.4189194306421857,1.8640686599408773,1.1966804636413209,1
0.6088536526496822,-0.7452417263470194,-0.7950055357102398,-0.766134852477717,1
-2.825609126581924,-1.3926412223186155,1.6875073510138425,1.602708750669639,1
-0.29783598249526544,-0.4155696582876825,-1.3467596261072232,-0.5910869430190798,1
0.23315647599162276,-0.8121317111706529,-0.018364088468692943,-1.002294162279902,1
0.22248326074565475,-0.1050090144636695,-1.414872717266575,-0.375643362146911,1
0.5899976390484727,-0.5198861822388253,-1.067077380285304,-1.0447614065864352,0
-0.6827832790331632,0.9134706354104651,0.38194301711587747,-0.8458904088582795,1
-0.545276689280947,0.9007296859202493,-0.5084739287661512,0.8931950348165831,1
0.058471519799286574,1.0695472666656103,0.49724059600572995,-1.0116162402984092,1
0.5188428707420221,-0.8304468260628382,-1.2497270102098226,-0.661520421381135,1
1.588121151467208,1.7575585391372694,1.285297645117559,1.941410918675404,1
0.4706355152144011,0.09088308394840026,-0.10550318274518175,-0.7226318217246829,1
-2.981971729935349,-1.4045858624656928,1.3134561297309222,1.4431976379085139,1
0.0008361574710614064,0.04947499810519829,-0.016080968094636373,-0.9960794436008971,1
0.4583613176815384,-0.14004662556176337,-0.8813835898620432,-1.0758349999814596,0
0.5513961772422229,-0.20056613564028897,-1.1991178419182373,-0.8251746799282632,0
-2.4033055766831395,-1.4189194306421857,1.402878344381468,1.3541200035094443,1
-1.024326166904126,2.0099886009121724,1.8792894624345875,1.9735202985169293,1
-1.087653910696867,-1.3337143309263668,0.9024944624007554,1.91033732528038,1
1.6071550519891846,-1.4133452652402163,1.764372403607078,1.735289415821743,1
0.4539141446623853,0.5662797618020815,0.7731176412042217,-0.6884508689901562,1
0.6435416021990766,-0.30249373156201625,-0.8341991021315428,-0.9256459652388419,0
1.5158990616361616,-1.3607888485930757,1.1669559057289647,1.7270031242497368,1
0.09458256471480979,-0.5899614044350128,-0.28092293148518815,-0.6521983433626277,0
0.40873086678778975,-0.87185491190604,-0.05907973513936663,-1.0167951725309134,1
0.6236182670732704,-0.23321481870896726,-0.38138022794367343,-1.0136878131914109,0
-3.1338871602696208,-1.4579385884559721,1.7548594020485093,1.5188100485030733,1
0.6195268678956491,-0.36142062295426486,-0.44112187773148476,-0.776492716942725,0
0.44430825094101506,-0.1376576975323478,0.4706041916417375,0.14224986110349483,1
0.6118777303027055,-0.6265916342193836,0.46641847095596733,0.05006486736492255,1
0.22675254684404195,-0.24675207754232165,-1.140898272379797,-1.0188667454239149,0
0.44768810243557144,0.0741605877424918,-1.1340489112576275,-0.9556837721873656,0
-1.1403084392436411,2.390624466932373,1.189406589407187,1.9051583930478762,1
-0.3264757767386121,-0.8336320634353922,-0.7470600078550534,-0.7671706389242178,1
-0.4292944169414328,-0.25471517097370655,-1.16068531562162,0.6715367352654095,1
1.412368873750275,-1.338492186985198,1.320305490853092,1.6306749847251607,1
1.4733840875730566,-1.3735297980832917,1.1821767082226748,1.4214461225319968,1
-0.40439024803417545,0.011252149634550788,0.7826306427627904,0.11531941349447357,1
0.5476605519061346,0.6913003286748252,0.20233754769010087,0.08010267431344599,1
0.04459633997952818,-0.08271235285579184,-0.3547438235796813,-0.2285616867437957,1
1.4018735454250741,2.501311465628624,1.6665787475849916,1.7829355923607804,1
0.20344936022367932,-0.002285109198803757,-0.6671507947630768,-0.8438188359652778,0
-0.5694693105051404,-0.6186285407879987,-0.5803922205489304,0.5503497210248145,1
0.035168333178923955,0.08690153723270773,-0.9715668446372745,-0.8821429344858078,0
0.4434188163371842,-0.7356860142293573,-0.6039844644141806,-0.9266817516853426,1
0.16057861231904239,-0.4705150029642386,-1.06098905928782,-1.0654771355164514,0
1.6727953257518853,2.3627536399225253,1.2891028457409863,1.7829355923607804,1
0.5152851323266997,-0.2539188616305681,-1.3444765057331667,-1.0613339897304481,0
-0.9492578863408211,2.1151014342064536,1.1224350584348632,1.2432908537338574,1
-0.9698927691496911,1.597500361166432,0.9873504363031881,1.5778498759536195,1
0.3178306502762988,-0.6377399650233225,-1.23412568765377,-0.7505980557802048,0
-0.02157759454547038,-0.06280461927732948,-0.750865208478481,-0.969148995991876,0
-2.2188368398486666,-1.3329180215832286,1.6878878710761855,1.5353826316470862,1
-0.4961798991494962,1.0042499005282537,-1.1081735470183207,0.29761782807861653,1
-0.5194830857698588,1.0830845254989645,-0.5670740183669342,-1.0851570779999669,1
-0.7089326563857842,0.8123393488318764,-1.3068050195612346,-0.5993732345910863,1
-0.32291803832328875,-0.8129280205137913,-0.8113678983909779,-0.6304468279861106,1
1.4413644418351537,2.2807337775792607,1.6547826256523663,1.8937647421363673,1
-0.4630929318869964,1.2168644951462315,0.1277556154709221,-0.9826142197963866,1
0.04655309610795581,1.3203847097542363,0.2731142792858518,0.5855664602058419,1
0.2146562362319452,-0.6536661518860925,-1.306424499498892,-0.9070018092018273,0
1.4545280739718471,-1.308232431945935,1.249528759257341,1.2733286606823808,1
0.4620969430176277,-0.07634187811068374,-0.22460596225846172,-0.7050234521341692,1
0.5133283761982721,-1.0327093992200158,-0.3950789501880123,-1.041654047246933,1
0.23973829205996952,0.6817446165571632,0.32752864820086436,0.5990316840103527,1
0.04068282772267392,1.0504358424302862,0.29594548302641643,0.44884264926773493,1
1.4319364350345494,2.1740283255987025,1.2137598733971229,1.7093947546592227,1
1.4591531339117663,-1.4308640707892635,1.6989229528841254,0.9988452523596659,1
0.15168426628073606,-0.5039599953760555,-0.59142730235687,-0.9111449549878304,0
0.19544444878920383,-0.5278492756702102,0.2259297915553508,0.9408412113556206,1
-0.8261601371706612,-1.3814928915146767,1.8225919731455182,1.19564467719482,1
0.550862516479925,-0.02378546146354308,-1.1709593573048738,-0.2503132021203128,1
0.009730503509367735,-0.23799267476779812,-0.659159873453879,-1.0002225893869003,0
-2.0711906956127812,-1.3520294458185522,0.993438757300672,1.5840645946326242,1
-2.108013288211369,2.1031567940593763,1.0265440027244912,0.9915947472341602,1
0.10685676224767247,-0.06519354730674477,-0.812889978640349,-0.6739498587391447,0
-0.13186748542046967,-0.6138506847291677,-1.2862569361947263,-0.9328964703643475,1
-0.14520900447792914,-0.9045035949747183,-1.1545969946241357,-0.8531409139837851,1
0.12517911508658405,-0.6242027061899682,-0.930090157841915,-0.8666061377882955,0
1.5158990616361616,-1.3830855102009536,0.8960256213409286,1.1832152398368105,1
1.5614381133522892,-1.31619552537732,0.9192373451438361,1.2256824841433438,1
-0.24464779318619345,0.0024927468600271095,-0.39355686993864136,-1.0882644373394692,1
0.29114761216137985,-0.38610621259155825,-0.41220235299343605,-0.8023873781052454,0
0.5092369770206508,-0.03732272029689763,-0.5210310908234618,-0.6097310990560943,0
0.29150338600291176,0.03991928598753655,-0.6100727854116648,-0.49786616283400675,1
-0.5248196933928428,1.2678282931070952,-1.0465292969187956,0.07699531497394363,1
-1.012229856292029,1.7105762878920985,0.964899752624966,1.9061941794943766,1
-0.667662890768042,0.8282655356946462,0.30317536421092856,-0.8572840597697883,1
0.5202659661081508,-0.5764241456016583,-1.0754488216568443,-0.881107148039307,0
0.04619732226642388,-0.268252429807061,-0.5590830970577365,-0.766134852477717,0
-0.4136403679140137,0.8179135142338458,0.2156557498720968,-1.0540834846049425,1
-0.7219184016017107,0.961249195998775,0.25028307554528667,-0.7319538997431903,1
1.4698263491577344,1.846745185568781,1.0379596045947734,1.844046992704328,1
-0.6733552722325589,1.0838808348421032,0.2765389598469361,-0.7060592385806699,1
0.4245628027359748,-0.351864910836603,-1.201020442229951,-0.716417103045678,0
-0.6114506238059465,1.033713346224378,-0.9616733230163629,0.4954530393602714,1
0.6488782098220606,-0.424329061062206,-0.9902123276920689,-0.7226318217246829,0
0.47686155744121594,-0.6297768715919375,-0.14355518897945646,-1.001258375833401,1
-0.67833610601401,1.225623897920755,-1.356272627665792,0.45609315439324066,1
-0.289475297219257,-0.29612325681690826,-0.7470600078550534,-0.6470194111301236,1
-0.9207959790182404,1.8005592436667481,1.118629857811436,1.0786008087402283,1
-0.5360265694011087,1.1213073739696124,-0.9791772458841294,-0.0006886685136172366,1
0.27086850319404165,-0.42194013303279043,-0.9795577659464723,-0.9846857926893882,0
0.60938731341198,0.020807861752212522,-0.48297908458918704,-0.8044589509982469,0
0.02467300485372192,-0.07076771270871425,-0.9415057597121975,-0.6055879532700912,0
0.5119052808321424,1.3028659042051889,0.7320214744712045,0.18264553251702637,1
0.5649155832204484,0.05106761679147553,-1.2912036970051821,-0.9111449549878304,0
0.556377011023674,-0.9029109762884412,-1.3189816615562024,-0.9266817516853426,1
0.32316725789928286,-0.1790657833755495,-1.2649478127035327,-0.8686777106812972,0
1.397248485485155,2.0665265642750055,1.3572159369003383,1.7456472802867513,1
-0.5109445135730855,0.6180398691060836,0.26169867741556896,-0.8614272055557917,1
1.4201958982639846,1.4350532551661792,1.7883451675346709,1.4038377529414832,1
0.4316782795666194,-1.0558023701710324,-0.35931006432779417,-0.6304468279861106,1
1.476763939067613,1.7304840214705608,1.4603368737952227,1.3313327016864265,1
-0.7249424792547352,-0.5493496279349496,-0.3494165427068828,0.006561836611888474,1
0.418158873588394,-0.5963318791801208,-0.52217265101049,-1.0924075831254727,0
0.32690288323537114,0.6092804663315602,-0.6310013888405157,0.03142071132790797,1
0.247743203494445,0.09884617737978504,-0.41943223417794817,-0.6211247499676034,0
1.5879432645464422,2.2226031955301506,0.9355997078245746,1.7549693583052581,1
-0.704663370287397,-0.4004397807680511,0.3964027794849017,0.7202186982509474,1
1.6172946064728537,1.775873654029455,1.1026480151930407,1.0092031168246738,1
0.524179478365006,0.039122976644397935,-0.28282553179690206,-1.0602982032839474,0
-0.4394339714251019,0.9071001606653574,-1.2173828049106892,0.05524379959742649,1
0.5344969197694411,-0.10421270512053117,-0.07011481694730654,-1.0634055626234498,1
-0.709999977910381,-0.6385362743664611,0.16580762170519683,0.34733557751065536,1
0.4350581310611758,-0.5238677289545178,-0.9822214063828715,-0.8137810290167542,0
0.5626030532504889,-0.6202211594742756,-0.44340499810554135,-0.7713137847102209,0
0.5421460573623846,-0.8543361063569931,-1.005433130185779,-0.5258323968895287,1
-0.0427461381166394,-0.23799267476779812,-1.410306476518462,-0.8003158052122438,0
-0.07743408766603489,-0.570849980199689,-0.031301770588345934,-0.7454191235477007,1
0.5476605519061346,-0.5302382036996257,-1.2268958064692579,-0.5921227294655806,0
0.43790432179343425,0.5853911860374053,0.6555369419403126,0.2624010888975888,1
0.1621795946059381,-0.8200948046020378,-1.2832127756959844,-0.7806358627287283,1
-0.5283774318081651,-0.5995171165526748,0.31915720682932397,-0.9339322568108483,1
0.1322945919172287,0.7550050761259048,0.7377292754063459,-0.8614272055557917,1
0.12873685350190636,1.0146019219890539,0.17379854301439482,-1.0613339897304481,1
0.2763829977377916,-0.4028287087974666,-1.3463791060448802,-0.8873218667183119,0
-3.131752517220428,-1.3703445607107376,1.5767760128721033,1.91033732528038,1
-0.6046909208168338,-0.29851218484632386,0.11025169260315597,-0.9070018092018273,1
1.3842627402692274,2.0028218168239262,1.5859084943683297,1.8585480029553394,1
0.5962236812752865,1.3004769761757737,0.2350622730515771,0.409482764300704,1
-0.7327695037684447,-0.5015710673466399,-0.7634223705357919,0.9398054249091196,1
-0.5637769290406245,-0.17747316468927254,0.48772759444716124,0.40326804562169927,1
-0.43623200685131147,0.7956168526259679,0.3549260926895421,-0.8376041172862729,1
-0.05377512720413933,-0.8798180053374249,-0.6511689521446813,-0.930824897471346,1
0.5645598093789165,-0.7540011291215427,-0.5252168115092319,-0.9877931520288905,1
-0.5013386198517142,1.3068474509208816,0.34541309113097346,-0.7796000762822274,1
0.1534631354883977,-0.49997844866036295,-0.49020896577369916,-0.6035163803770895,0
-0.4869297792696579,-0.4561814347877457,-1.0727851812204452,0.3183335570086327,1
-0.7137356032464693,-0.09067544628717662,0.10720753210441406,-0.6014448074840879,1
0.5633146009335537,-0.8097427831412375,-1.0195123724924606,-0.6242321093071058,1
-0.48408358853739947,-0.5597016493957501,0.3180156466422957,-0.8251746799282632,1
-0.21227237360675855,-0.5262566569839333,0.00028139458610201525,-1.0551192710514432,1
-2.9257594629732533,-1.3106213599753505,1.7582840826095942,1.4090166851739874,1
0.6479887752182297,-0.8941515735139178,-0.3185944176571202,-1.0323319692284256,1
-0.2656384498365965,0.0144373870071047,-1.26875301332696,-0.20473859847427717,1
0.21803608772650157,-0.22843696265013624,-0.6873183580672424,-0.7858147949612324,0
-0.28396080267550705,-0.7420564889744653,-1.1568801149981924,-0.8179241748027576,1
0.22995451141783235,0.5861874953805439,0.13232185621903525,0.83829835315204,1
-0.651297294057559,1.1252889206853047,0.6410771795712878,-0.8510693410907836,1
-0.7340147122138075,-0.13208353213037832,-1.3566531477281345,0.4778446697697576,1
1.6140926418990633,-1.3249549281518433,1.7103385547544079,1.4980943195730572,1
0.33366258622448386,-0.6130543753860292,-0.4338919965469727,-0.7982442323192421,0
-0.11585766255151767,-0.9435227527885045,-1.1370930717563694,-1.0810139322139636,1
-0.5298005271742938,0.9063038513222187,0.1475426587127448,-0.9028586634158241,1
0.03819241083194738,-0.4386626292386989,-0.7611392501617353,-0.7899579407472356,0
0.24596433428678333,-0.32240146514047857,-0.9826019264452142,-0.7588843473522113,0
-0.7169375678202597,0.10601296146803148,0.6924473879875591,0.6228547722798714,1
0.024139344091424028,-0.8694659838766245,-0.3113645364726081,-0.38703701305842,1
1.6553624075168045,2.1533242826771013,1.1589649844197674,1.0319904186476918,1
0.42954363651742583,-0.6210174688174142,-0.41714911380389186,-0.12187568275421218,1
1.4322922088760814,2.0179516943435574,1.6696229080837335,1.2722928742358801,1
0.2333343629123887,-0.198973516954012,-1.0663163401606184,-0.6905224418831577,0
0.3498502960142018,-0.5238677289545178,-0.1618201519719085,-1.0447614065864352,1
1.5970154975055144,-1.3361032589557824,1.6479332645301972,1.041312496666199,1
-0.7498466481619925,-0.4155696582876825,0.8378060518024882,-0.9007870905228224,1
0.631089517745448,-0.2905490914149388,-0.49591676670884055,-0.6314826144326114,0
-1.1104234365549317,1.634130590950803,1.6715255083954477,1.711466327552224,1
-0.172603590275912,-0.9371522780433966,-0.5693571387409907,-0.6231963228606049,1
0.08995750477489066,1.2184571138325089,0.4245612640982648,-0.6086953126095936,1
0.3505618436972657,-0.09067544628717662,-1.1089345871430063,-1.0810139322139636,0
0.5626030532504889,0.7597829321847357,-1.1036073062702079,0.39187439471019025,1
0.27620511081702465,-0.5310345130427643,-1.04576825679411,-0.8925007989508159,0
-0.5283774318081651,-0.01661867737529664,0.3530234923778285,0.2603295160045872,1
-1.0323310783386015,1.86824553783352,1.327915892099947,1.0102389032711747,1
-0.7272550092246948,0.5368163161059571,-0.7478210479797391,0.6632504436934028,1
1.652516216784546,-1.3114176693184891,1.5478564881340549,1.008167330378173,1
-0.31811509146260364,-0.4418478666112528,-0.7497236482914528,-0.20370281202777638,1
-0.7893375445720731,-1.3297327842106743,1.5128486423985221,1.7280389106962373,1
0.252901924196663,0.5384089347922341,0.6152018153319814,0.13396356953148833,1
-0.4819489454882059,-0.4060139461700206,-0.7580950896629934,-0.017261251657630237,1
-3.070203642635348,1.923987191853215,1.4668057148550493,1.3872651697974703,1
-0.05590977025333293,0.09486463066409251,-0.2040578788919534,-0.8987155176298208,1
-0.3583175355557481,-0.23082589067955167,-1.1530749143747647,-0.1353409065587228,1
1.6092896950383782,1.797374006294194,1.4919200389696712,1.6172097609206502,1
-0.46398236649082725,1.1467892729500444,0.1825505044482776,-0.9318606839178468,1
0.2360026667238802,0.8736551682535404,-1.1443229529408818,0.9087318315140952,1
-0.3986978665696595,0.10760558015430843,0.05697888387517115,-0.7423117642081983,1
0.04886562607791538,-0.13845400687548642,-1.2756023744491294,-0.8790355751463055,0
0.5690069823980696,0.11397605489941653,-0.9860266070062987,-0.7226318217246829,0
-0.18381046628417788,-0.4052176368268821,-0.6340455493392576,-0.325925612714872,1
0.36443702351702406,-0.32479039316989416,-0.32278013834289043,-0.6470194111301236,0
-0.27720109968639434,-0.07474925942440679,-1.3931830737130384,-0.5196176782105237,1
-0.5835223772456648,-0.6011097352389517,0.7358266750946323,-0.03901276703414718,1
0.3318837170168232,-0.40760656485629754,-0.7371664862341422,-0.7153813165991773,0
-2.7087374196385787,2.3205492447361853,1.4744161161019045,1.8191881179883083,1
0.5414345096793198,-0.21967755987561285,-0.07353949750839085,-1.002294162279902,1
1.726339288902489,-1.3631777766224913,1.1947338702799855,1.394515674922976,1
0.1322945919172287,-0.29214171010121587,-0.7036807207479806,-1.029224609888923,0
0.4859337904002882,-0.6560550799155078,-0.7447768874809971,-0.7961726594262405,0
0.29790731515049257,-0.9435227527885045,-1.262664692329476,-0.7650990660312161,1
1.6980552685006745,1.3944414786661161,1.9827909193918147,1.607887682902143,1
0.3059122265849681,-0.09465699300286916,0.0493684826283161,-0.666699353613639,1
-2.5831492535776936,-1.410956337210801,1.2993768874242408,1.6348181305111642,1
0.5875072221577461,-0.08589759022834575,-0.41752963386623454,-0.9018228769693232,0
-1.3633786378843633,2.1119161968338998,1.859121899130422,1.5882077404186277,1
0.5154630192474657,-0.15358388439511764,-1.300336178501408,-1.0281888234424221,0
0.19473290110613897,-0.10739794249308508,-1.027883813864001,-0.7806358627287283,0
1.6094675819591442,-1.3074361226027966,1.8880414238684708,1.4587344346060263,1
-0.44743888285957734,0.9381562250477584,-0.2984268543529546,0.29865361452511735,1
0.6524359482373829,-0.04289688569886711,0.7183227522268656,0.6166400536008663,1
-0.3287883067085717,-1.0048385722101687,-0.33381522015083004,-0.6470194111301236,1
0.14545822405392222,-0.09624961168914611,-1.0731657012827878,-0.10426731316369839,1
0.020759492596867664,-0.16234328716964133,-0.8269692209470304,-0.4926872306015027,1
0.4510679539301278,-0.2945306381306313,-0.9122057149118059,-0.6801645774181496,0
-0.061780038638615836,-0.657647698601785,-0.6896014784412987,-0.9070018092018273,1
0.45462569234545014,-0.26904873915019945,-0.45291799966411,-0.6107668855025952,0
0.010264164271665628,-0.49520059260153193,-0.7052028009973516,-0.7081308114736715,0
1.4315806611930175,-1.3281401655243974,1.4824070374111025,1.7404683480542467,1
-0.20213281912308945,-0.9984680974650606,-0.3870880288788149,-1.0747992135349587,1
-0.49689144683256103,-0.49599690194467044,0.7384903155310313,-1.0665129219629523,1
0.3071574350303308,-0.6138506847291677,-1.0077162505598354,-1.045797193032936,0
0.11415012599908411,-0.6305731809350761,-1.2455412895240523,-0.89767973118332,0
0.22621888608174406,0.9110817073810495,-1.3368661044863117,0.09978261679696154,1
0.10187592846622141,-0.3399202706895255,-1.0198928925548032,-0.7713137847102209,0
-0.5867243418194552,-0.24117791214035217,0.3811819769911916,-0.9629342773128711,1
-0.6628599439073568,0.8959518298614184,-1.0560422984773643,0.02727756554190463,1
-0.3946064673920383,-0.6114617566997522,-1.3479011862942516,-0.29485201931984767,1
0.10080860694162462,-0.4235327517190674,-0.22574752244549,-0.9463616941688582,1
-0.1279539731636144,-0.9045035949747183,-1.1055099065819214,-0.8065305238912486,1
0.09440467779404382,-0.331160867915002,-0.5305440923820304,-0.23788376476230316,1
1.4002725631381794,-1.3894559849460615,1.8834751831203576,1.037169350880196,1
-0.741663849806751,0.6865224726159941,-1.0674579003476468,-0.6729140722926439,1
-0.5977533309069551,0.6100767756746988,-0.35969058439013685,-0.8531409139837851,1
0.23564689288234827,-0.9658194143963823,-1.2173828049106892,-1.0489045523724383,1
-0.5171705557998992,1.2423463941266635,0.7719760810171934,-0.7081308114736715,1
1.7044591976482553,-1.462716444514803,1.511326562149151,1.7653272227702665,1
0.16253536844747002,-0.947504299504197,-0.20139423845555415,-0.6490909840231253,1
0.6447868106444394,-0.45857036281716124,0.0969334904211595,-0.8438188359652778,1
-0.40065462269808616,1.1690859345579216,0.7487643572142858,-0.7754569304962243,1
-0.21262814744829048,-0.8519471783275776,-0.7698912115956184,-0.6573772755951317,1
-1.0421148589807385,2.413717437883389,1.4808849571617313,1.0568492933637113,1
0.3397107415305327,-0.421143823689652,0.7419149960921161,0.1857528918565289,1
0.2870562129837586,-0.5700536708565505,-1.2953894176909524,-0.6501267704696261,0
-0.2652826759950646,-0.19021411417948847,-0.8003328165830383,-1.0872286508929685,1
0.1459918848162201,-0.6409252023958765,-1.116544988389861,-0.9670774230988743,0
-0.01552943923942252,-0.16951007125788775,-0.5579415368707081,-0.9463616941688582,0
-0.46967474795534314,-0.11137948920877762,0.17075438251565236,0.6093895484753606,1
0.21376680162811437,-0.3733652631013423,0.01131647639404138,-1.0178309589774142,1
-0.25532100843216143,-0.5031636860329168,-0.3125060966596364,-0.5051166679595125,1
1.679377141820232,-1.3568073018773834,0.9759348344329059,0.9998810388061665,1
-0.6536098240275185,-0.4553851254446072,0.19396610631855993,0.4819878155557609,1
0.37012940498154,-0.2125107757873664,-0.16638639272002134,-0.11358939118220568,1
0.6170364510049235,0.06380856628169145,-0.5640298578681923,-0.4926872306015027,1
0.3398886284512987,0.06301225693855284,-0.014939407907608088,-0.48647251192249785,1
0.2121658193412197,-0.4975895206309475,-0.10322006237112517,-0.5973016616980846,1
0.4009038422740802,-0.664018173346893,-1.0773514219685583,-1.0561550574979441,0
-1.1340823970168263,-1.3329180215832286,1.9645259563993627,1.9818065900889357,1
1.6507373475768854,1.5114989521074749,1.6018903369867246,1.0216325541826836,1
0.02716342174444745,-0.28019706995413846,-1.3060439794365493,-0.7174528894921788,0
0.1429678071631967,-0.3956619247092201,0.03224507982289237,-0.09805259448469347,1
-0.6838506005577599,-0.39008775930725065,0.6715187845587081,0.17643081383802142,1
-0.04452500732430107,-0.08271235285579184,-0.3665399455123063,-0.6749856451856455,0
-0.08526111217974441,-0.421143823689652,0.08323476817682061,-0.9991868029403996,1
0.455515126949281,-0.714185661964618,-0.02064720884274897,-0.7288465404036878,1
0.6298443093000852,-0.5843872390330435,-0.8269692209470304,-0.8759282158068029,0
0.5570885587067389,0.027178336497320627,-0.008851086910124263,-0.34042662296588344,1
0.17392013137650186,-0.8304468260628382,-0.9947785684401821,-0.9670774230988743,1
0.06950050888678651,-0.48962642719956245,-1.0179902922430897,-0.699844519901665,0
-0.2263254403472829,-0.5915540231212899,-0.7055833210596942,-0.3062456702313566,1
0.5385883189470614,0.8218950609495383,0.5056120373772703,0.3038325467576213,1
-1.401268552007548,2.3539942371480023,1.6220579002908901,1.8347249146858209,1
0.24240659587146102,1.1332520141166897,0.7506669575259994,0.09771104390395978,1
1.651448895259949,-1.3568073018773834,1.7544788819861663,1.641032849190169,1
-0.015173665397890591,0.7995983993416604,-0.49896092720758245,0.7440417865204662,1
-0.5797867519095755,1.2128829484305392,0.6285200175139772,-0.9028586634158241,1
0.5983583243244801,0.11238343621313958,-0.5061908083920946,-0.9556837721873656,0
-0.7557169165472755,0.6793556885277476,0.6216706563918081,-0.6439120517906212,1
-2.193932670941408,2.4638849265011147,1.2849171250552163,1.2474339995198604,1
0.33722032463980617,0.05425285416402944,-1.3517063869176789,-0.8489977681977818,0
0.29808520207125855,-0.7739088627000051,-1.297292018002666,-1.072727640641957,1
-0.6865189043692514,1.1651043878422296,-0.9609122828916776,-0.661520421381135,1
-2.6254863407200317,-1.3169918347204586,1.359118537212052,1.8906573827968647,1
0.08889018325029385,-0.1281019854146858,-0.5990377036037251,-0.6874150825436552,0
0.4133559267277089,-0.33275348660127907,-0.27521513055004704,-0.8987155176298208,0
1.4171718206109611,-1.4244935960441554,1.1882650292201586,1.349976857723441,1
0.4398610779218619,-0.08111973416951461,-0.6477442715835965,-0.6418404788976196,0
-0.6865189043692514,0.9373599157046201,-1.0488124172928524,0.3545860826361611,1
0.5227563829988763,-0.17269530863044166,-1.163348956058019,-0.7288465404036878,0
-0.016418873843253357,-0.6656107920331699,-0.0221692890921202,-0.6263036822001073,1
0.1737422444557359,-0.32080884645420166,0.4005885001706719,0.8818013839050743,1
0.14385724176702652,-0.5326271317290413,-1.1115982275794054,-0.9577553450803671,0
-1.184246508672874,1.3617927955974376,1.4569121932341382,0.9957378930201634,1
0.2817196053607746,-0.7197598273665875,-1.2881595365064402,-0.2575637072458185,1
0.6154354687180289,-1.034302017906293,-0.9125862349741486,-1.045797193032936,1
-0.07049649775615519,-0.16791745257161053,-0.33077105965208814,-0.8593556326627899,1
-0.08757364214970398,-0.14163924424804034,-1.1188281087639176,-0.6366615466651154,1
-0.1231510263029293,-0.17588054600299557,-0.062123895638108544,-0.8034231645517461,1
0.35287437366722524,0.03354881124242845,-0.582675340922987,-0.5061524544060132,1
0.09831819005089808,-0.32399408382675554,-1.2695140534516456,-0.8552124868767867,0
-2.4271424240658,1.4899985998427352,1.9786051987060445,1.7166452597847284,1
0.06060616284848017,-0.2029550636697044,-1.3958467141494375,-0.7226318217246829,0
-2.630289287580717,-1.3775113447989842,1.1810351480356467,1.2754002335753825,1
1.4545280739718471,-1.3225660001224278,1.3652068582095358,1.865798508080845,1
0.5151072454059328,-0.027767008179235612,-1.217763324973032,-0.6066237397165919,0
0.31302770341561376,-0.5549237933369191,-0.562888297681164,-0.9722563553313786,0
-2.859407641527488,1.7583548484804084,1.4348420296182591,1.3810504511184654,1
-1.6958492927962536,1.7527806830784387,1.036818044407745,1.7591125040912614,1
1.423397862837775,2.105545722088792,1.4626199941692792,1.810901826416302,1
1.4146814037202347,1.3665706516562688,1.6319514219118019,1.9859497358749396,1
0.37101883958537085,-0.5182935635525484,-1.1774281983647006,-0.952576412847863,0
-0.5463440108055437,0.6602442642924239,-0.30147101485169675,-0.7640632795847153,1
0.10614521456460861,-0.6082765193271982,-0.117299304677807,-1.0064373080659053,1
0.5311170682748847,-0.45857036281716124,-1.04158253610834,-0.6563414891486309,0
0.32725865707690305,-0.42671798909162145,-0.404591951746581,-0.08355158423368222,1
0.22230537382488877,-0.5859798577193204,-0.13822790810665797,-0.8748924293603021,1
-0.014106343873293792,-0.5589053400526116,-0.48526220496324357,-0.8531409139837851,0
-0.006101432438817287,-0.5939429511507053,-0.5217921309481474,-0.8521051275372844,0
-0.3645435777825629,-0.7285192301411109,-1.2299399669679998,-0.7868505814077331,1
-0.7096442040688481,-0.5995171165526748,-1.0195123724924606,0.4177690558727105,1
0.21092061089585692,0.9843421669497913,0.17646218345079379,0.6818945997304177,1
1.7307864619216422,1.5513144192643995,1.3503665757781687,1.9300172677638952,1
0.14901596246924456,-0.5597016493957501,-0.7873951344633848,-0.9349680432573492,0
0.6430079414367778,-0.9650231050532438,-0.29766581422826927,-0.809637883230751,1
1.4095226830180176,2.1581021387359325,1.5299720452039458,1.8554406436158368,1
-0.7299233130361863,0.6928929473611022,0.5109393182500688,-0.9194312465598371,1
-0.1076748641962762,-0.011840821316465773,-1.404218155520978,-0.2606710665853209,1
-0.5465218977263108,0.6244103438511917,0.7750202415159353,-0.6231963228606049,1
-0.2859175588039347,-0.16712114322847219,-0.6351871095262859,-0.9339322568108483,1
-0.23450823870252438,-0.8001870710235754,-0.678566396633359,-0.9173596736668354,1
0.5642040355373845,-0.7603716038666507,-1.3231673822419727,-0.3248898262683712,1
-0.6614368485412281,1.0838808348421032,-0.41220235299343605,0.8289762751335328,1
-0.04416923348276914,-0.3908840686503891,0.7225084729126358,0.4043038320682001,1
0.09155848706178535,-0.5350160597584567,0.5215938799956658,-0.001724454960118026,1
0.13371768728335742,0.05266023547775248,-0.5769675399878456,-0.8717850700207997,0
-0.6552108063144133,-0.22365910659130522,0.17265698282736652,0.30072518741811893,1
-3.165906806007524,-1.31619552537732,1.0878077327616733,1.752897785412257,1
1.7121083352411988,1.4868133624701814,1.8614050195044785,1.295080176058898,1
0.17694420902952632,-0.2586967176893991,-0.32011649790649116,-0.9877931520288905,0
0.513506263119038,1.2949028107738043,0.29328184259001744,0.2748305262555986,1
-0.2012433845192586,-0.488830117856424,-0.38632698875412924,-0.8199957476957591,1
1.5681978163414028,1.759947467166685,0.8762385780991059,1.6099592557951445,1
0.5597568625182313,-0.1288982947578244,-1.0282643339263438,-0.5786575056610701,0
0.04868773915714941,-0.8814106240237018,-0.9673811239515043,-0.8189599612492584,1
0.6330462738738746,-0.4386626292386989,-0.22460596225846172,-0.6501267704696261,1
0.00812952122247203,-0.46255190953285363,-0.9437888800862538,-0.6190531770746017,0
1.5418705520680158,-1.375918726112707,1.377383500204504,1.5737067301676164,1
0.5442807004115783,-1.0422651113376777,0.08894256911196205,-0.7671706389242178,1
0.17018450604041357,0.9827495482635142,0.36443909424811083,0.904588685728092,1
1.4883265889174118,1.7448175896470537,1.7617087631706785,1.9362319864429003,1
0.4067741106593621,0.782875903135752,0.2396285137996897,0.5213477005227917,1
0.2311997198631951,-0.36301324164054183,-0.6679118348877622,-1.0375109014609296,0
0.42082717739988645,-0.12969460410096303,-0.9970616888142384,-0.3518202738773923,1
0.455337240028515,-0.48166333376817755,0.1247114549721802,0.7927237495060042,1
-0.5730270489204627,-0.08510128088520715,0.6779876256185349,-0.7516338422267056,1
-0.2619028245005082,-0.5891650950918743,-0.669814435199476,-0.3777149350399126,1
0.5649155832204484,0.8704699308809866,0.7141370315410954,-0.6035163803770895,1
0.3651485712000879,-0.7332970861999419,-0.11501618430375042,-0.9743279282243801,1
0.42776476730976515,-0.6457030584547075,-0.6701949552618187,-0.06076428241066431,1
0.0036823482033188654,-0.11774996395388543,0.5014263166915002,0.26447266179059054,1
0.15826608234908282,-0.7683346972980356,-0.5385350136912281,-0.7298823268501885,1
-0.3140236922849824,-0.028563317522373947,-1.2877790164440972,-0.7288465404036878,1
-2.720833730250675,-1.3846781288872305,0.9831647156174179,1.1334974904047714,1
-2.634202799837572,2.411328509853974,1.8012828496543243,1.4048735393879839,1
1.4895717973627747,-1.396622769034308,1.86711282043962,1.2028951823203256,1
-0.4787469809144165,0.9875274043223452,-0.9533018816448225,0.14017828821049308,1
0.5145735846436349,-1.0430614206808164,-1.104748866457236,-1.001258375833401,1
0.4695681936898043,-0.8806143146805635,-0.9064979139766648,-0.5631207089635578,1
0.6346472561607703,-0.550145937278088,-0.5849584612970432,-0.7537054151197071,0
0.27727243234162147,-0.38769883127783517,-0.8319159817574863,-0.3186751075893664,1
0.027697082506746358,0.7382825799199964,0.744959156590858,0.23961378707457107,1
0.10080860694162462,-0.3781431191601733,-0.7010170803115813,-0.7298823268501885,0
0.3025323750904117,-0.04448950438514407,-0.5092349688908365,-0.2617068530318217,1
-0.6685523253718728,-0.28338230732669234,0.19853234706667305,-0.8086020967842503,1
0.27424835468859804,0.5646871431158046,0.3446520510062881,-0.7723495711567219,1
0.6600850858303265,-0.020600224090989168,-1.2691335333893028,-0.7723495711567219,0
1.5091393586470478,-1.3337143309263668,1.479743396974703,1.2546845046453663,1
0.5236458176027071,-0.8280578980334229,-1.2196659252847455,-0.9463616941688582,1
0.013288241924690063,-0.28975278207180033,-0.7215651636780896,-0.3269613991613729,1
0.42723110654746627,-0.6122580660428907,-1.1070319868312923,-0.8034231645517461,0
0.33864342000593595,-0.9140593070923801,-1.0674579003476468,-1.0965507289114758,1
0.0897796178541247,-0.8662807465040705,-0.5655519381175632,-0.7837432220682308,1
0.6035170450266981,-0.47290393099365413,-0.8954628321687251,-1.0468329794794369,0
0.059538841323883374,-0.31443837170909367,-0.45672320028753755,-1.0903360102324708,0
0.24916629886057373,-0.14163924424804034,-1.16487103630739,-0.9763995011173816,0
-0.06729453318236478,-0.20693661038539693,-1.0556617784150217,-0.5859080107865757,1
-1.6499544672385933,2.43442148080499,1.2480066790079698,1.1003523241167454,1
-0.6756678022025184,0.8895813551163103,-0.584197421172358,-0.6812003638646504,1
0.36568223196238686,0.03593773927184402,-1.27293873401273,-1.041654047246933,0
1.6827569933147883,1.8905421994413982,1.9466415134692536,1.5768140895071185,1
0.06007250208618127,-0.2905490914149388,-0.8098458181416069,-0.7474906964407023,0
0.3982355384625877,0.8187098235769842,-0.44759071879131157,0.25722215666508486,1
0.26908963398638,-0.05165628847339051,-0.8235445403859458,-0.7941010865332389,0
-0.5337140394311491,0.6578553362630083,-0.6553546728304516,0.854870936296053,1
1.433715304242211,-1.3568073018773834,1.132328580055775,1.5902793133116293,1
0.35554267747871776,-0.4784780963956236,-0.5335882528807724,-0.8790355751463055,0
0.41726943898456315,-0.8033723083961295,-0.07544209782010503,-1.0199025318704158,1
-0.539762194737197,0.8425991038711391,-0.8132704987026915,0.04799329447192097,1
-1.7549077504906077,2.052989305441651,2.005241603070037,1.6379254898506663,1
-0.2805809511809507,-0.29373432878749284,-0.07125637713433483,-0.7133097437061755,1
-0.23735442943478183,-0.7563900571509583,-0.9369395189640845,-0.9422185483828549,1
-0.14805519521018662,-0.13367615081665526,-0.32962949946505987,-1.0043657351729036,1
0.3148065726232744,-1.012005356298415,-0.9251433970314594,-0.46161363720647836,1
0.13158304423416384,0.04788237941892133,-1.0978995053350666,-0.881107148039307,0
0.33793187232287103,-0.16552852454219524,-1.0906696241505542,-0.5589775631775546,1
1.7021466676782957,1.411960284215163,1.4675667549797353,1.129354344618768,1
-0.08063605223982429,-0.34230919871894094,-0.43807771723274286,-0.21613224938578604,1
-0.09753530971260711,0.022400480438489478,-0.23602156412874403,-0.9152881007738338,1
-0.9005168700509022,-1.3074361226027966,1.4679472750420777,1.7922576703792874,1
-0.6717542899456632,-0.09386068365973053,-0.7672275711592191,0.9470559300346253,1
0.21305525394505054,-0.21888125053247437,-1.0358747351731987,-0.814816815463255,0
0.46138539533456285,-0.5167009448662713,-0.5453843748133976,-0.9763995011173816,0
1.5742459716474506,1.478053959695658,1.4458771114261983,1.5001658924660586,1
1.6457565137954333,-1.3313254028969514,1.1277623393076617,1.1428195684232787,1
-1.5512272262133928,-1.40617848115197,1.019314121539979,1.9921644545539439,1
0.6652438065325436,-1.0613765355730018,-0.2299332431312602,-0.7184886759386796,1
-0.9222190743843691,2.0394520466082966,1.4447355512391702,1.865798508080845,1
0.6264644578055288,-0.0333411735812051,-0.059840775264051974,-0.6397689060046179,1
0.31356136417791164,-0.10580532380680813,-0.3756724270085323,-0.7505980557802048,0
-0.02015449917934165,0.004085365546304348,-1.2052061629157214,-1.0520119117119409,0
0.3564321120825486,-0.4370700105524218,-1.2512490904591935,-0.8593556326627899,0
0.5506846295591581,-0.09465699300286916,-0.808323737892236,-0.8707492835742989,0
0.3201431802462584,1.2423463941266635,0.5474692442349723,-0.6739498587391447,1
1.4198401244224528,-1.3799002728283998,1.7031086735698957,1.6886790257292061,1
0.1205540551466639,-0.14960233767942538,-1.097138465210381,-0.3839296537189175,1
-0.04310191195817234,-0.1464171003068712,-0.06022129532639492,-0.2938162328733469,1
0.5796801976440367,-0.8384099194942232,-1.2862569361947263,-0.6024805939305887,1
1.5290626937728542,2.0378594279220197,1.8621660596291638,1.4079808987274864,1
1.4854803981851534,1.869041847176659,1.1091168562528673,1.0050599710386707,1
-0.07191959312228492,-0.2762155232384459,-0.9837434866322424,-0.08873051646618618,1
-1.6326994359242786,-1.396622769034308,1.1483104226741703,1.5498836418980977,1
0.2071849855597676,-0.7388712516019114,-0.15078507016396883,-0.6014448074840879,1
0.343624253787387,0.08690153723270773,-1.2558153312073066,-1.0064373080659053,0
0.3071574350303308,-0.8392062288373617,-0.0012406856632692113,-0.914252314327333,1
0.5151072454059328,-0.3558464575522954,-0.5404376140029418,-0.9888289384753913,0
0.5658050178242793,-0.4521998880720533,-0.6203468270949187,-1.035439328567928,0
0.6003150804529077,-0.1527875750519793,-0.2424904051885708,-0.6584130620416325,1
0.6326905000323426,-0.9355596593571195,-0.7242288041144889,-0.3953233046304265,1
-2.145725315413788,2.301437820500862,1.6018903369867246,1.719752619124231,1
-0.4960020122287302,-0.11217579855191595,0.11557897347595446,0.871443519440066,1
1.444566406408944,-1.352825755161691,1.9888792403892985,1.8336891282393197,1
-0.24856130544304872,-0.8192984952588993,-1.3992713947105222,-1.0903360102324708,1
1.5157211747153947,-1.442012401593202,1.4923005590320135,1.3893367426904717,1
-0.29036473182308786,0.035141429928705406,-0.16752795290704964,-0.5910869430190798,1
0.1865501027508975,-0.06519354730674477,0.5394783229257748,-0.041084339927148945,1
-0.023178576832366085,-0.1527875750519793,-0.9205771562833462,-0.8469261953047802,0
0.22426212995331643,-0.37495788178761924,-0.13860842816900093,-0.5144387459780198,1
1.6633673189512799,-1.3337143309263668,1.9660480366487338,1.2381119215013532,1
1.6347275247079334,2.142972261216301,1.806610130527123,1.6938579579617108,1
-0.03989994738438194,-0.17110268994416472,-0.2813034515475311,-0.7319538997431903,0
0.02111526643839959,0.01045584029141217,-0.09865382162301257,-0.8458904088582795,1
-0.45526590737328687,0.5869838047236822,0.6083524542098117,-0.8023873781052454,1
0.25539234108738856,-0.7810756467882516,-0.8456147040018251,-0.4750788610109889,1
-0.6577012232051398,-0.43229215449359093,0.17722322357547912,0.4374489983562261,1
0.14172259871783394,-0.05563783518908275,-1.0647942599112474,-0.9826142197963866,0
-2.7238578079036997,2.3261234101381545,0.9066801830865255,1.4587344346060263,1
0.16022283847751045,-0.8161132578863454,-0.41676859374154895,-0.9484332670618598,1
-0.16264192271300887,-0.7675383879548971,-0.7200430834287187,-1.0478687659259376,1
-0.45722266350171453,0.8720625495672635,-1.261142612080105,-0.7340254726361918,1
0.005816991252512465,-0.08908282760089967,-0.4376971971704002,-0.7029518792411674,0
-1.8618177898710506,2.516441343148255,1.607217617859523,1.3292611287934248,1
0.07679387263819713,-0.33434610528755604,-0.2432514453132564,-0.6656635671671383,1
-0.5328246048273183,-0.05802676321849833,-0.5457648948757402,0.5493139345783137,1
0.2596616271857758,0.8354323197828927,-0.561366217431793,0.19818232921453857,1
0.1552420046960594,-0.20454768235598134,0.002183994897815643,-0.8583198462162893,1
0.010442051192431594,-0.2905490914149388,-0.42475951505074666,-0.7609559202452129,0
0.15079483167690622,-0.2674561204639225,0.045182761942545904,-0.13844826589822518,1
0.3690620834569432,0.11556867358569349,-1.3524674270423644,-0.1187683234147098,1
-0.5351371347972779,1.2813655519404499,-1.2843543358830127,0.3711586657801741,1
-0.15623799356542806,-0.08908282760089967,-0.7645639307228199,-0.5392976206940392,1
0.2617962702349694,0.03036357386987454,-0.8532251052486802,-0.39739487752342806,1
0.08675554020110025,-0.5971281885232593,0.5820965699081622,0.3266198485806392,1
-0.45882364578861023,0.7032449688219025,0.5527965251077708,-0.8593556326627899,1
0.2306660591008972,-0.3072715876208472,-0.6934066790647263,-1.034403542121427,0
-0.2624364852628061,-0.329568249228725,-0.09066290031381459,-1.0944791560184741,1
-0.011793813903334227,-0.07634187811068374,-0.17285523377984813,-0.8666061377882955,1
0.5706079646849643,-0.488830117856424,-0.5392960538159137,-0.9235743923458403,0
1.4045418492365656,1.701020575774436,0.883468459283618,1.24639821307336,1
0.03694720238658462,-0.0245817708066817,-0.31821389759477753,-1.062369776176949,0
-0.29054261874385384,0.027974645840458962,-0.7592366498500214,-0.6180173906281009,1
1.6240543094619664,-1.3353069496126437,1.4702303954161342,1.129354344618768,1
0.57220894697186,-0.6154433034154446,-1.1941710811077815,-0.9722563553313786,0
1.7250940804571264,2.314178769991077,1.1266207791206335,1.1718215889253012,1
0.3212105017708552,0.5559277403412811,0.3081221250213841,0.03763543000691271,1
1.6751078557218448,-1.3544183738479678,1.0212167218516928,1.5975298184371352,1
1.7286518188724487,1.5329993043722139,0.9108659037722957,1.9849139494284382,1
-0.7946741521950571,1.337903515303283,1.7168073958142345,1.646211781422673,1
-0.5708924058712691,-0.6608329359743389,-0.7923418952738406,-0.05765692307116194,1
0.3617687197055316,-0.950689536876751,-0.8037574971441229,-0.6263036822001073,1
0.42029351663758757,-0.4800707150819006,-0.9084005142883783,-0.8873218667183119,0
-0.020688159941640555,-0.3056789689345703,0.7715955609548504,0.14950036622900037,1
-0.4365877806928444,-0.2602893363756761,0.6304226178256914,0.15571508490800529,1
1.466268610742412,-1.340084805671475,1.2525729197560829,1.6617485781201853,1
-2.576745324430113,-1.4165305026127706,1.3397120140325722,1.711466327552224,1
0.5330738244033124,-0.3677910976993728,-1.2352672478407982,-0.7423117642081983,0
-0.4269818869714732,-0.27541921389530744,0.6555369419403126,0.8952666077095848,1
0.09173637398255233,0.07654951577190709,0.10378285154332921,-0.49683037638750593,1
-2.793589480844021,1.6978353384018823,1.558130529817309,1.3510126441699417,1
0.5773676676740771,-0.37734680981703467,0.2658843981013392,0.16400137648001178,1
-0.29623500020836974,-0.329568249228725,0.0687750058077964,-0.6708424993996422,1
0.6556379128111733,-0.5286455850133487,-0.1462188294158557,-0.8179241748027576,1
-2.885379131959342,-1.369548251367599,1.2814924444941318,1.2608992233243714,1
-0.422712600873086,-0.0014887998556651378,-1.0959969050233527,0.7844374579339979,1
-0.3008600601482899,-0.6242027061899682,-1.1686762369308177,-0.22959747319029666,1
0.28296481380613836,-0.8925589548276408,-0.7253703643015171,-0.18195129665125925,1
0.5222227222365784,-0.5668684334839965,-0.04538101289502776,-0.18609444243726259,1
1.6231648748581355,1.8348005454217033,1.0592687280859674,1.6389612762971675,1
-2.1126383481512883,-1.4428087109363408,1.4009757440697546,1.4183387631924946,1
-0.10625176883014747,-0.5541274839937805,-0.5994182236660678,-0.38082229437941506,1
-1.2678533614329532,1.7336692588431148,1.6741891488318468,1.0786008087402283,1
-0.03669798281059154,-0.6457030584547075,-0.04880569345611261,-0.8106736696772519,1
-0.4844393623789324,0.6506885521747618,-1.3186011414938599,0.0013829043793843422,1
0.6243298147563352,-0.7149819713077564,-1.2307010070926852,-0.0939094486986903,1
-0.03669798281059154,-0.33036455857186353,-0.21128776007646552,-0.793065300086738,1
0.5389440927885942,-0.419551205003375,-0.3516996630809394,-0.6439120517906212,0
-0.34497601649828863,-0.05006366978711355,-0.9552044819565364,-0.6231963228606049,1
0.12464545432428513,-0.21967755987561285,0.09769453054584538,-0.8873218667183119,1
0.3653264581208549,1.2933101920875272,0.32296240745275123,0.19818232921453857,1
0.3704851788230719,-0.20454768235598134,-0.7493431282291101,-0.9463616941688582,0
0.22639677300251002,-0.030155936208651184,-1.2345062077161126,-1.024045677656419,0
0.32743654399767,-0.06997140336557592,-0.38023866775664544,-0.8945723718438177,0
0.05260125141400367,-0.6066839006409213,-0.35931006432779417,-0.7702779982637201,0
0.4773952182035138,-0.44901465069949925,-0.0891408200644439,-0.0783726520011781,1
-0.24464779318619345,-0.4800707150819006,-1.2904426568804965,-0.4336474031509564,1
0.4982079879331509,0.8043762554004913,-1.0929527445246108,0.08321003365294855,1
-0.7011056318720746,0.6419291494002385,0.5623095266663395,-0.5962658752515838,1
0.5261362344934327,0.011252149634550788,-0.042336852396285846,-0.2513489885668136,1
0.41388958749000676,-1.0605802262298631,-0.6994950000622101,-0.7350612590826926,1
1.6715501173065224,1.7655216325686545,1.6981619127594396,1.865798508080845,1
-3.172488622075871,-1.4045858624656928,1.281111924431789,1.3841578104579677,1
1.4523934309226536,1.8499304229413351,1.5090434417750942,1.4452692108015155,1
-3.091194299285751,-1.4308640707892635,1.3263938118505758,1.184251026283311,1
0.27940707539081505,-0.1854362581206576,-0.9152498754105478,-0.5910869430190798,0
0.20113683025371976,-0.498385829974086,-0.7071054013090652,-0.9401469754898533,0
1.471249444523863,-1.4499754950245871,1.0018101986722123,1.7249315513567347,1
-2.759613078977691,-1.327343856181259,1.7689386443551907,1.7249315513567347,1
-0.6094938676775189,-0.011840821316465773,0.3241039676397795,-0.007939173639122946,1
-0.3903371812936511,-0.32479039316989416,-0.10436162255815346,-0.7868505814077331,1
-0.4904875176849803,-0.34071658003266403,-0.7577145696006504,0.5783159550803365,1
0.22995451141783235,-0.2762155232384459,-0.03967321195988633,-0.3124603889103615,1
-0.21867630275433936,-0.05165628847339051,-0.09979538181004086,-0.8738566429138013,1
0.1157511082859788,-0.29612325681690826,-0.5297830522573451,-1.0509761252654402,0
1.6160493980274908,-1.4611238258285262,1.8016633697166669,1.9641982204984225,1
0.3003977320412181,-0.0038777278850807124,-0.005045886286696467,-0.20370281202777638,1
-0.6164314575873976,-0.027767008179235612,0.40401318073175674,-0.5921227294655806,1
0.423495481211378,0.0032890562031657284,-0.7063443611843798,-0.9846857926893882,0
0.014711337290818794,-0.6632218640037544,-0.6583988333291935,-0.6791287909716488,0
0.12553488892811596,-0.4060139461700206,-1.237169848152512,-1.0385466879074303,0
0.4483996501186353,0.6721889044395012,0.2506635956076296,0.658071511460899,1
-0.17509400716663753,-0.6496846051703998,-0.5940909427932692,-0.7619917066917137,1
-3.146695018564782,-1.4268825240735707,1.4759381963512757,1.6607127916736846,1
0.15559777853759132,-0.20534399169911996,-0.33571782046254395,-0.9339322568108483,0
0.27282525932246826,-0.1376576975323478,-1.0697410207217033,-0.749562269333704,0
-0.7430869451728798,-0.2539188616305681,0.3971638196095871,-0.7692422118172194,1
0.1456361109746882,-0.504756304719194,-0.7402106467328841,-1.0323319692284256,0
0.252901924196663,0.10760558015430843,-0.7383080464211704,-0.134305120112222,1
-0.7455773620636064,1.1889936681363842,-1.0267422536769728,0.7005387557674323,1
0.5382325451055294,-0.6289805622487991,-0.0016212057256116126,-0.5165103188710214,1
-0.5461661238847778,-0.21012184775795084,0.22060251068255232,-1.0747992135349587,1
-0.5248196933928428,-0.4378663198955604,0.6201485761424369,0.5430992158993088,1
0.1822808166525103,-0.6114617566997522,-0.6983534398751821,-1.0478687659259376,0
0.010797825033964535,-0.13686138818920945,-1.0598474991007918,-0.9888289384753913,0
-1.981891461388186,-1.3114176693184891,1.6939761920736693,1.3675852273139546,1
-2.528537968902492,-1.4117526465539394,1.9527298344667379,1.8885858099038628,1
0.39325470468113666,0.053456544820890815,-1.0918111843375826,-0.6884508689901562,0
-0.21618588586361281,0.038326667301259595,-0.690743038628327,-1.0582266303909458,1
0.6017381758190364,-1.0534134421416168,-0.7196625633663757,-1.0758349999814596,1
0.5318286159579486,0.8210987516063998,0.5550796454818273,-0.6014448074840879,1
0.5798580845648036,-0.5103304701211633,-0.6561157129551372,-0.644947838237122,0
0.5417902835208518,-0.23162220002269016,-1.4156337573912605,-0.8893934396113136,0
0.025384552536786793,1.1539560570382905,-0.7516262486031666,0.15675087135450608,1
0.38151416791057186,0.9110817073810495,0.8602567354807105,-0.8334609715002695,1
-1.9219435690900013,-1.4189194306421857,1.99877276201021,1.9683413662844256,1
-0.4801700762805452,-0.5445717718761187,0.17532062326376552,-0.5931585159120814,1
0.5417902835208518,-0.5788130736310739,-1.2093918836014916,-0.5993732345910863,0
-0.035986435127526674,-0.032544864238066476,-1.0046720900610935,-0.7081308114736715,0
-0.40278926574727975,1.0146019219890539,-0.7219456837404323,-0.05144220439215702,1
-2.280385714433746,1.7894109128628097,0.8781411784108195,1.4059093258344848,1
-0.010904379299503391,1.296495429460081,-0.45596216016285196,0.515132981843787,1
0.6495897575051245,-0.5270529663270718,-0.3155502571583783,-0.8873218667183119,0
0.4588949784438373,-0.28736385404238485,-0.909161554413064,-0.9246101787923411,0
0.44270726865411936,0.7518198387533507,0.30583900464732805,0.83829835315204,1
0.6565273474150042,-0.6839259069253553,-0.49363364633478396,-1.0602982032839474,1
0.4211829512414184,-0.5445717718761187,-0.9053563537896364,-0.9722563553313786,0
0.524535252206538,0.8282655356946462,0.5250185605567501,-0.6480551975766244,1
0.5119052808321424,-0.5318308223859027,-1.2615231321424478,-0.8655703513417948,0
0.1440351286877935,-0.3271793211993096,-0.4532985197264527,-0.7195244623851804,0
-2.2962176503819314,1.9088573143335839,1.323349651351834,1.7187168326777296,1
0.16911718451581678,0.9731938361458523,-1.3646440690373323,0.011740768844392421,1
0.39538934773033024,-0.4004397807680511,-0.7394496066081987,-0.8365683308397721,0
-0.6207007436857848,0.9994720444694227,0.805081326441012,-0.8583198462162893,1
-0.7500245350827595,-0.25312255228742964,0.6631473431871677,0.9273759875511097,1
1.5075383763601533,2.213843792755627,1.8435205765743694,1.4887722415545497,1
0.4708134021351681,-0.25312255228742964,-0.8966043923557534,-1.0571908439444448,0
0.42563012426057156,-0.9618378676806899,-0.2333579236923448,-0.9028586634158241,1
0.3213883886916212,-0.5055526140623324,0.015121677017469177,-0.16641449995374705,1
1.5007786733710404,2.0275074064612193,1.045950525903971,1.9818065900889357,1
0.2175024269642037,-0.5246640382976563,-0.9141083152235195,-0.7195244623851804,0
0.16484789841742958,-0.33753134266011,-1.0153266518066904,-0.9018228769693232,0
0.5012320655861754,-0.021396533434127507,-1.3498037866059651,-0.46989992877848485,1
1.4917064404119682,-1.3504368271322753,0.8998308219643564,1.3406547797049337,1
0.5558433502613761,-0.12412043869899354,-1.3772012310946429,-0.7951368729797397,0
-0.009125510091841722,-0.7325007768568034,-0.7934834554608688,-1.0861928644464678,1
0.3071574350303308,-0.07474925942440679,0.0010424347107873583,-0.4522915591879711,1
-0.7210289669978799,1.0607878638910868,0.44587038758945874,-0.881107148039307,1
-0.19234903848095228,-0.6130543753860292,-0.4026893514348674,-0.265849998817825,1
0.5444585873323442,-0.08589759022834575,-0.44340499810554135,-0.9826142197963866,0
1.4950862919065246,2.308604604589108,1.832104974704087,1.9175878304058855,1
-0.3503126241212726,0.06619749431110675,-1.37263499034653,-0.255492134352817,1
0.5049676909222637,-0.7046299498469561,-0.630620868778173,-0.9753637146708809,1
-0.4737661471329644,-0.33434610528755604,-0.7573340495383077,0.2934746822926132,1
1.444744293329711,1.4438126579407027,1.7799737261631305,1.7301104835892385,1
1.5553899580462411,-1.3631777766224913,1.207291032337296,1.8077944670767994,1
-0.5589739821799394,-0.421143823689652,0.3598728534999982,-1.0509761252654402,1
0.3228114840577499,-0.02697069883609699,-0.0891408200644439,-0.699844519901665,1
-0.46931897411381124,1.0679546479793331,-0.8749147488022168,-0.015189678764628657,1
-0.42662611312994125,-0.5843872390330435,0.5303458414295485,-1.001258375833401,1
0.5352084674525049,0.01762262437965861,-0.7078664414337508,-0.7526696286732064,0
-2.662842594080918,2.365142567951941,1.7921503681580981,1.2091099009993307,1
-1.7881726046738733,-1.454753351083418,1.2156624737088364,1.6700348696921916,1
1.6430882099839417,2.2592334253145214,1.4698498753537912,1.4069451122809857,1
-0.4220010531900221,1.1682896252147834,0.862539855854767,-0.8220673205887608,1
-0.6327970542978815,-0.21728863184619726,-0.7006365602492384,0.43848478480272685,1
1.4326479827176144,1.6022782172252632,1.0250219224751198,1.8730490132063506,1
0.20860808092589736,-0.7317044675136649,-1.0708825809087315,-0.8614272055557917,1
0.1966896572345666,1.1197147552833353,0.5535575652324561,0.011740768844392421,1
0.1653815591797285,-0.07713818745382237,-0.6481247916459394,-0.7443833371011999,0
0.48379914735109464,0.05186392613461386,-1.2215685255964595,-1.008508880958907,0
0.5101264116244817,-0.2770118325815844,-0.49401416639712664,-0.5879795836795774,0
-0.6600137531750994,-0.5883687857487359,-1.0754488216568443,0.40016068628219675,1
0.5787907630402068,-0.45379250675833027,-1.0381578555472553,-1.0157593860844125,0
0.18939629348315495,-0.1169536546107471,-0.20557995914132435,-0.20163123913477463,1
1.5402695697811202,1.7225209280391758,1.810795851212893,1.2650423691103745,1
1.6550066336752725,-1.40617848115197,1.9329427912249146,1.9072299659408773,1
0.3909421747111771,-0.05165628847339051,-0.8695874679294183,-0.7702779982637201,0
-1.9722855676668147,-1.3337143309263668,1.4177186268128352,1.3624062950814506,1
-0.6495184248498974,0.9970831164400071,0.7765423217653059,-0.793065300086738,1
-0.5548825830023182,0.6132620130472527,-0.5046687281427237,-1.068584494855954,1
-2.6843669114936195,-1.3870670569166461,1.3469418952170844,1.7104305411057232,1
1.678487707216401,-1.3751224167695686,1.4200017471868918,1.559205719916605,1
0.5942669251468599,-0.18623256746379593,-1.3368661044863117,-0.9660416366523736,0
-1.853279217674276,-1.3313254028969514,1.2076715523996384,1.8544048571693361,1
-0.34106250424143436,-0.5971281885232593,-0.8756757889269021,-0.48232936613649463,1
-2.5577114239081373,-1.4205120493284626,1.4527264725483682,1.1645710837997956,1
1.705348632252086,1.956635874921893,0.8956451012785862,1.4079808987274864,1
0.5088812031791189,0.021604171095351142,-0.9042147936026081,-1.0582266303909458,0
1.5827845438442252,-1.3265475468381205,1.66772030777202,1.1158891208142574,1
1.4568406039418067,1.3649780329699914,1.6616319867745362,1.0216325541826836,1
-0.006101432438817287,-0.48564488048387006,-0.5564194566213372,-0.11773253696820901,1
0.10881351837610011,-0.5063489234054709,-0.7493431282291101,-0.6532341298091284,0
0.5787907630402068,-0.6687960294057238,-0.3520801831432821,-0.826210466374764,1
0.49856376177468287,1.1340483234598282,-0.2835865719215874,0.09667525745745899,1
0.5912428474938355,0.7080228248807336,-1.2436386892123388,0.8538351498495521,1
0.47792887896581276,-0.261881955061953,-1.2314620472173707,-0.7640632795847153,0
0.635892464606133,-0.8097427831412375,-0.16258119209659383,-0.7019160927946666,1
0.020403718755334723,-0.9650231050532438,-0.048425173393769665,-0.8728208564673006,1
-2.4333684662926145,-1.336899568298921,1.1483104226741703,1.2267182705898443,1
0.3564321120825486,-0.9586526303081359,0.06725292555842517,-0.8883576531648127,1
0.46832298524444155,0.9015259952633878,0.7065266302942409,0.9480917164811259,1
-2.617837203127088,-1.4101600278676625,1.5520422088198251,1.218431979017838,1
0.41211071828234613,-1.026338924474908,-0.023310849279148484,-0.6045521668235904,1
0.003860235124085841,-0.3988471620817742,-0.6949287593140973,-0.8676419242347966,0
-0.3716590546132076,-0.94591168081792,-0.29119697316844245,-0.8531409139837851,1
-0.5742722573658255,1.226420207263894,-0.9232407967197456,0.8134394784360207,1
0.32192204945392006,-0.08749020891462271,-0.8726316284281602,-0.8541767004302859,0
-0.6443597041476804,-0.6425178210821535,0.15591410008428522,0.20543283434004428,1
0.5716752862095611,-0.5302382036996257,-0.9380810791511127,-1.0364751150144287,0
0.05028872144404411,-0.8599102717589625,-0.48031544415278776,-0.5786575056610701,1
-0.48781921387348876,-0.21410339447364335,0.6715187845587081,-0.5869437972330765,1
0.3295711870468626,-0.8407988475236388,-0.1762799143409327,-1.0489045523724383,1
0.4791740874111755,-0.17349161797358,-0.11501618430375042,-0.8728208564673006,1
0.32192204945392006,1.24951317821491,0.3758546961183931,-1.0903360102324708,1
0.16662676762509124,0.9007296859202493,-1.312512820496376,0.21475491235855157,1
0.15043905783537329,-0.6847222162684937,-1.215860724661318,-0.6283752550931091,1
0.38044684638597503,-0.9562637022787205,-1.038538375609598,-0.1270546149867163,1
0.3108930603664201,0.019215243065935566,-0.03967321195988633,-0.8697134971277981,1
0.40552890221399934,-0.7778904094156976,-0.26227744843039374,-0.5817648650005726,1
0.17872307823718797,-0.23162220002269016,-0.9388421192757983,-0.9049302363088257,0
0.4896694157363765,-0.1344724601597939,-0.2093851597647519,-0.27310050394333063,1
0.561535731725892,-0.9841345292885677,-0.36958410601104846,-0.37978650793291424,1
0.23884885745613868,-0.16951007125788775,-1.265708852828218,-0.5703712140890635,1
0.4409283994464587,-0.8989294295727488,-0.7580950896629934,-0.8831787209323085,1
-0.4497514128295369,1.1189184459401968,-1.3235479023043157,-1.029224609888923,1
0.28154171844000864,-0.8837995520531174,0.047465882316602474,-0.7682064253707186,1
-0.016596760764019322,-0.06200830993419086,-0.09104342037615752,-0.7340254726361918,1
1.5217693300214437,2.3563831651774176,1.3077483287957814,1.768434582109769,1
1.5064710548355564,-1.4491791856814484,1.3827107810773025,1.861655362294842,1
0.33366258622448386,-0.6090728286703366,-0.02901865021428991,-1.0074730945124062,1
-0.03207292287067241,-0.5883687857487359,-0.36692046557464925,-0.6770572180786472,0
0.6284212139339554,-0.9737825078277672,-0.2972852941659266,-0.8707492835742989,1
-3.167507788294419,1.3442739900483909,0.8906983404681301,1.4245534818714993,1
-1.9194531521992746,-1.3607888485930757,1.8804310226216157,1.8015797483977949,1
0.43630333950653855,-0.48166333376817755,-1.4160142774536029,-0.8738566429138013,0
0.5081696554960541,-0.4068102555131591,-1.0176097721807469,-0.7640632795847153,0
0.0184469626269081,0.050271307448336904,0.4074378612928416,0.7533638645389734,1
-2.9236248199240595,-1.3480478991028597,1.214901433584151,1.147998500655783,1
0.16644888070432529,1.1388261795186594,0.3012727638992149,0.6591072979073996,1
0.09244792166561619,-0.7149819713077564,-1.2573374114566775,-0.45332734563447186,1
-0.7044854833666311,1.1826231933912763,-0.45482059997582364,0.9387696384626186,1
-0.869564545837596,1.8770049406080436,1.4146744663140933,1.3085453998634085,1
1.6507373475768854,1.6604087992743732,2.002197442571295,1.382086237564966,1
0.4574718830777086,-0.2356037467383827,-1.061369579350163,-0.7961726594262405,0
0.6433637152783106,1.2821618612835881,-0.6351871095262859,0.5130614089507852,1
-0.300148512465225,-0.028563317522373947,-1.3802453915933848,-0.6314826144326114,1
-0.19163749079788742,-0.6703886480920008,-0.43084783604823074,-0.6843077232041528,1
0.13033783578880107,-0.09863853971856168,-0.3688230658863629,-1.062369776176949,0
0.28154171844000864,-0.8702622932197629,-0.8170756993261191,-0.8821429344858078,1
1.4273113750946302,-1.462716444514803,1.3340042130974308,1.8865142370108616,1
0.027697082506746358,-0.4521998880720533,-0.38784906900350025,-0.46161363720647836,1
1.7288297057932147,-1.3408811150146134,1.7651334437317634,1.932088840656897,1
-0.9168824667613861,-1.3185844534067357,1.7544788819861663,1.8761563725458532,1
0.09849607697166506,0.053456544820890815,-0.3882295890658429,-0.7319538997431903,0
1.5336877537127744,2.323734482108739,1.5699266517499342,1.4514839294805206,1
-0.6756678022025184,0.031956192556151494,0.2860519614055048,0.1526077255685029,1
-0.4593573065509081,0.5933542794687904,0.8435138527376297,-0.6511625569161269,1
-0.5780078827019148,-0.32877193988558656,0.14221537783994634,0.9190896959791035,1
0.6401617507045203,0.10840188949744706,-0.6454611512095402,-0.7775285033892259,0
0.4259858981021035,-0.46732976559168465,-0.21395140051286474,-0.7215960352781821,1
0.2667771040164204,0.12671700438963246,0.12813613553326506,0.2271843497165612,1
0.18477123354323582,-0.006266655914496287,-0.584197421172358,-0.9163238872203345,0
0.033033690129730356,0.12034652964452436,-1.0252201734276019,-0.8220673205887608,0
0.2045166817482761,-0.5589053400526116,-0.21357088045052208,-0.7050234521341692,1
0.4263416719436364,-0.33673503331697147,-1.390519433276639,-0.9836500062428873,0
0.4638758122252884,-0.37734680981703467,-0.6595403935162217,-0.7775285033892259,0
-0.40154405730191695,0.09406832132095418,0.8115501675008387,-0.6325184008791123,1
1.3894214609714455,1.4374421831955948,1.3956484631969561,1.3427263525979354,1
-0.7382839983121947,1.0918439282734878,-1.0537591781033078,0.23754221418156948,1
0.2802965099946459,-0.6345547276507685,-0.43008679592354515,-0.5361902613545367,1
0.09814030313013211,-0.45299619741519176,-0.7835899338399572,-0.6905224418831577,0
-0.5399400816579639,0.03115988321301316,0.2506635956076296,-0.9038944498623249,1
-0.31082172771119304,-0.7460380356901578,-0.9247628769691165,-0.6532341298091284,1
0.05864940672005254,0.6586516456061469,0.1357465367801201,0.3359419265991465,1
-0.7123125078803406,-0.3494759828071874,0.2270713517423791,0.7678648747899849,1
-0.4358762330097795,0.11556867358569349,0.7890994838226165,0.6280337045123752,1
-2.545081452533742,-1.4611238258285262,1.2936690864890996,1.3862293833509691,1
-0.014462117714825721,-0.15676912176767183,-1.1100761473300345,-0.8935365853973168,0
-0.06569355089547009,-0.933170731327704,-0.6663897546383912,-0.7537054151197071,1
0.3961008954133941,-0.5087378514348864,-0.0046653662243540655,-0.8945723718438177,1
0.038370297752714354,-0.10102746774797698,-1.369590829847788,-0.6884508689901562,0
-0.7132019424841703,-0.36142062295426486,0.6132992150202677,0.8683361601005635,1
0.3518070521426284,-0.24117791214035217,-0.8794809895503296,-0.6687709265066407,0
0.3281480916807339,-0.18065840206182646,-0.6523105123317097,-0.24720584278081045,1
-3.133531386428089,-1.3337143309263668,1.6844631905151006,1.760148290537762,1
0.12624643661118085,-0.01582236803215802,-0.22612804250783267,-0.12083989630771139,1
-0.7950299260365891,-1.3814928915146767,1.3762419400174757,1.015417835503679,1
-0.5723155012373989,-0.6648144826900314,0.31725460651761034,0.7461133594134678,1
0.5455259088569411,-0.48166333376817755,-0.4898284457113565,-0.7723495711567219,0
-1.0353551559916259,-1.4340493081618173,1.1977780307787274,1.2142888332318345,1
0.09476045163557575,-0.0723603313949912,0.6167238955813525,0.44159214414222925,1
-2.771353615748255,1.9423023067454002,1.5984656564256403,1.1883941720693143,1
0.22123805230029198,0.08132737183073825,-0.9099225945377494,-0.8966439447368192,0
0.6463877929313341,-0.1615469778265027,-1.2950088976286096,-0.24720584278081045,1
0.36941785729847515,-0.2077329197285354,-1.0001058493129806,-0.6501267704696261,0
-0.3524472671704662,0.09964248672292365,0.09122568948601861,-0.749562269333704,1
0.3589225289732741,-0.5063489234054709,-0.28739177254501497,-0.8552124868767867,0
-0.27826842121099116,-0.26904873915019945,-0.690743038628327,-0.9453259077223575,1
1.4812111120867661,1.3617927955974376,1.8149815718986633,1.1324617039582705,1
0.19757909183839742,-0.5198861822388253,-0.8539861453733655,-0.5952300888050831,0
0.4539141446623853,-0.22525172527758233,-0.5895247020451564,-1.0033299487264027,0
0.2087859678466633,-0.5477570092486727,-1.2999556584390652,-0.5807290785540716,0
0.14439090252932543,-0.8583176530726856,-1.221949045658802,-0.09080208935918775,1
-1.902376007805727,-1.3233623094655664,0.8849905395329892,1.9994149596794497,1
-1.481317666352305,-1.3910486036323386,1.4496823120496256,1.1283185581722672,1
1.5822508830819262,-1.396622769034308,1.8796699824969303,1.817116545095307,1
0.24009406590150145,0.7311157958317499,0.5238770003697218,0.26343687534408977,1
1.673684760355715,2.2433072384517514,1.3994536638203832,1.5447047096655935,1
-0.5753395788904223,-0.011840821316465773,-1.2820712155089562,-0.007939173639122946,1
1.4054312838403964,-1.4611238258285262,1.6022708570490674,1.3323684881329272,1
-0.8231360595176367,2.2082696273536575,1.8130789715869498,1.7964008161652905,1
0.3843603586428303,-0.5557201026800576,-0.02483292952851971,-0.8106736696772519,1
-0.9231085089882,1.5226472829114137,1.021977761976378,1.666927510352689,1
0.17338647061420398,-0.005470346571357668,-1.1721009174919022,-0.661520421381135,0
0.5049676909222637,1.2789766239110343,0.3206792870786952,0.42398377455171543,1
0.09422679087327786,-0.5812020016604894,-0.8106068582662923,-0.0949452351451911,1
0.455515126949281,1.2734024585090646,0.33247540901131994,0.43848478480272685,1
0.0205816056761017,-0.13367615081665526,-1.18427755948687,-0.5434407664800425,1
0.3875623232166207,-0.05882307256163695,-0.8410484632537123,-0.743347550654699,0
0.5972910027998833,-0.9100777603766876,-0.5845779412347006,-1.0747992135349587,1
0.05260125141400367,0.7271342491160574,0.1540114997725716,0.5772801686338356,1
-2.2770058629391894,-1.3568073018773834,1.9797467588930728,1.216360406124836,1
0.22497367763638026,-0.0540452165028058,-1.1085540670806633,-0.6304468279861106,0
-0.05057316263034893,-0.4227364423759289,0.08019060767807872,-0.9909005113683931,1
0.5092369770206508,-0.3789394285033118,0.49115227500824554,0.08528160654595013,1
0.09351524319021298,-0.5143120168368558,-0.6100727854116648,-0.9049302363088257,0
1.6882714878585383,-1.3416774243577518,1.8503699376965386,1.9838781629819375,1
0.1392321818271074,-0.32240146514047857,-0.7542898890395658,-0.11566096407520725,1
0.529693972908755,-0.0866938995714841,-0.00809004678543838,-0.9712205688848777,1
0.588574543682343,-0.06360092862046782,0.04670484219191713,-0.7288465404036878,1
0.3551869036371858,-0.7778904094156976,-0.7242288041144889,-1.040618260800432,1
-0.041145155829744706,1.005046209871392,0.46109119008316884,0.6829303861769184,1
0.45871709152307133,-0.42194013303279043,0.04366068169317522,-0.6749856451856455,1
-0.18185371015575127,-0.414773348944544,-1.1405177523174541,-0.5455123393730441,1
-1.007071135589812,-1.391844912975477,1.5018135605905822,1.2091099009993307,1
-0.2103156174783309,-0.664018173346893,-1.3851921524038406,-1.072727640641957,1
1.4374509295782993,1.5728147715291385,1.1494519828611987,1.1770005211578054,1
0.5368094497394007,1.1635117691559522,0.7187032722892085,0.788580603720001,1
-0.15534855896159824,-0.709407805905787,-1.4068817959573772,-1.0499403388189394,1
1.7122862221619648,-1.3058435039165197,1.785681527098272,1.7746493007887734,1
0.535030580531739,-0.2523262429442911,-0.47765180371638855,-1.0468329794794369,0
-2.2392938357367704,1.81568912118638,1.6639151071485927,1.0268114864151878,1
-0.6255036905464709,-0.6194248501311371,0.3629170139987401,0.2748305262555986,1
0.19846852644222826,-1.0478392767396472,-0.11349410405437974,-0.6553057027021302,1
0.2683780863033151,-0.6600366266312003,-0.9369395189640845,-0.36321392478890124,1
0.19651177031380063,-0.8949478828570564,-0.5358713732548289,-0.9204670330063379,1
0.17925673899948588,0.03434512058556707,-0.6275767082794311,-0.8500335546442825,0
-0.5479449930924395,0.5376126254490957,-0.7360249260471139,0.6870735319629214,1
0.17267492293113912,-0.34071658003266403,-0.5061908083920946,-0.7744211440497235,0
0.3164075549101701,-0.5589053400526116,-0.8657822673059907,-0.9059660227553266,0
0.471347062897466,1.016194540675331,-1.0815371426543285,0.855906722742554,1
-0.45491013353175497,0.5447794095373422,0.7285967939101201,-0.8666061377882955,1
-0.33643744430151523,-0.01741498671843526,-0.22803064281954658,-0.6418404788976196,1
0.4640536991460543,-0.793020286935329,-0.6979729198128392,-0.9463616941688582,1
0.6508349659504873,1.2065124736854316,-0.619966307032576,0.24272114641407344,1
-0.5820992818795361,-0.3216051557973401,0.5996004927759289,0.5368844972203038,1
-1.51369308593174,1.4071824281563319,1.884236223245043,1.5602415063631054,1
-0.4374772152966742,0.10442034278175452,0.6072108940227839,0.7461133594134678,1
0.14101105103476907,-0.11217579855191595,-1.0423435762330255,-0.9795068604568841,0
-0.019620838417043755,-0.07634187811068374,-0.8087042579545787,-0.9846857926893882,0
1.3894214609714455,1.705002122490129,1.5851474542436437,1.8212596908813101,1
-0.011615926982567252,-0.48644118982700857,-0.06859273669793531,-0.7682064253707186,1
-2.1823700210916104,1.6572235619018192,1.8964128652400112,1.8347249146858209,1
0.507991768575288,-0.08510128088520715,-0.34294770164705607,-0.6128384583955968,0
0.1205540551466639,-0.8129280205137913,-1.2485854500227946,-1.0799781457674629,1
0.6406954114668182,-0.16313959651277965,-0.8943212719816969,-0.8407114766257753,0
0.51386203696057,-0.4561814347877457,-1.297292018002666,-1.0561550574979441,0
-0.49493469070413343,-0.5405902251604262,-0.484501164838558,0.5845306737593413,1
0.6490560967428266,-0.2905490914149388,-1.221949045658802,-0.881107148039307,0
0.3944999131264994,0.01045584029141217,-1.1819944391128139,-0.7215960352781821,0
1.3990273546928156,1.352237083479776,0.9812621153057043,1.4939511737870539,1
-2.001992683434758,1.7034095038038517,1.166575385666622,1.8564764300623382,1
0.29986407127892023,-0.3216051557973401,-0.8121289385156633,-0.9049302363088257,0
0.2276419814478728,-0.9737825078277672,-0.6827521173191293,-0.6708424993996422,1
0.2993304105166213,-1.0629691542592787,-1.0088578107468635,-0.8251746799282632,1
-0.5018722806140121,1.0408801303126245,0.7015798694837848,-0.9960794436008971,1
-0.20515689677611287,-0.47529285902306956,0.02082947795261006,-0.8914650125043151,1
0.10596732764384165,0.7773017377337825,-1.2364088080278266,0.6984671828744303,1
-0.005389884755753428,0.990712641694899,-0.64127543052377,0.47473731043025524,1
-0.07441001001301045,-0.49599690194467044,-0.2999489346023255,-0.8034231645517461,1
-2.634380686758338,-1.4133452652402163,1.558511049879652,1.7073231817662207,1
0.3907642877904111,-0.014229749345881065,-0.30109049478935385,-0.8272462528212648,0
0.028052856348278286,-0.414773348944544,-1.1192086288262604,-0.7226318217246829,0
-0.5529258268738905,0.8601179094201862,-0.7303171251119727,0.20646862078654507,1
-0.4136403679140137,-0.5963318791801208,0.5451861238609157,-0.6211247499676034,1
0.4197598558752897,-0.7532048197784043,-0.6838936775061576,-0.13326933366572105,1
-0.6607253008581633,0.9293968222732351,-0.5248362914468893,0.44987843571423575,1
-0.5913494017593743,-0.20932553841481236,0.7681708803937656,0.7129681931254418,1
-0.2635038067874029,-0.9275965659257347,-1.3981298345234938,-0.6863792960971544,1
0.5629588270920207,-0.12013889198330101,-1.0891475439011833,-0.6708424993996422,0
-0.5933061578878019,0.7573940041553201,-1.3029998189378074,-0.7392044048686959,1
-3.1977485648246606,2.2512703318831364,1.512087602273836,1.394515674922976,1
0.33864342000593595,-0.3112531343365396,-1.2691335333893028,-0.9380754025968517,0
0.41388958749000676,-0.6488882958272614,-1.4004129548975506,-0.666699353613639,0
-1.3615997686767025,2.18039880034381,0.930652947014119,1.7011084630872164,1
-0.011438040061801286,0.6498922428316235,-0.2999489346023255,0.7979026817385083,1
-0.22703698803034678,-0.345494436091495,-1.0663163401606184,-0.6273394686466082,1
0.4830875996680308,-0.3088642063071242,-1.1287216303848289,-0.19541652045576988,1
-3.0707373033976464,1.7304840214705608,1.2232728749556916,1.4566628617130244,1
0.16502578533819554,-1.0502282047690628,0.08703996880024842,-1.035439328567928,1
0.014711337290818794,-0.1281019854146858,-1.0115214511832629,-0.8179241748027576,0
-0.32665366365937804,0.10442034278175452,-1.2287984067809716,-0.22649011385079412,1
1.70517074533132,-1.3671593233381838,1.0950376139461855,1.8958363150293684,1
-0.5148580258299397,-0.4291069171210369,0.14107381765291857,0.849692004063549,1
-0.14307436142873556,-0.18145471140496508,-0.01988616871806363,-0.831389398607268,1
0.5741657031002867,-0.644906749111569,-1.0529981379786224,-0.07319371976867396,1
0.5869735613954482,-0.15039864702256373,-0.9437888800862538,-0.8655703513417948,0
-0.0016542594196641228,-1.0454503487102318,-0.5316856525690588,-0.43054004381145405,1
0.42047140355835355,1.0297317995086854,0.5543186053571421,-0.9132165278808322,1
0.6277096662508916,-0.8702622932197629,-0.3102229762855798,-0.9670774230988743,1
0.6060074619174237,-0.09704592103228472,-1.0016279295623516,-0.5765859327680685,1
-0.6219459521311476,0.08849415591898468,0.17570114332610845,0.004490263718886895,1
-2.645587562766604,2.139787023843747,1.1639117452302228,1.7642914363237658,1
-0.5564835652892128,0.7613755508710127,0.4340742656568335,-1.0706560677489556,1
-0.502050167534779,-0.2586967176893991,0.6680941039976233,0.42191220165871385,1
0.5248910260480699,-0.16313959651277965,-0.6389923101497135,-0.6967371605621626,0
-0.20231070604385543,-0.23241850936582878,-0.5138012096389496,-0.32178246692886875,1
-0.39407280662973937,0.0829199905170152,-0.8577913459967931,-0.8852502938253102,1
-1.019345333122675,2.3412532876577865,0.9588114316274821,1.9403751322289033,1
0.02093737951763363,0.8744514775966791,0.30355588427327146,0.1546792984615045,1
0.5213332876327476,-0.7054262591900946,-0.445307598417255,-0.4761146474574897,1
0.3071574350303308,-0.38530990324841974,-0.2474371659990266,-1.0147235996379116,1
0.45089006700936185,1.2104940204011236,-1.0526176179162796,0.8310478480265343,1
-0.4803479632013112,-0.35743907623857235,0.47707303270156426,0.2520432244325807,1
0.4489333108809342,-0.7906313589059135,-1.1355709915069985,-0.07319371976867396,1
-2.430878049401889,-1.3138065973479045,0.8830879392212756,1.311652759202911,1
-0.3561828925065545,-0.30647527827770876,-0.18046563502670318,-0.5890153701260782,1
-2.055536646585362,-1.3568073018773834,1.9215271893546324,1.1221038394932625,1
-2.104277662875281,2.43442148080499,1.275023603434305,1.129354344618768,1
-0.4406791798704646,-0.10102746774797698,0.8515047740468271,-0.5952300888050831,1
-2.152662905323667,1.7057984318332673,1.426851108309061,1.0609924391497143,1
1.6991225900252713,-1.3990116970637234,1.518936963396006,1.943482491568406,1
-1.428307363964,-1.4467902576520333,1.725178837185775,1.7031800359802176,1
-1.7388979276216567,1.4024045720975007,1.4439745111144848,1.6182455473671513,1
-1.1705492157738824,1.3450702993915291,1.7008255531958392,1.6544980729946794,1
-0.44726099593881136,-0.09784223037542307,-0.9418862797745402,0.7585427967714776,1
0.2562817756912194,1.1826231933912763,0.23163759249049223,0.4985603986997739,1
1.5868759430218453,2.220214267500735,1.508282401650409,1.7425399209472487,1
-0.008769736250309792,-0.6425178210821535,-0.376052947070875,-1.01265202674491,0
0.42242815968678116,-0.5015710673466399,-0.4761297234670176,-0.1032315267171976,1
-0.6043351469753019,-0.45857036281716124,0.24038955392437558,0.5223834869692926,1
-2.3741321216774947,-1.3942338410048924,1.9767025983943307,0.9957378930201634,1
1.679555028740998,2.300641511157723,1.032632323721975,1.7311462700357398,1
0.09636143392247146,-0.28736385404238485,-0.6359481496509715,-0.732989686189691,0
1.626544726352692,1.5114989521074749,1.115585697312694,1.146962714209282,1
1.3821280972200338,1.5608701313820612,1.6897904713878993,1.2070383281063288,1
0.36087928510170175,-0.8081501644549604,-0.7257508843638598,-0.8293178257142665,1
0.39343259160190264,-0.7030373311606791,-0.2710294098642768,-0.9867573655823897,1
0.36568223196238686,-0.6480919864841229,0.03262559988523531,-0.08044422489417968,1
0.49376081491399776,-0.3271793211993096,-0.8166951792637764,-0.6387331195581172,0
0.23315647599162276,-0.25551148031684506,-0.8060406175181795,-0.8220673205887608,0
-1.5423328801750866,2.2902894896969226,1.9002180658634384,1.914480471066383,1
-1.5318375518498855,-1.3560109925342447,1.5132291624608645,1.8689058674203476,1
0.4434188163371842,-0.6329621089644916,-0.9403641995251693,-0.8365683308397721,0
0.4453755724656119,-0.5397939158172876,-0.5750649396761319,-0.6490909840231253,0
1.5256828422782978,1.5919261957644626,0.8861320997200175,1.5001658924660586,1
-0.007168753963414087,-0.5246640382976563,-1.1237748695743734,-0.4605778507599776,1
-1.0995723343881978,1.726502474754868,0.8701502571016221,1.4504481430340197,1
-0.2663499975196614,-0.39406930602294316,-1.1325268310082566,-0.2534205614598152,1
0.29950829743738727,-0.24675207754232165,-0.6838936775061576,-0.738168618422195,0
0.03587988086198782,-0.3439018174052179,-1.3673077094737316,-0.12187568275421218,1
-0.5589739821799394,1.1531597476951523,0.35797025318828407,-0.9929720842613946,1
0.37564389952529,-0.23878898411093674,-1.3311583035511705,-0.6760214316321463,0
0.14492456329162332,-0.14880602833628678,-1.3330609038628844,-0.7537054151197071,0
0.5314728421164167,-0.482459643111316,-1.2786465349478715,-0.7640632795847153,0
1.5491639158194264,2.2114548647262118,1.9896402805139843,1.2474339995198604,1
-0.011971700824100193,0.8226913702926767,0.7381097954686888,-0.6480551975766244,1
0.2564596626119854,0.12592069504649384,-0.43998031754445677,-0.6822361503111513,0
-0.19377213384708103,-0.06837878467929868,-0.6096922653493217,-0.14880613036323326,1
-0.8503527583948546,2.4965336095697928,1.1479299026118275,1.5519552147910993,1
-0.04772697189809147,-0.7197598273665875,-1.0119019712456057,-0.9494690535083605,1
-1.4973274892212571,1.4804428877250735,1.0977012543825846,1.0102389032711747,1
-0.35689444018961936,-0.06280461927732948,0.08209320798979233,-0.6749856451856455,1
0.551040403400691,-0.7181672086803105,-1.3292557032394567,-0.6687709265066407,1
0.41228860520311206,1.1778453373324451,0.14145433771526097,0.4705941646442521,1
1.5141201924285,-1.3767150354558457,1.448540751862598,1.7363252022682436,1
-1.0282396791609811,-1.309825050632212,1.0025712387968977,1.4193745496389951,1
0.3027102620111777,0.08371629986015382,-1.0891475439011833,-1.002294162279902,0
1.6779540464541023,2.1310276210692236,1.249528759257341,1.6306749847251607,1
0.06967839580755247,-0.9538747742493049,-0.7744574523437315,-0.7091665979201723,1
-0.6374221142378006,0.021604171095351142,0.46147171014551125,-0.9701847824383767,1
1.7242046458532956,-1.3544183738479678,1.6810385099540164,1.8637269351878432,1
-0.7044854833666311,0.9700085987732984,0.7852942831991893,-1.0665129219629523,1
-0.5269543364420364,-0.27143766717961487,0.5090367179383546,-1.0468329794794369,1
1.5271059376444276,2.0896195352260216,1.8792894624345875,1.7415041345007474,1
0.4450197986240789,-0.21410339447364335,-0.5472869751251113,-0.9277175381318434,0
0.4227839335283131,-0.194195660895181,-0.5575610168083655,-0.8852502938253102,0
0.4685008721652075,-0.810539092484376,-1.0046720900610935,-0.2575637072458185,1
0.04619732226642388,-0.24117791214035217,-0.6009403039154387,-0.8583198462162893,0
-1.9516506848579436,-1.3313254028969514,1.298996367361898,0.9833084556621535,1
1.5882990383879751,1.6580198712449576,1.1376558609285734,1.9217309761918888,1
0.3642591365962581,-0.1472134096500098,0.03338664000992065,-0.6988087334551643,1
0.22141593922105796,-0.6656107920331699,0.2354427931139195,0.12049834572697771,1
0.016845980340012393,-0.5652758147977195,-0.7337418056730576,-0.508224027299015,1
0.3790237510198463,1.005046209871392,0.27235323916116594,0.5296339920947982,1
0.42527435041903966,-0.4442367946406684,-0.7124326821818636,-0.6180173906281009,0
0.5718531731303271,0.5599092870569734,0.5786718893470778,-1.0230098912099184,1
-1.4583702535734753,1.7432249709607766,1.4961057596554412,1.5550625741306017,1
0.375288125683758,-0.08350866219893019,-0.12186554542592014,-0.18195129665125925,1
0.3740429172383943,0.8927665924888641,-1.3010972186260934,0.45609315439324066,1
-2.097695846806934,-1.3185844534067357,1.6776138293929315,1.6399970627436684,1
-0.5095214182069557,0.5503535749393117,-0.42057379436497644,0.2851883907206067,1
-2.4705468327327353,-1.4069747904951084,1.7396385995547992,1.393479888476475,1
-0.6221238390519145,0.9540824119105286,0.47707303270156426,-0.9598269179733686,1
0.12873685350190636,0.05584547285030639,-1.1161644683275183,-0.32799718560787366,1
0.1264243235319468,-0.5692573615134119,-0.3258242988416326,-0.6273394686466082,0
1.6201407972051112,2.1182866715790074,1.106453215816468,1.5768140895071185,1
0.6567052343357701,0.050271307448336904,-0.21775660113629228,-0.8168883883562567,1
-0.2188541896751053,-0.3908840686503891,-0.22574752244549,-0.7899579407472356,1
1.5014902210541055,-1.3711408700538763,1.6308098617247735,1.5032732518055612,1
-0.008236075488010888,0.12512438570335552,-0.8638796669942769,-0.9784710740103832,0
-2.2613518139117703,2.412124819197112,0.9884919964902165,1.2640065826638736,1
-0.02086604686240652,-0.7022410218175406,-1.1154034282028331,-1.0582266303909458,1
1.5690872509452327,2.0036181261670647,1.6452696240937976,1.0754934494007258,1
0.588218769840811,-0.0038777278850807124,-0.4997219673322678,-0.7650990660312161,0
-0.21102716516139577,-0.7261303021116955,-1.3197427016808883,-0.9898647249218923,1
-0.02655842832692245,0.5877801140668208,0.6840759466160187,-0.9349680432573492,1
0.4505342931678289,0.9891200230086221,0.7811085625134191,-0.7951368729797397,1
-0.1226173655406304,-0.20614030104225844,-1.122633309387345,-0.43054004381145405,1
1.4648455153762832,2.144564879902578,1.2335469166389454,1.5053448246985628,1
0.2680223124617832,-0.022989152120404744,-0.3653983853252783,-0.930824897471346,0
1.6430882099839417,2.467866473216807,1.8796699824969303,1.328225342346924,1
0.4711691759767,-0.5437754625329803,-1.3182206214315173,-0.7464549099942015,0
-1.3969992659091608,1.408775046842609,1.5691656116252484,1.6855716663897036,1
-0.44174650139506144,1.2200497325187856,-1.127199550135458,-0.809637883230751,1
0.5743435900210536,0.6482996241453466,0.8659645364158519,-0.7505980557802048,1
0.22123805230029198,-0.4139770396014055,-0.13099802692214588,-0.8003158052122438,1
0.524535252206538,1.1053811871068424,0.2354427931139195,0.9128749773000984,1
0.2870562129837586,-0.10421270512053117,-0.948355120834367,-0.9981510164938988,0
1.5221251038629755,2.0028218168239262,1.1916897097812436,1.1345332768512721,1
1.5963039498224505,1.5433513258330145,0.8743359777873922,1.6980011037477138,1
0.40890875370855573,-0.21489970381678183,-0.41752963386623454,-1.0530476981584418,0
0.01702386726077836,-0.07156402205185287,-0.8669238274930191,-0.8790355751463055,0
0.6607966335133904,-0.026174389492958656,-0.9616733230163629,-0.9888289384753913,0
-0.555594130685383,1.1324557047735515,-1.2969114979403233,0.40016068628219675,1
1.6000395751585388,2.4208842219716358,1.8758647818735026,1.151105859995285,1
-0.7116009601972757,-0.48166333376817755,0.27501687959756543,0.5275624192017966,1
-2.661063724873257,-1.4181231212990475,1.486973278159215,1.2298256299293469,1
1.531019449901282,2.3882355389029573,1.9930649610750686,1.4939511737870539,1
-0.6030899385299381,0.07654951577190709,0.2837688410314488,0.2882957500601091,1
0.6431858283575447,-0.7571863664940968,-1.003530529874065,-0.9411827619363541,1
0.0067064258563433,-0.5891650950918743,-0.8151730990144055,-0.6190531770746017,0
0.4094424144708536,0.6052989196158677,0.3043169243979568,0.9460201435881244,1
1.408099587651889,-1.4491791856814484,1.1905481495942152,1.9994149596794497,1
-1.9612565785793148,1.7878182941765324,1.0847635722629314,1.9838781629819375,1
0.1541746831714626,0.12114283898766298,0.1639050213934832,0.10703312192246707,1
-0.10963162032470385,-0.5310345130427643,-0.7706522517203039,-0.6190531770746017,1
1.3874647048430178,2.3739019707264646,1.2221313147686632,1.2080741145528298,1
0.6296664223793182,-0.37097633507192673,-0.5442428146263693,-1.045797193032936,0
0.5793244238025047,1.2096977110579854,-1.2698945735139882,0.8310478480265343,1
-0.6468501210384059,-0.5796093829742124,-0.9860266070062987,0.3618365877616668,1
-1.1472460291535198,1.8077260277549947,0.9991465582358133,1.36137050863495,1
-2.1652928766980626,1.7201320000097602,1.9557739949654798,1.3572273628489468,1
1.630814012451079,-1.3114176693184891,1.593899415677527,1.7756850872352747,1
-0.6882977735769131,-0.3399202706895255,0.2757779197222508,0.17643081383802142,1
-0.06249158632167969,-0.3685874070425113,-1.2227100857834874,-0.5392976206940392,1
-0.06284736016321162,-0.511126779464302,0.022351558201981286,-1.0903360102324708,1
1.3958253901190263,-1.4165305026127706,1.6224384203532332,1.415231403852992,1
-0.14254070066643665,-0.05643414453222138,-0.3136476568466647,-0.8925007989508159,1
0.6140123733518992,1.1794379560187225,0.7278357537854343,-0.6801645774181496,1
-0.4636265926492953,0.8091541114593225,-0.9350369186523708,-0.793065300086738,1
-0.598464878590019,-0.1408429349049017,0.13041925590732162,0.24064957352107186,1
-3.2025515116853462,-1.3838818195440923,1.7362139189937142,1.0962091783307424,1
-0.417198106329336,-0.44105155726811435,0.2868130015301907,0.1453572204429972,1
0.0006582705502954416,-0.664018173346893,-1.2383114083395403,-0.7060592385806699,0
-0.7774191208807423,-1.3663630139950451,1.2053884320255823,1.8626911487413425,1
-0.11318935874002617,-0.29851218484632386,-0.4388387573574285,-0.9898647249218923,1
-1.9801125921805243,2.17004677888301,1.0653570490834512,1.0723860900612237,1
-2.455070670626082,-1.3607888485930757,2.0067636833194076,1.8160807586488064,1
0.22550733839867917,-0.47290393099365413,-1.175525598052987,-1.0913717966789718,0
0.609743087253512,-0.6345547276507685,-1.3494232665436223,-0.831389398607268,0
-0.7377503375498968,0.08371629986015382,-1.0202734126171462,0.4985603986997739,1
1.6075108258307165,1.6508530871567113,1.4953447195307554,1.563348865702608,1
0.4080193191047249,-0.6042949726115058,-1.2904426568804965,-0.69362980122266,0
-0.4630929318869964,0.9755827641752678,0.25827399685448466,-0.6314826144326114,1
0.27727243234162147,-0.6871111442979092,-0.32239961828054775,-1.0893002237859701,1
-0.6094938676775189,-0.4394589385818374,0.17303750288970893,0.8020458275245115,1
-1.6848203037087537,2.135009167784916,1.590474735116442,1.2225751248038412,1
-0.39211605050131276,-0.7396675609450498,-0.9666200838268187,-0.8717850700207997,1
0.09458256471480979,-0.4880338085132855,-0.376052947070875,-0.8738566429138013,0
-0.47892486783518246,-0.08828651825776106,0.2765389598469361,0.8621214414215588,1
0.5261362344934327,-0.05961938190477529,-0.3680620257616775,-0.7226318217246829,0
-0.4662948964607868,0.09725355869350809,0.726694193598406,0.5555286532573185,1
-2.864922136071238,2.0951937006279913,0.9774569146822765,1.6368897034041658,1
-0.2538979130660317,-0.12412043869899354,-0.947974600772024,-0.6314826144326114,1
0.6181037725295204,-0.9936902414062296,0.008652835957642411,-0.9370396161503507,1
0.24632010812831628,-0.3383276520032486,-1.235647767903141,-0.7485264828872032,0
-0.7509139696865893,1.0106203752733613,-0.8338185820691999,0.766829088343484,1
0.05224547757247174,-0.35345752952287995,-1.410306476518462,-0.18091551020475846,1
0.5474826649853677,-0.8352246821216693,-0.9791772458841294,-0.30313831089185417,1
0.5796801976440367,-0.006266655914496287,-0.6915040787530127,-0.9567195586338663,0
0.14101105103476907,-0.19738089826773492,-0.9574876023305927,-0.7982442323192421,0
0.2472095427321461,1.2208460418619245,-1.0906696241505542,0.3525145097431595,1
-1.9961224150494752,-1.3169918347204586,1.6909320315749274,1.228789843482846,1
0.487178998845651,-0.6480919864841229,-0.3281074192156889,-0.7692422118172194,0
0.46992396753133725,-0.24754838688546013,-1.226515286406915,-0.6169816041816001,0
-0.0991362919995018,-0.10580532380680813,-0.8676848676177044,-0.9877931520288905,1
0.4706355152144011,0.006474293575719639,-0.8048990573311512,-0.6159458177350993,0
-0.08543899910051038,-0.268252429807061,-1.0202734126171462,-0.4926872306015027,1
-0.4595351934716741,0.9899163323517607,-0.9757525653230448,0.02417020620240226,1
0.10596732764384165,-0.6791480508665243,-1.292725777254553,-0.20473859847427717,1
-1.1913619855035196,-1.351233136475414,1.5767760128721033,0.9822726692156529,1
0.2952390113390011,-0.30408635024829317,-0.7889172147127558,-0.8272462528212648,0
0.5318286159579486,-0.5007747580035015,-0.9201966362210036,-0.06594321464316844,1
-0.013928456952526815,1.0663620292930562,-0.7310781652366584,0.3131546247761286,1
0.02787496942751232,-0.45936667216029975,-0.4099192326193795,-0.7143455301526764,0
1.6763530641672075,-1.325751237494982,1.6087396981088942,1.635853916957665,1
0.5065686732091593,-0.16951007125788775,-0.7063443611843798,-0.5838364378935741,0
1.5105624540131777,2.4208842219716358,1.6783748695176168,1.7383967751612455,1
-0.5120118350976812,0.6156509410766683,0.7244110732243499,-1.0157593860844125,1
0.5022993871107722,0.09884617737978504,-0.45139591941473906,-0.8458904088582795,0
-0.34693277262671623,-1.0613765355730018,-1.3281141430524286,-0.7537054151197071,1
0.06950050888678651,-0.5971281885232593,-1.194932121232467,-0.9763995011173816,0
-0.4308953992283285,1.2678282931070952,0.30089224383687196,-0.8893934396113136,1
0.49749644025008705,0.08212368117387658,-0.7919613752114979,-0.8748924293603021,0
1.4098784568595495,2.1716393975692867,1.4850706778475014,1.0630640120427164,1
0.6029833842643992,-0.03413748292434343,-1.412970116954861,-0.9432543348293556,0
-0.48301626701280265,-0.3685874070425113,0.159719300707713,-0.7961726594262405,1
-1.2440165140502926,1.666779274019481,1.7027281535075527,1.607887682902143,1
0.6019160627398025,-0.8615028904452395,-1.1344294313199703,-0.15502084904223817,1
1.4276671489361623,-1.4340493081618173,1.2350689968883168,1.8865142370108616,1
1.5975491582678134,1.4398311112250104,1.967570116898105,1.5519552147910993,1
-0.23468612562329033,-0.027767008179235612,-0.6789469166957017,-0.8106736696772519,1
-0.05199625799647867,-0.04687843241455936,-0.17171367359281983,-0.8168883883562567,1
0.529516085987989,-0.9275965659257347,-0.6899819985036414,-0.749562269333704,1
0.6060074619174237,0.7143932996258415,0.8564515348572832,0.3297272079201416,1
-0.23895541172167753,-0.865484437160932,-1.2615231321424478,-0.7588843473522113,1
0.4099760752331525,-0.3948656153660816,-1.2504880503345082,-0.6957013741156618,0
0.36763898809081447,-0.7890387402196365,0.014741156955126235,-0.7184886759386796,1
0.05135604296864091,0.7669497162729821,0.6494486209428288,0.4985603986997739,1
0.07999583721198752,0.028770955183597582,-0.9278070374678584,-1.0882644373394692,0
0.3551869036371858,-0.45299619741519176,-1.3402907850473964,-0.6263036822001073,0
-0.4844393623789324,-0.09226806497345358,0.39259757886147445,-0.776492716942725,1
0.1451024502123903,-1.0605802262298631,-0.26037484811867984,-0.881107148039307,1
-1.443783526070653,1.7416323522744999,1.5539448091315387,1.151105859995285,1
-1.0097394394013037,-1.4475865669951715,1.7217541566246901,1.6855716663897036,1
0.3635475889131932,-0.550145937278088,-0.5602246572447648,-0.8531409139837851,0
-0.5113002874146173,0.5861874953805439,-0.32239961828054775,0.052136440257924126,1
0.08248625410271306,0.9692122894301597,-1.2440192092746813,-0.050406417945656236,1
0.412644379044644,-1.0494318954259243,0.006750235645928782,-0.9515406264013622,1
0.2231948084287196,-0.1464171003068712,-0.3756724270085323,-1.0675487084094533,0
-0.2636816937081689,-0.4577740534740228,0.03985548106974742,-0.7972084458727412,1
0.5570885587067389,-0.12412043869899354,-0.14241362879242844,-0.06076428241066431,1
0.247743203494445,0.864895765479017,0.46832107126768097,0.44884264926773493,1
-2.4886912986508802,-1.3560109925342447,1.9192440689805759,1.526060553628579,1
-2.6665782194170067,-1.3456589710734443,1.8096542910258648,1.9041226066013748,1
0.24543067352448544,-0.49520059260153193,-0.3680620257616775,-0.4460768405089662,1
0.5010541786654094,-0.3383276520032486,-1.3151764609327754,-1.0489045523724383,0
-0.7452215882220734,-0.06200830993419086,0.4161898227267244,0.04902908091842176,1
-0.7404186413613882,0.729523177145473,-0.34903602264454014,0.5503497210248145,1
0.3872065493750878,-0.24038160279721368,-0.2759761706747326,-0.6604846349346342,0
-2.279318392909149,-1.3902522942892,1.0919934534474436,1.5571341470236033,1
0.24009406590150145,-0.030155936208651184,-1.2402140086512539,-1.0924075831254727,0
0.3023544881696457,-0.41636596763082095,-0.43008679592354515,-0.9567195586338663,0
0.15915551695291366,-0.23799267476779812,-0.7185210031793474,-1.078942359320962,0
0.3567878859240805,-0.31841991842478623,-1.3745375906582438,-0.5796932921075708,0
0.3857834540089591,-0.6863148349547707,-1.175525598052987,-0.508224027299015,1
0.5748772507833515,-0.47290393099365413,-1.003911049936408,-0.7526696286732064,0
-0.486751892348892,-0.18304733009124202,0.7533305979623984,0.7160755524649444,1
-0.16531022652450136,-0.19339935155204252,-0.7158573627429484,-0.7443833371011999,1
0.3055564527434361,-0.6210174688174142,-1.1869411999232693,-0.2762078632828331,1
-1.358219917182146,2.460699689128561,1.075250570704363,1.1013881105632461,1
-0.4604246280755049,1.061584173234225,-0.9308511979666005,0.6591072979073996,1
0.04210592308880265,-0.5358123691015951,-0.7991912563960101,-0.732989686189691,0
0.10276536307005124,-0.952282155563028,-1.003911049936408,-0.37978650793291424,1
-0.44192438831582737,1.2319943726658633,-0.2942411336671844,-0.6004090210375871,1
0.2936380290521054,-0.788242430876498,-0.42970627586120247,-0.683271936757652,1
0.6326905000323426,-0.16951007125788775,-1.0929527445246108,-0.5848722243400749,0
0.6588398773849637,-0.5716462895428275,-0.35740746401608053,-0.17470079152575355,1
-1.737296945334762,-1.3392884963283362,1.0577466478365962,1.8937647421363673,1
1.5223029907837415,-1.4348456175049555,1.5592720900043373,1.9300172677638952,1
1.5011344472125725,1.7495954457058849,0.9192373451438361,1.5509194283445982,1
0.4588949784438373,0.7239490117435035,0.5010457966291572,0.6725725217119101,1
0.18619432890936558,-0.0038777278850807124,-0.6085507051622937,-1.0250814641029198,0
0.042283810009568615,-0.5310345130427643,-0.38556594862944366,-0.7754569304962243,0
1.4036524146327358,-1.3974190783774465,1.5478564881340549,1.9061941794943766,1
1.5681978163414028,-1.4436050202794792,0.9454932294454856,1.415231403852992,1
-0.6633936046696558,0.04469714204636742,-0.6827521173191293,0.26447266179059054,1
-0.6987931019021141,-0.424329061062206,-0.802235416894752,0.7026103286604338,1
-0.2706192836180476,0.09406832132095418,0.06801396568311106,-0.8168883883562567,1
0.24169504818839613,-0.7723162440137281,-0.9228602766574029,-0.8293178257142665,1
0.15470834393376048,-0.4370700105524218,-0.4365556369833719,-0.6718782858461432,0
-0.5710702927920361,-0.16632483388533356,0.39564173936021635,0.014848128183894973,1
1.6055540697022888,1.9255798105394917,0.9428295890090866,1.3095811863099094,1
0.2351132321200504,0.9349709876752045,-0.7409716868575696,0.1546792984615045,1
0.30164294048658086,-0.6544624612292309,-1.2044451227910358,-0.6511625569161269,0
-1.3016518763785179,1.6898722449704977,0.9047775827748119,1.6016729642231382,1
0.16769408914968806,-1.039079873965124,-1.221949045658802,-0.27931522262233555,1
0.5252467998896019,-0.04687843241455936,-0.30984245622323714,-0.6180173906281009,0
-0.7398849805990894,1.2789766239110343,-1.0214149728041741,0.5317055649878,1
1.6002174620793048,-1.388659675602923,1.0379596045947734,1.5540267876841007,1
-0.4718093910045368,1.1021959497342886,-0.50276612783101,0.3711586657801741,1
-0.10322769117712303,-0.564479505454581,-0.1511655902263115,-0.8469261953047802,1
-2.320054497764592,-1.414141574583355,1.8758647818735026,1.397623034262478,1
1.386219496397655,-1.308232431945935,1.5771565329344464,2.0066654648049553,1
0.03943761927731115,-0.8113354018275144,0.03262559988523531,-1.0851570779999669,1
-0.6338643758224783,1.0074351379008075,-0.8631186268695915,0.36390816065466836,1
1.5742459716474506,-1.4324566894755404,0.8964061414032716,1.3375474203654312,1
0.6197047548164151,0.1068092708111701,-0.4182906739909202,-0.6988087334551643,0
0.41887042127145885,-0.9196334724943497,-0.9597707227046492,-0.7464549099942015,1
-0.9378731234117892,-1.453160732397141,1.8956518251153258,1.8958363150293684,1
0.41993774279605567,-0.8535397970138545,-0.11920190498952063,-1.0116162402984092,1
0.10543366688154375,-0.12252782001271659,-0.6420364706484554,-1.0613339897304481,0
-1.2504204431978734,-1.3814928915146767,1.0006686384851842,1.3323684881329272,1
-0.699860423426711,-0.35664276689543384,0.34008581025817497,0.624926345172873,1
-0.2917878271892166,-0.8232800419745918,-1.3520869069800217,-0.93600382970385,1
0.17818941747488906,-0.32479039316989416,-0.37795554738258885,-0.2938162328733469,1
0.5081696554960541,0.006474293575719639,-0.8140315388273772,-0.8396756901792745,0
-0.7019950664759045,-0.1766768553461342,-0.46433360153439235,0.7295407762694548,1
-0.3015716078313538,-0.9753751265140442,-0.6568767530798225,-0.6988087334551643,1
-2.5207109443887825,2.178009872314395,1.4314173490571742,1.0330262050941925,1
-0.018197743050914015,-0.5214788009251022,-0.9772746455724157,-0.5952300888050831,0
0.4912703980232722,-0.3032900409051547,-0.7249898442391742,-0.6584130620416325,0
0.5407229619962549,0.012844768320827744,-0.11235254386735145,-1.0178309589774142,1
1.46680227150471,1.4063861188131934,1.2510508395067117,1.51466690271707,1
-0.009125510091841722,-0.13925031621862477,-1.1766671582400152,-0.8717850700207997,0
-1.7310709031079472,2.0513966867553743,1.322969131289491,1.6555338594411804,1
0.09155848706178535,-0.16712114322847219,-0.2839670919839304,-0.8634987784487932,0
1.6599874674567237,-1.3138065973479045,1.9892597604516413,1.1925373178553178,1
0.5375209974224655,0.9946941884105915,0.2259297915553508,-1.0706560677489556,1
-0.3303892889954663,-0.23321481870896726,-0.9940175283154965,-0.3911801588444232,1
0.28990240371601705,-0.036526410953759005,-0.9529213615824799,-0.7112381708131739,0
1.732565331129303,1.6627977273037886,1.0254024425374628,1.6586412187806827,1
-0.2199215111997021,-0.12491674804213188,-1.3303972634264851,-0.0939094486986903,1
1.3945801816736625,1.5210546642251366,1.3549328165262817,1.9973433867864485,1
0.5640261486166176,-0.4434404852975298,-0.8874719108595274,-0.6004090210375871,0
0.2360026667238802,-0.3502722921503259,-0.3497970627692255,-1.029224609888923,0
-0.092732362851921,-0.2029550636697044,-0.18997863658527184,-1.0302603963354238,1
-0.7235193838886065,0.9700085987732984,-0.2759761706747326,-0.9940078707078954,1
-0.5835223772456648,1.0082314472439462,0.33247540901131994,-0.7360970455291934,1
-0.5554162437646171,-0.35345752952287995,0.5231159602450365,-0.7671706389242178,1
-0.6753120283609855,-0.22365910659130522,0.614440775207296,-0.8583198462162893,1
-3.213936274614378,2.2401220010791976,1.3321016127857173,1.0796365951867293,1
-0.6413356264946559,0.0016964375168887732,-0.5233142111975183,0.02209863330940068,1
1.4516818832395897,2.0410446652945735,1.8583608590057366,1.201859395873825,1
1.5808277877157975,1.7726884166569012,1.5680240514382204,1.6389612762971675,1
-0.5429641593109874,1.2391611567541094,0.18026738407422105,-0.7858147949612324,1
1.4518597701603557,-1.338492186985198,0.9976244779864422,2.001486532572452,1
0.5585116540728676,-0.9594489396512744,-0.07468105769541913,-0.8935365853973168,1
0.327614430918436,-0.6154433034154446,-1.369590829847788,-0.9722563553313786,0
0.43043307112125667,-0.35903169492484943,-0.4894479256490138,-0.9038944498623249,0
0.4642315860668213,1.211290329744262,0.7476227970272575,0.4768088833232568,1
0.51937653150432,-0.29851218484632386,-1.029405894113372,-0.7972084458727412,0
-0.2505180615714754,-0.6520735331998154,-0.0933265407502141,-0.716417103045678,1
-0.5589739821799394,0.7104117529101489,-0.7695106915332757,-0.9422185483828549,1
0.5030109347938361,-0.8495582502981622,-0.8745342287398739,-0.49683037638750593,1
-1.0433600674261014,-1.3153992160341814,1.3819497409526171,1.0889586732052365,1
-0.5427862723902215,-0.43468108252300636,0.39754433967193,-1.0250814641029198,1
0.06647643123376207,-0.1854362581206576,-0.26988784967724855,-0.6325184008791123,1
-0.2072915398253065,-0.7309081581705265,-0.5750649396761319,-1.0437256201399345,1
-2.984640033746841,1.4438126579407027,1.6388007830339715,1.6389612762971675,1
0.09031327861642259,-0.16871376191474916,-1.1138813479534617,-0.6656635671671383,0
-0.4305396253867955,-0.41238442091512856,0.48963019475887487,-0.8945723718438177,1
1.5158990616361616,1.957432184265032,1.7255593572481174,1.0620282255962152,1
0.42047140355835355,-0.06360092862046782,0.07448280674293782,-0.4792220067969922,1
-0.5531037137946565,1.0862697628715183,-1.000866889437666,0.6497852198888923,1
0.1966896572345666,-0.5557201026800576,-1.2428776490876532,-1.0323319692284256,0
0.2413392743468642,-0.6926853096998786,-0.3790971075696172,-0.710202384366673,1
0.4989195356162158,-0.13686138818920945,-0.23868520456514325,-0.4015380233094313,1
0.2749599023716619,0.04071559533067489,-0.12262658555060547,-0.11773253696820901,1
0.4482217631978693,-0.8001870710235754,-1.1294826705095147,-0.5506912716055482,1
-0.41986641014082854,-0.6082765193271982,-1.2166217647860036,0.38876703537068785,1
-0.518771538086795,-0.5318308223859027,0.5836186501575333,0.8269047022405311,1
0.6453204714067373,-0.9666157237395208,-0.8421900234407402,-0.5890153701260782,1
0.19864641336299424,-0.5039599953760555,-0.8113678983909779,-0.6563414891486309,0
-1.8836978811252834,2.141379642530024,1.1433636618637142,1.5343468452005853,1
-0.46754010490614956,-0.10421270512053117,0.7118539111670393,0.5399918565598064,1
0.08301991486501197,-0.23878898411093674,-0.28739177254501497,-0.6159458177350993,0
1.6818675587109575,2.2839190149518145,1.12890389949469,1.5208816213960747,1
0.07928428952892266,-0.1464171003068712,-0.6896014784412987,-1.0551192710514432,0
0.40375003300633766,-0.4434404852975298,-0.5746844196137892,-0.832425185053769,0
-0.10642965575091344,-0.20693661038539693,-0.18198771527607413,-0.6304468279861106,1
-0.38535634751220005,-0.22525172527758233,-0.5663129782422486,-1.0716918541954563,1
0.0743034557474716,0.0797347531444613,-1.199878882042923,-0.678093004525148,0
-0.161930375029945,-0.4713113123073772,-0.6511689521446813,-0.9991868029403996,1
0.4206492904791195,-0.8240763513177303,-0.14127206860540018,-1.0779065728744612,1
0.03783663699041545,-0.8280578980334229,-0.6161611064091486,-0.35699920610989644,1
0.5343190328486751,-0.45379250675833027,-0.5176064102623772,-1.0364751150144287,0
-1.7629126619250841,-1.4117526465539394,1.2997574074865834,1.0506345746847066,1
-1.7753647463787128,-1.4396234735637867,1.280731404369446,1.9186236168523862,1
-0.2190320765958713,0.005677984232581304,-0.7596171699123644,-0.22234696806479096,1
-0.2604797291343785,-0.5589053400526116,-1.197976281731209,-0.6325184008791123,1
0.27140216395633954,-0.2905490914149388,-1.1701983171801886,-0.8251746799282632,0
1.6622999974266832,-1.4197157399853244,0.9774569146822765,1.563348865702608,1
1.4744514090976535,1.3562186301954682,1.5238837242064613,1.9393393457824026,1
0.5574443325482707,-0.4394589385818374,-0.3703451461357338,-0.7941010865332389,0
-0.1533918028331706,-0.34867967346404893,-1.0644137398489049,-0.20370281202777638,1
1.466446497663178,-1.3185844534067357,1.4154355064387787,1.4007303936019806,1
-2.1640476682526986,-1.3902522942892,0.8808048188472191,1.4825575228755448,1
0.662931276562584,-0.0866938995714841,-1.0130435314326338,-1.0437256201399345,0
0.62041630249948,1.2710135304796493,0.8107891273761534,-0.9929720842613946,1
0.28794564758758945,-0.3646058603268189,-1.0921917043999252,-0.8179241748027576,0
0.2817196053607746,-0.657647698601785,-0.2672242092408493,-0.6242321093071058,1
-0.06427045552934137,-0.9642267957101054,-1.0518565777915942,-0.8666061377882955,1
-0.17224781643438006,-0.9801529825728753,-0.3166918173454066,-0.694665587669161,1
0.5115495069906104,0.9039149232928031,0.2868130015301907,0.12153413217347848,1
0.540545075075489,-0.20932553841481236,-1.0899085840258689,-1.0747992135349587,0
-0.34800009415131306,-0.6130543753860292,-0.2972852941659266,-0.9111449549878304,1
-0.4835499277751016,-0.6457030584547075,-0.4285647156741742,0.15571508490800529,1
-2.5641153530557177,2.135009167784916,0.9995270782981558,1.7850071652537816,1
0.5270256690972636,-0.44901465069949925,-0.9772746455724157,-1.078942359320962,0
-2.0002138142270964,-1.3687519420244607,1.2948106466761278,1.5975298184371352,1
0.48895786805331265,-0.4291069171210369,-0.054894014453596436,-0.8852502938253102,1
-0.7176491155033236,0.803579946057353,-1.136332031631684,-1.0903360102324708,1
-2.32058815852689,-1.4006043157500003,1.8100348110882076,0.9895231743411586,1
-0.677624558330945,-0.23321481870896726,0.7997540455682135,0.20128968855404092,1
-0.36169738705030446,-0.6393325837095996,-0.473846603092961,-0.8303536121607672,1
1.6345496377871673,2.518033961834532,1.6730475886448184,1.129354344618768,1
0.5501509687968602,1.0488432237440093,-0.28282553179690206,0.7968668952920077,1
-0.7470004574297351,-0.40203239945432806,-1.3916609934636675,0.9180539095326025,1
0.15292947472609983,0.08690153723270773,-1.371112910097159,-0.6376973331116164,0
0.5611799578843601,-0.5461643905623956,-0.54157917418997,-0.7474906964407023,0
0.20291569946138144,1.1969567615677692,-1.2950088976286096,0.7326481356089574,1
0.5439249265700453,-0.2109181571010893,-0.5195090105740908,-0.359070779002898,1
0.24969995962287264,-0.5278492756702102,-0.7055833210596942,-0.8655703513417948,0
0.3156960072271052,-0.8662807465040705,-1.139376192130426,-0.8997513040763215,1
-0.029404619059179907,1.162715459812814,0.7000577892344141,0.9667358725181409,1
0.40695199758012807,0.000900128173750154,-0.9171524757222617,-0.8510693410907836,0
0.48895786805331265,-0.23719636542465963,-1.317079061244489,-0.5879795836795774,0
-0.6808265229047354,0.7988020899985219,-0.5510921757485387,-0.6988087334551643,1
1.4009841108212433,-1.4165305026127706,1.7525762816744528,1.0185251948431815,1
-1.9742423237952424,1.9558395655787548,1.3518886560275398,1.00402418459217,1
-0.4753671294198601,-0.5326271317290413,0.16504658158051147,0.1608940171405094,1
-2.4949173408776946,1.5608701313820612,1.2860586852422444,1.783971378807281,1
-0.38749099056139263,-0.22843696265013624,-0.32201909821820507,-0.8469261953047802,1
0.47899620049040953,-0.8798180053374249,-1.3372466245486545,-0.1280904014332171,1
0.6390944291799234,-0.7038336405038177,-0.7607587300993927,-0.2844941548548396,1
-2.6945064659772884,2.1796024910006717,1.1441247019884002,1.675213801924696,1
-0.6977257803775183,1.2383648474109712,0.1874972652587337,-0.7650990660312161,1
-0.5155695735130046,0.6944855660473791,-0.6469832314589111,-0.5807290785540716,1
1.5589476964615636,2.3667351866382185,1.4154355064387787,1.9797350171959345,1
0.2596616271857758,0.9493045558516974,0.7727371211418786,-0.7557769880127089,1
-1.7830138839716563,-1.3743261074264301,1.7910088079710704,1.6016729642231382,1
0.3019987143281138,-0.15915804979708711,-0.5712597390527043,-0.997115230047398,0
0.42883208883436197,-1.0056348815533072,-0.7211846436157466,-0.3901443723979223,1
0.09102482629948745,0.5845948766942669,0.5973173724018722,0.6332126367448793,1
-3.078564327911356,1.6835017702253894,1.3263938118505758,1.7145736868917265,1
-0.7094663171480821,-0.005470346571357668,0.41923398322546634,-0.6594488484881333,1
-0.5703587451089712,0.5885764234099594,-1.1173060285145466,-0.6335541873256131,1
0.5818148406932302,0.9700085987732984,0.198912867129016,-0.7184886759386796,1
1.429268131223058,2.437606718177544,1.717187915876577,1.0123104761641764,1
0.0195142841515049,-0.184639948777519,-1.196454201481838,-1.0489045523724383,0
0.6495897575051245,-0.9244113285531806,-0.2679852493655349,-0.7878863678542339,1
-1.4224370955787171,1.4000156440680858,1.9546324347784516,1.085851313865734,1
0.36941785729847515,0.7773017377337825,-0.5743038995514463,0.20646862078654507,1
1.4330037565591462,-1.3870670569166461,1.9881182002646132,1.0796365951867293,1
0.24863263809827585,1.225623897920755,-0.29348009354249904,0.3763375980126782,1
0.6220172847863756,0.053456544820890815,-0.6511689521446813,-0.9173596736668354,0
-0.6591243185712685,0.8967481392045568,-0.93770055908877,0.49959618514627474,1
-0.06249158632167969,-0.2674561204639225,-0.48259856452684435,-0.9411827619363541,1
-3.038539770738977,-1.3703445607107376,1.6167306194180917,1.949697210247411,1
0.48700111192488504,-0.9275965659257347,0.04442172181786056,-1.0167951725309134,1
0.26588766941258957,-0.4068102555131591,-0.07734469813181864,-0.5931585159120814,1
1.4207295590262836,1.5911298864213244,1.314217169855608,1.5540267876841007,1
-0.029404619059179907,-0.18702887680693456,-0.5731623393644183,-0.7174528894921788,0
0.3430905930250891,-0.5389976064741492,-0.1945448773333847,-0.15398506259573738,1
-0.8636942774523141,-1.313010288004766,1.4489212719249402,1.6513907136551773,1
0.05793785903698767,0.050271307448336904,-1.04576825679411,-0.6863792960971544,0
0.26873386014484807,-1.0629691542592787,-0.03472645114943079,-0.8117094561237527,1
0.33544145543214554,0.7709312629886746,-1.0020084496246942,0.7813300985944953,1
-2.3527856911855594,-1.4491791856814484,1.2624664413769946,1.4494123565875188,1
0.20220415177831655,0.08690153723270773,-1.2893010966934682,-0.6439120517906212,0
1.605198295860757,-1.338492186985198,1.4283731885584323,1.2246466976968429,1
-1.2427713056049299,-1.4069747904951084,1.175707867162848,1.1490342871022834,1
0.6109882956988757,-0.0006924905125268015,-1.2466828497110807,-0.8759282158068029,0
0.5533529333706506,-0.5939429511507053,-0.7535288489148803,-0.8458904088582795,0
-0.9563733631714657,-1.305047194573381,1.0261634826621482,1.7073231817662207,1
0.22017073077569518,-0.7571863664940968,-0.6401338703367417,-0.666699353613639,1
-0.550079636141633,1.1244926113421665,0.31915720682932397,-1.0965507289114758,1
1.428200809698461,-1.3576036112205216,1.912775227920749,1.102423897009747,1
1.6822233325524893,1.4581462261171956,1.463000514231622,1.0982807512237438,1
-0.507742548999295,0.08690153723270773,0.35797025318828407,-0.6035163803770895,1
0.28990240371601705,-0.5883687857487359,-1.1679151968061319,-0.7278107539571869,0
-2.0809744762549185,-1.40617848115197,1.0950376139461855,1.9455540644614078,1
-0.23450823870252438,-0.17110268994416472,-1.221949045658802,-1.0872286508929685,1
1.4164602729278963,2.4208842219716358,1.369392578895306,1.1583563651207909,1
-0.705019144128929,0.9063038513222187,-0.365778905387621,0.19093182408903286,1
-0.45046296051260176,-0.06200830993419086,0.5033289170032138,0.2199338445910557,1
-2.318275628556931,-1.3225660001224278,0.9287503467024049,1.1707858024788007,1
-1.0204126546472716,1.8140965025001026,1.107975296065839,1.7425399209472487,1
0.16431423765513167,-0.6488882958272614,-0.36425682513825,-0.9701847824383767,0
0.03925973235654418,-0.07156402205185287,-0.1637227522836221,-0.7754569304962243,1
-0.44014551910816674,1.0552136984891174,-0.3003294546646685,0.25929372955808644,1
0.2667771040164204,0.11158712687000097,0.20119598750307258,0.5348129243273023,1
0.07768330724202796,1.219253423175647,0.7830111628251327,0.5462065752388112,1
-0.004322563231156628,-0.9387448967296735,-1.0998021056467802,-0.9826142197963866,1
0.16413635073436572,-0.33514241463069455,-0.2889138527943859,-0.9453259077223575,0
-1.6803731306896006,-1.3990116970637234,1.6079786579842088,1.1428195684232787,1
1.4113015522256782,2.4742369479619146,1.2160429937711794,1.0174894083966806,1
0.46814509832367557,0.04788237941892133,0.376615736243079,0.42501956099821625,1
0.311604608049484,-0.10262008643425422,-1.1972152416065236,-0.9608627044198694,0
0.3217441625331531,-0.4506072693857762,-0.8109873783286353,-0.6894866554366569,0
-1.2296076734682364,1.8427636388530884,1.0246414024127775,1.7736135143422727,1
0.2376036490107759,-0.10899056117936204,0.07866852742870803,-0.485436725475997,1
-0.09949206584103373,-0.46414452821913077,-0.06402649594982217,-0.947397480615359,1
-0.5139685912261088,-0.4370700105524218,-0.8939407519193542,0.4985603986997739,1
-2.2490776163789077,-1.4619201351716644,1.7331697584949723,1.9383035593359021,1
0.1753432267426316,-0.24277053082662914,-0.8943212719816969,-0.43261161670445564,1
0.26232993099726726,-0.23799267476779812,-1.2622841722671334,-0.8728208564673006,0
0.3445136883912178,-0.16552852454219524,-1.2847348559453553,-0.6439120517906212,0
0.4313225057250875,-0.3638095509836803,-0.5845779412347006,-0.6625562078276358,0
-2.0320555730442336,2.2687891374321834,1.2164235138335218,1.783971378807281,1
-2.9122400569950275,2.46627385453053,0.930652947014119,1.5985656048836356,1
0.48700111192488504,0.9644344333713288,-0.31516973709603563,0.5068466902717804,1
-0.5728491619996968,-0.48644118982700857,-1.3661661492867032,0.4705941646442521,1
0.15541989161682535,-0.5517385559643652,-1.0925722244622682,-0.881107148039307,0
-0.26119127681744336,-0.345494436091495,-0.6351871095262859,-0.3818580808259158,1
0.23582477980311423,-0.47768178705248515,-1.1431813927538534,-0.7537054151197071,0
-0.5161032342753025,1.192975214852077,-0.6096922653493217,0.8527993634030515,1
0.5433912658077474,0.9413414624203126,-0.7421132470445979,0.7160755524649444,1
1.5022017687371692,1.7726884166569012,1.693215151948984,1.2733286606823808,1
0.26357513944263,-0.5286455850133487,0.4709847117040799,0.8476204311705473,1
0.6341135953984713,0.005677984232581304,0.4648963907065961,0.773043807022489,1
0.61490180795573,-0.32080884645420166,-0.07087585707199189,-0.93600382970385,1
-1.9315494628113714,-1.338492186985198,1.351508135965197,1.7083589682127214,1
0.6253971362809321,0.06699380365424536,-0.7638028905981346,-0.2855299413013404,1
1.3844406271899934,-1.3751224167695686,1.5455733677599983,1.883406877671359,1
0.6556379128111733,-0.060415691247913905,-0.8060406175181795,-0.7858147949612324,0
1.5180337046853543,-1.4348456175049555,1.029968683285576,1.0899944596517372,1
0.5499730818760942,-0.3383276520032486,-1.2284178867186288,-1.0219741047634172,0
-0.04096726890897874,-0.2706413578364764,-1.2071087632274349,-0.6004090210375871,0
1.573178650122854,-1.369548251367599,1.6924541118242986,1.6037445371161398,1
0.17356435753496993,-0.1703063806010261,0.6829343864289904,0.6632504436934028,1
0.6236182670732704,-0.10978687052250066,-0.0457615329573707,-0.38910858595142156,1
1.5550341842047093,1.54574025386243,1.9397921523470845,1.7632556498772645,1
0.2258631122402111,-0.025378080149820036,-0.8102263382039496,-0.7019160927946666,0
0.19473290110613897,-0.8352246821216693,-1.1230138294496879,-1.073763427088458,1
-0.4070585518456669,-0.5254603476407949,0.6178654557683804,-0.9422185483828549,1
0.3802689594652091,-0.01661867737529664,-0.36730098563699193,-0.9577553450803671,0
0.29683999362589575,-0.34469812674835654,-0.6454611512095402,-0.7392044048686959,0
0.5099485247037158,0.6092804663315602,0.3256260478891507,0.1536435120150037,1
-1.5700832398146023,2.0888232258828836,1.0870466926369882,1.8419754198113267,1
-0.8706318673621928,1.3793116011464843,1.2362105570753446,1.3634420815279515,1
-0.5298005271742938,0.7804869751063367,-1.1865606798609267,-0.7754569304962243,1
0.08960173093335873,1.064769410606779,-0.48069596421513044,0.7253976304834516,1
0.5757666853871823,-0.7659457692686201,-1.009999370933892,-0.9763995011173816,1
0.4743711405504904,-0.5079415420917479,-0.4780323237787315,-0.8572840597697883,0
0.2646424609672268,1.1006033310480112,0.447011947776487,0.5441350023458096,1
0.6488782098220606,1.277384005224757,0.12204781453578123,0.3079756925436246,1
0.21376680162811437,1.1834195027344145,0.6802707459925909,0.5037393309322779,1
0.6540369305242777,-0.12491674804213188,-0.829252341321087,-0.6294110415396098,0
-2.498297192372251,-1.4093637185245238,1.4314173490571742,1.0226683406291845,1
-0.7991213252142103,2.1891582031183336,1.275023603434305,1.8668342945273457,1
-0.40545756955877227,-0.10023115840483864,0.13841017721651908,-0.6221605364141042,1
-2.313294794775479,-1.3313254028969514,1.0413842851558583,2.0035581054654528,1
-0.05306357952107547,-0.8113354018275144,-0.48297908458918704,-0.8044589509982469,1
0.08871229632952789,-0.4991821393172245,-0.373389306634476,-0.8914650125043151,0
1.402229319266606,1.4239049243622404,1.473274555914876,1.9973433867864485,1
1.4806774513244683,-1.415734193269632,1.537201926388458,1.3458337119374375,1
-0.26439324139123377,-0.5437754625329803,-1.0537591781033078,-0.7050234521341692,1
0.38524979324666114,-0.34310550806207946,-1.3699713499101307,-0.7713137847102209,0
0.11326069139525327,-0.3646058603268189,-1.0861033834024414,-0.997115230047398,0
0.6648880326910116,0.053456544820890815,-0.23868520456514325,-0.9256459652388419,1
1.6824012194732554,-1.4244935960441554,1.0231193221634063,1.8160807586488064,1
0.6506570790297213,-0.05006366978711355,-0.9761330853853875,-0.6501267704696261,0
0.3148065726232744,0.004881674889442684,-0.8029964570194376,-1.0520119117119409,0
0.6444310368029075,-0.6887037629841861,-0.5891441819828135,-0.1032315267171976,1
-2.301376371084149,-1.3042508852302428,1.5630772906277643,1.0682429442752202,1
-3.229056662879499,-1.4021969344362772,1.8039464900907234,1.602708750669639,1
0.04904351299868134,0.9644344333713288,-0.323541178467576,0.6352842096378809,1
0.15808819542831684,-0.16313959651277965,-1.0484318972305093,-1.029224609888923,0
0.6666669018986733,-0.5819983110036279,0.6467849805064293,0.750256505199471,1
-2.0048388741670156,2.215436411441904,1.4683277951044207,1.9890570952144413,1
0.10134226770392252,-0.627387943562522,-0.47765180371638855,-1.0478687659259376,0
-0.6116285107267125,0.7462456733513811,-1.1397567121927685,0.426055347444717,1
1.6217417794920068,1.5314066856859372,1.3408535742196,1.9621266476054204,1
-2.898009103333737,1.8969126741865059,1.5037161609022958,1.781899805914279,1
0.529516085987989,-0.33753134266011,-1.080776102529643,-0.6874150825436552,0
0.41531268285613654,0.10919819884058539,-0.7851120140893282,-0.8800713615928062,0
-0.5253533541551407,-0.5397939158172876,0.7913826041966732,-0.8997513040763215,1
0.6113440695404077,-0.0014887998556651378,-0.06516805613685046,-1.0447614065864352,1
0.5006984048238765,-0.10262008643425422,-0.45405955985113833,-0.7516338422267056,0
-1.2233816312414214,-1.3926412223186155,1.2499092793196833,1.002988398145669,1
0.6319789523492778,-0.04050795766945154,-1.2436386892123388,-0.4999377357270084,1
-0.48266049317127074,1.061584173234225,-0.9148693553482051,0.9646642996251389,1
0.529871859829522,-0.08589759022834575,-1.1294826705095147,-0.6335541873256131,0
-0.37735143607772353,-0.12093520132643934,-0.44302447804319867,-1.062369776176949,1
-0.4513523951164326,0.7494309107239353,-0.5138012096389496,-0.9266817516853426,1
-0.1592620712184525,-0.7595752945235122,-1.2542932509579356,-0.5993732345910863,1
0.6478108882974638,0.11955022030138603,-0.8996485528544953,-0.6169816041816001,0
-0.6054024684998977,0.5423904815079266,-1.0750683015945017,-0.7392044048686959,1
0.4009038422740802,-0.7858535028470826,-1.1386151520057406,-0.9173596736668354,1
0.49874164869544985,-0.4705150029642386,-1.2786465349478715,-0.7733853576032226,0
-2.7941231416063195,2.4981262282560697,1.7331697584949723,1.1221038394932625,1
-0.29000895798155596,-0.5517385559643652,-0.5518532158732243,-0.8189599612492584,1
1.4644897415347504,1.384885766548454,1.2586612407535667,1.9911286681074434,1
-2.719054861043014,2.347623762402894,0.9744127541835346,0.9802010963226513,1
-2.7731324849559162,-1.3607888485930757,0.9142905843333806,1.7891503110397848,1
0.6366040122891979,-0.5405902251604262,-0.9898318076297263,-0.6345899737721139,0
-3.177647342778088,1.7026131944607135,1.1642922652925654,1.7011084630872164,1
0.3909421747111771,-0.4107918022288515,-0.17970459490201757,-0.8873218667183119,1
1.5036248641032979,-1.3583999205636603,1.4786018367876745,1.51466690271707,1
0.00030249670876250086,-0.2125107757873664,-0.8250666206353168,-0.6459836246836228,0
0.48842420729101377,-0.4474220320132223,-1.155738554811164,-0.9152881007738338,0
0.4829097127472638,0.8808219523417868,0.2940428827147028,-0.8117094561237527,1
-0.6968363457736875,1.129270467400997,-0.6576377932045081,0.5203119140762908,1
1.439229798785961,1.6078523826272328,1.4200017471868918,1.4732354448570373,1
1.3879983656053156,-1.319380762749874,1.5360603662014296,1.91033732528038,1
-0.0012984855781321934,-0.5891650950918743,-0.9563460421435644,-0.8914650125043151,0
1.7284739319516826,1.9343392133140151,1.5851474542436437,1.9124088981733818,1
0.15648721314142217,-0.6345547276507685,-0.4658556817837636,-0.8945723718438177,0
-0.3768177753154256,-0.21967755987561285,-1.255054291082621,-0.8013515916587446,1
-0.6402683049700592,-0.5716462895428275,0.5497523646090289,0.1308562101919858,1
1.6820454456317235,-1.4292714521029861,1.6018903369867246,1.1055312563492496,1
0.2290650768140015,-0.2809933792972769,-0.5762064998631602,-0.952576412847863,0
0.6481666621389958,-0.4283106077778984,-0.24477352556262735,-1.0230098912099184,1
0.37831220333678145,-0.1798620927186881,-0.2972852941659266,-0.8676419242347966,0
-2.6562607780125713,-1.4316603801324017,1.3263938118505758,1.085851313865734,1
0.03267791628819741,-0.4091991835425745,-1.2101529237261768,-0.3911801588444232,1
1.5068268286770883,2.3786798267852958,1.0767726509537334,1.5157026891635708,1
0.18210292973174433,-1.00404226286703,-0.6557351928927942,-1.0074730945124062,1
0.45996229996843413,-0.3056789689345703,-0.1431746689171138,-0.4460768405089662,1
-0.7640776018232829,1.9184130264512456,1.5018135605905822,1.7591125040912614,1
-2.664621463288579,1.7121689065783752,1.6235799805402613,1.5136311162705691,1
0.48326548658879676,-0.32638301185617113,-1.1066514667689498,-0.9121807414343315,0
0.6547484782073425,-0.3781431191601733,-1.4065012758950344,-0.7920295136402373,0
0.5859062398708514,-0.5636831961114426,-1.3722544702841875,-0.9318606839178468,0
0.1152174475236809,-0.35664276689543384,-0.8269692209470304,-0.9650058502058728,0
0.5835937099008919,-0.5294418943564871,-0.6979729198128392,-0.9618984908663702,0
-0.577118448098084,1.1053811871068424,0.507514637688984,-0.8603914191092908,1
0.2589500795027109,-0.7006484031312636,-0.6329039891522293,-0.4709357152249857,1
0.5725647208133919,0.04867868876205995,-0.43998031754445677,-0.9038944498623249,0
-0.6541434847898165,-0.4155696582876825,-1.232223087342056,0.3121188383296278,1
0.5711416254472632,0.5415941721647883,0.517408159309895,-1.078942359320962,1
-0.8097945404601773,2.4296436247461592,1.526166844580518,1.3800146646719644,1
-0.8809493087666279,1.7288914027842837,1.6745696688941896,1.459770221052527,1
-0.4221789401107881,0.7223563930572265,0.5729640884119365,-1.0696202813024547,1
0.4786404266488776,-0.04448950438514407,-1.0708825809087315,-1.0779065728744612,0
1.4200180113432186,2.398587560363758,1.6388007830339715,1.9258741219778919,1
-0.48212683240897286,-0.2515299336011525,-1.2988140982520369,-0.03383383480164323,1
0.09138060014101938,-0.09465699300286916,-0.7006365602492384,-0.46368521009947994,1
0.017735414943843227,-0.8352246821216693,0.08742048886259082,-0.9246101787923411,1
-0.32985562823316844,-0.2539188616305681,-1.140898272379797,-0.34767712809138906,1
-0.4008325096188521,0.0797347531444613,0.5790524094094203,0.1940391834285354,1
-0.17438245948357367,-0.13606507884607086,-0.3848049085047583,-0.7402401913151967,1
0.2918591598444447,-0.7508158917489888,-0.3345762602755157,-0.14880613036323326,1
0.2735368070055332,0.77332019101809,0.6209096162671227,0.6145684807078647,1
0.23689210132771105,-0.261881955061953,-0.8102263382039496,-0.732989686189691,0
1.684535862522449,1.7241135467254531,1.079436291390133,1.1811436669438085,1
0.3704851788230719,-0.07634187811068374,-1.1740035178036161,-0.6242321093071058,0
0.5311170682748847,1.1730674812736146,0.47555095245219303,-1.0747992135349587,1
0.2749599023716619,-0.5262566569839333,-1.0602280191631346,-0.759920133798712,0
0.3418453845797263,-0.3439018174052179,-1.297292018002666,-0.9101091685413296,0
1.5358223967619669,1.5417587071467374,1.4614784339822509,1.2671139420033761,1
0.4217166120037163,-0.5087378514348864,-0.3946984301256697,-0.9059660227553266,0
1.642020888459345,-1.4037895531225546,1.309650929107495,1.700072676640715,1
0.2977294282297266,-0.5883687857487359,-0.10169798212175449,-1.0841212915534661,1
1.7048149714897871,1.9335429039708767,1.9820298792671294,1.5685277979351122,1
-1.560833119934764,-1.4428087109363408,1.8225919731455182,1.5094879704845658,1
0.6061853488381896,0.11079081752686262,0.7951878048201009,0.8704077329935651,1
-0.5568393391307458,-0.08271235285579184,0.5763887689730213,-0.9049302363088257,1
-0.7053749179704609,0.03354881124242845,0.8077449668774115,0.5555286532573185,1
0.5439249265700453,0.02558571781104367,-1.2923452571922105,-0.3518202738773923,1
1.4684032537916056,-1.40617848115197,1.8435205765743694,1.768434582109769,1
0.4176252128260961,-0.6019060445820902,-0.8927991917323259,-1.0675487084094533,0
-0.5856570202948583,0.6156509410766683,0.12851665559560746,-0.5890153701260782,1
0.14741498018234986,-0.329568249228725,-0.7786431730295017,-0.21302489004628367,1
-1.5649245191123853,-1.3974190783774465,1.463000514231622,1.9175878304058855,1
0.08871229632952789,-0.9658194143963823,-0.7763600526554452,-0.8396756901792745,1
0.4786404266488776,-0.94591168081792,-0.6975923997504965,-0.3984306639699288,1
0.10347691075311612,-0.03732272029689763,-0.7775016128424734,-0.8034231645517461,0
0.2290650768140015,-0.14562079096373287,-0.3178333775324349,-0.963970063759372,0
1.4258882797285015,-1.4603275164853875,1.7632308434200497,1.1044954699027487,1
0.6392723161006895,-0.1344724601597939,-0.8771978691762731,-0.06905057398267081,1
0.16378057689283276,-0.5310345130427643,-1.2573374114566775,-0.799280018765743,0
-3.060775635834743,-1.3663630139950451,1.2396352376364292,1.6068518964556424,1
1.392267651703703,1.5879446490487703,1.6368981827222573,1.735289415821743,1
0.05722631135392381,-0.5079415420917479,-0.23678260425342965,-0.6159458177350993,1
0.2429402566337599,-0.2626782644050915,-0.2927190534178134,-0.8117094561237527,0
-0.6544992586313494,0.9142669447536038,-0.5640298578681923,0.1774666002845224,1
0.5161745669305295,-0.029359626865512568,-0.24705664593668392,-0.7008803063481658,1
0.4323898272496843,-0.32638301185617113,-1.409925956456119,-0.678093004525148,0
0.5798580845648036,-0.6393325837095996,-0.7211846436157466,-0.6480551975766244,0
0.3925431569980718,0.10362403343861619,-0.9453109603356248,-1.0851570779999669,0
-2.788252873221037,-1.4611238258285262,1.3648263381471935,1.828510196006816,1
0.6437194891198426,-0.5389976064741492,-0.49591676670884055,-0.969148995991876,0
0.1390542949063414,-0.261881955061953,-1.2383114083395403,-0.6967371605621626,0
1.6398862454101513,-1.3408811150146134,0.8964061414032716,1.8160807586488064,1
0.3944999131264994,-0.4418478666112528,-1.3269725828654002,-0.6894866554366569,0
-0.009125510091841722,1.2272165166070321,0.32676760807617905,0.9253044146581082,1
-2.1670717459057234,1.373737435744515,1.9470220335315964,0.9895231743411586,1
0.3605235112601688,0.645910696115931,0.4782145928885926,-0.7868505814077331,1
0.15435257009222855,0.029567264526735918,-0.6332845092145722,-0.5983374481445856,0
0.16733831530815613,-0.27780814192472286,-1.2261347663445723,-1.0509761252654402,0
0.0646975620261004,-0.007859274600773243,-1.2478244098981088,-0.8282820392677657,0
0.14278992024242973,-1.0494318954259243,-0.5377739735665426,-0.6739498587391447,1
-3.0216405132661954,1.6946501010293284,1.3206860109154348,1.5851003810791253,1
-0.008591849329543828,-0.9188371631512111,-1.4015545150845787,-0.3953233046304265,1
1.508783584805516,-1.4539570417402796,1.2689352824368207,1.2764360200218834,1
0.29844097591279045,0.5296495320177107,-1.1359515115693413,0.44780686282123416,1
0.507991768575288,-0.24197422148349065,-1.336485584423969,-0.8562482733232875,0
-0.5568393391307458,-0.3048826595914318,0.7487643572142858,0.5006319715927755,1
-0.4358762330097795,0.7820795937926136,-1.1835165193621848,-0.8935365853973168,1
-0.9115458591384021,-1.4603275164853875,1.2472456388832844,1.3137243320959124,1
1.4901054581250726,-1.4181231212990475,0.9386438683233165,1.768434582109769,1
-1.087831797617633,1.3944414786661161,1.8271582138936309,1.5012016789125593,1
-0.8665404681845715,-1.3862707475735074,1.969853237272161,1.4318039869970052,1
0.08586610559726943,-0.5429791531898416,-0.5906662622321844,-0.8489977681977818,0
1.556279392650072,2.4742369479619146,1.881572582808644,1.0879228867587356,1
0.1748095659803327,-0.7635568412392048,-0.573542859426761,-1.0561550574979441,1
1.641487227697046,2.4025691070794504,1.721373636562347,1.232932989268849,1
-0.6187439875573572,0.08929046526212302,0.17684270351313675,0.7927237495060042,1
-1.5494483570057322,2.2377330730497818,1.160487064669138,1.8896215963503633,1
0.2566375495327513,-0.11536103592446986,-0.11958242505186356,-0.6967371605621626,1
-2.5977359810805156,2.2998452018145845,1.3206860109154348,1.3572273628489468,1
-2.9641830378587364,-1.327343856181259,1.3964095033216413,1.0237041270756853,1
-0.24002273324627432,-0.7635568412392048,-1.1945516011701243,-1.0779065728744612,1
0.6638207111664148,-0.5397939158172876,-0.5099960090155221,-0.799280018765743,0
1.4166381598486624,2.424865768687328,1.9999143221972384,1.0651355849357178,1
0.41388958749000676,-0.34708705477777196,-1.3981298345234938,-0.8686777106812972,0
-0.252474817699903,0.02478940846790505,-0.057177134827653006,-0.93600382970385,1
-0.1976856461039363,-0.5063489234054709,-0.5682155785539624,-0.485436725475997,1
0.5206217399496827,-0.32638301185617113,-0.4239984749260613,-1.0033299487264027,0
-0.48515091006199623,1.0345096555675164,-0.832296501819829,0.44366371703523083,1
0.5823485014555291,-0.4155696582876825,-0.8821446299867289,-1.0561550574979441,0
0.5818148406932302,-0.36301324164054183,-0.31212557659729345,-0.375643362146911,1
0.6389165422591575,-0.25551148031684506,-0.10930838336860954,-0.6542699162556294,1
1.4315806611930175,-1.3568073018773834,1.6133059388570075,1.1107101885817534,1
1.6112464511668048,-1.3042508852302428,2.0025779626336373,1.5705993708281138,1
0.25930585334424283,0.03991928598753655,-1.375679150845272,-0.9494690535083605,0
0.5602905232805293,-0.15438019373825626,-1.1317657908835712,-1.0613339897304481,0
1.5596592441446284,1.9184130264512456,1.5988461764879827,1.162499510906794,1
0.28154171844000864,0.06141963825227588,-0.30984245622323714,-0.6739498587391447,0
0.01133148579626243,-0.40442132748374365,-0.6070286249129225,-0.9722563553313786,0
0.17249703601037314,-0.29214171010121587,-1.2615231321424478,-0.6066237397165919,0
0.15435257009222855,-0.49997844866036295,-1.3574141878528203,-0.3746075757004102,1
-1.1582750182410197,-1.3353069496126437,1.3157392501049787,1.641032849190169,1
-0.43480891148518275,0.7470419826945198,0.6425992598206591,-0.7972084458727412,1
0.2498778465436386,-0.5190898728956869,-0.7919613752114979,-0.8023873781052454,0
-0.5052521321085685,0.9437303904497278,0.15058681921148726,-1.0613339897304481,1
0.5485499865099644,0.07575320642876876,-0.315930777220721,-1.0054015216194043,0
0.5053234647637966,-0.5947392604938437,-0.5803922205489304,-1.029224609888923,0
1.6672808312081353,-1.3042508852302428,1.115585697312694,1.6679632967991904,1
-2.569807734520234,2.0697118016475593,1.6045539774231241,1.4835933093220457,1
-0.5920609494424381,1.001860972498838,-0.9951590885025248,-0.8728208564673006,1
-0.3816207221761107,-0.3176236090816476,-0.4346530366716583,-1.0468329794794369,1
-0.8457276984549355,-1.4340493081618173,1.1821767082226748,1.646211781422673,1
0.10152015462468848,-0.6560550799155078,0.13041925590732162,0.020027060416398918,1
-0.55523835684385,-0.25312255228742964,0.8359034514907746,0.20025390210754015,1
0.3156960072271052,-0.0245817708066817,0.5261601207437784,0.29761782807861653,1
1.4175275944524932,-1.3631777766224913,0.9078217432735538,1.6534622865481787,1
0.6568831212565361,0.026382027154182006,-0.9007901130415236,-0.6501267704696261,0
-0.3837553652253043,-0.7683346972980356,-0.7280340047379161,-0.8956081582903185,1
-0.03616432204829264,0.8529511253319394,0.12927769572029332,0.37012287933367327,1
-0.6564560147597761,0.7470419826945198,0.3724300155573088,-1.0426898336934336,1
-1.2664302660668245,2.514848724461978,1.9561545150278223,1.9724845120704286,1
0.0077737473809401,-0.9546710835924435,-1.3772012310946429,-1.0002225893869003,1
0.03676931546581865,-0.3582353855817109,-0.8547471854980512,-0.6988087334551643,0
0.10383268459464805,-0.2300295813364132,-1.2090113635391486,-0.6501267704696261,0
0.17712209595029227,-0.6719812667782779,-1.1956931613571526,-0.5931585159120814,1
0.5474826649853677,0.6323734372825764,0.8560710147949403,-1.0043657351729036,1
0.48700111192488504,-0.13287984147351695,-0.6370897098379998,-1.0893002237859701,0
1.498644030321847,2.1915471311477495,1.8111763712752356,1.4877364551080487,1
0.5585116540728676,-0.7524085104352658,-0.4719440027812474,-0.8241388934817624,1
-0.7470004574297351,-0.3829209752190042,0.8655840163535089,-0.05972849596416352,1
-2.669246523228499,1.8109112651275487,1.0870466926369882,1.717681046231229,1
-1.60921836238315,-1.4459939483088946,1.8564582586940228,1.783971378807281,1
-0.2674173190442572,-0.16712114322847219,-0.1504045501016259,-0.6822361503111513,1
0.5974688897206493,-0.2762155232384459,-0.1739967939668764,-1.045797193032936,1
0.49376081491399776,0.10840188949744706,0.14564005840103117,0.7657933018969834,1
-0.6285277681994943,0.6873187819591327,-0.43046731598588805,-0.7278107539571869,1
-0.5897484194724786,1.0894550002440724,-0.5971351032920111,-0.9701847824383767,1
-0.6607253008581633,-0.18145471140496508,0.5242575204320647,0.6653220165864047,1
0.1290926273434383,-0.4506072693857762,-0.5484285353121395,-0.8831787209323085,0
-0.9702485429912241,-1.3631777766224913,0.9527231106299983,1.0247399135221862,1
1.7226036635663997,1.90009791155906,1.2434404382598572,1.3313327016864265,1
-0.48283838009203667,-0.34230919871894094,0.2727337592235089,-0.026583329676137524,1
1.6486027045276916,-1.4213083586716013,0.9390243883856594,0.9957378930201634,1
0.13407346112489038,-0.6369436556801841,-1.0940943047116392,-0.6521983433626277,0
-0.03794319125595431,-0.7906313589059135,-0.9985837690636096,-0.31142460246386067,1
-0.4154192371216754,0.8784330243123712,-0.44568811847959794,0.16814452226601512,1
0.4781067658865787,-0.16791745257161053,0.052032123064715614,-0.9577553450803671,1
-0.3698801854055469,-0.25312255228742964,-0.8722511083658175,-0.4150032471139418,1
0.12749164505654362,-0.5796093829742124,-1.213197084224919,-0.7174528894921788,0
-1.7858600747039137,2.420087912628497,1.058127167898939,1.0941376054377403,1
-0.5678683282182457,1.05919524520481,-0.7961470958972681,0.6031748297963558,1
-1.428663137805532,1.4430163485975642,1.1361337806792022,1.5902793133116293,1
-2.188773950239191,1.7177430719803446,1.729364557871545,1.5063806111450633,1
0.09138060014101938,-0.6090728286703366,-0.4251400351130896,-0.8376041172862729,0
0.25023362038517055,-0.5254603476407949,0.32144032720338056,0.4509142221607365,1
-0.32131705603639404,-0.4068102555131591,-0.23488000394171601,-0.8956081582903185,1
-0.03829896509748624,-0.05484152584594442,0.6319446980750622,0.32558406213413843,1
0.45800554384000647,-0.2579004083462605,-1.214338644411947,-0.8935365853973168,0
-0.73116852148155,-0.25471517097370655,0.2890961219042467,0.4850951748952633,1
0.35963407665633895,-0.22604803462072082,-0.025593969653205054,-0.8220673205887608,1
0.27140216395633954,-0.10580532380680813,-0.7873951344633848,-0.13223354721922026,1
-0.023890124515429944,-0.12491674804213188,0.8526463342338554,0.13499935597798912,1
1.530485789138984,1.4979616932741202,1.5075213615257237,1.5705993708281138,1
-1.9794010444974595,2.2847153242949534,1.4188601869998636,1.6161739744741497,1
0.6559936866527053,-0.6974631657587097,-1.2607620920177622,-0.7578485609057105,1
0.4162021174599663,-0.5899614044350128,-0.3996451909361255,-0.6376973331116164,0
0.012932468083158134,0.5782244019491588,0.5078951577513263,0.20646862078654507,1
1.6014626705246675,1.5130915707937516,1.1083558161281815,1.4121240445134895,1
0.14314569408396266,-0.8845958613962559,-0.3653983853252783,-0.7350612590826926,1
-0.603801486213003,-0.2825859979835539,0.593131651716102,0.5182403411832893,1
0.5394777535508922,-0.859113962415824,-1.2603815719554194,-0.89767973118332,1
-0.710177864831147,0.8617105281064631,-0.35131914301859646,0.6042106162428569,1
0.6647101457702457,-0.331160867915002,-1.4000324348352078,-0.6076595261630928,0
-2.040060484478709,1.998043960765095,0.8876541799693882,1.8222954773278108,1
0.35447535595412094,-0.08987913694403829,0.3709079353079376,0.821725770008027,1
-0.5938398186500998,1.1619191504696755,-0.9845045267569278,0.6135326942613641,1
-0.32416324676865255,-0.8575213437295471,-0.6530715524563949,-0.8054947374447478,1
0.1242896804827532,-0.04130426701258987,-0.6778053565086738,-0.7195244623851804,0
0.545348021936175,-0.36938371638564976,-1.2326036074043991,-0.15812820838174055,1
1.4312248873514846,-1.3153992160341814,1.7940529684698123,1.5674920114886113,1
0.5572664456275048,-0.5979244978663978,-1.2603815719554194,-0.93600382970385,0
-0.7487793266373957,-0.25710409900312203,-1.3197427016808883,0.6124969078148632,1
0.4626306037799256,-0.49997844866036295,-0.5845779412347006,-0.19955966624177304,1
0.31018151268335525,-0.23321481870896726,-1.199878882042923,-0.914252314327333,0
-0.3118890492357888,-0.05245259781652885,-0.6675313148254195,-0.2503132021203128,1
0.39681244309645897,0.07734582511504572,-0.005426406349039408,-0.5268681833360295,1
0.29328225521057344,-0.46255190953285363,-1.2717971738257021,-0.963970063759372,0
-0.6005995216392126,0.6841335445865787,-1.3193621816185455,0.48302360200226174,1
0.19829063952146128,-0.13128722278723998,-0.31440869697135004,-0.6470194111301236,0
0.6056516880758918,0.11955022030138603,0.6342278184491187,-0.001724454960118026,1
-3.1175215635591376,-1.4555496604265565,1.4709914355408196,0.9822726692156529,1
1.5308415629805159,-1.305047194573381,1.153637703546969,1.0558135069172105,1
-1.4211918871333544,-1.4579385884559721,1.001049158547527,1.1656068702462965,1
0.6181037725295204,-0.4227364423759289,-1.2208074854717739,-0.683271936757652,0
1.6196071364428133,2.168454160196733,0.9085827833982392,1.1749289482648038,1
0.13211670499646272,0.5360200067628188,0.5550796454818273,0.46023630017924383,1
-0.6062919031037285,-0.20375137301284288,0.5341510420529764,0.5617433719363235,1
-2.4611188259321306,-1.3830855102009536,1.4835485975981302,1.7301104835892385,1
0.06274080589767277,-0.29851218484632386,-1.315556980995118,-0.9235743923458403,0
0.27727243234162147,-0.2300295813364132,-0.5507116556861961,-0.9567195586338663,0
0.24365180431682376,-0.45458881610146873,-0.7904392949621267,-0.6625562078276358,0
1.5742459716474506,1.4836281250976273,0.9820231554303896,1.8254028366673134,1
0.4282984280720631,-0.12173151066957796,-0.3867075088164719,-0.6459836246836228,0
0.1833481381771071,0.9875274043223452,0.7362071951569746,-0.985721579135889,1
0.4640536991460543,-0.17269530863044166,-0.17666043440327564,-0.28967308708734363,1
-0.8387901085450558,-1.4037895531225546,1.7179489560012629,1.2577918639848689,1
-0.41773176709163495,-0.5684610521702734,0.19396610631855993,0.48820253423476584,1
-0.4147076894386105,-0.5286455850133487,0.2647428379143114,0.41984062876571226,1
1.5977270451885792,1.4517757513720877,1.8465647370731113,1.4856648822150473,1
-0.23557556022712117,-0.9060962136609952,-0.38138022794367343,-1.0375109014609296,1
-1.3148155085152113,1.6930574823430518,1.5314941254533165,1.8140091857558045,1
-0.49955975064405256,-0.22923327199327473,-0.9247628769691165,0.046957508025419994,1
-0.7251203661755011,1.0798992881264105,-1.2215685255964595,-0.6957013741156618,1
-0.513434930463811,-0.27143766717961487,-1.3254505026160293,0.4819878155557609,1
0.3228114840577499,0.12034652964452436,-0.8600744663708496,-0.666699353613639,0
-0.24269103705776582,-0.7635568412392048,-1.3543700273540782,-0.6221605364141042,1
-0.4390781975835699,0.7247453210866418,-1.0963774250856957,0.9076960450675946,1
-2.2727365768408023,2.0784712044220828,1.7970971289685542,1.7787924465747773,1
0.3295711870468626,-0.5589053400526116,-0.5001024873946107,-0.7309181132966894,0
0.003148687441020971,-0.9403375154159507,-1.3931830737130384,-0.7029518792411674,1
0.6483445490597617,-0.33434610528755604,-0.8471367842511961,-1.062369776176949,0
-0.5616422859914308,0.8481732692731085,0.7624630794586247,-0.9981510164938988,1
0.4740153667089575,-0.11456472658133153,-0.3756724270085323,-0.9225386058993396,0
-0.4378329891382072,-0.6361473463370455,0.6631473431871677,0.7088250473394386,1
0.5965794551168194,-0.9164482351217957,-0.66068195370325,-0.969148995991876,1
-0.5433199331525204,-0.15358388439511764,0.7293578340348055,0.5793517415268372,1
0.04726464379102068,0.06460487562482979,0.5314874016165768,0.43227006612372193,1
0.17356435753496993,-0.0245817708066817,-0.2432514453132564,-0.16848607284674863,1
-1.7255564085641972,1.5091100240780593,0.8811853389095614,1.34894107127694,1
0.36923997037770917,-0.06678616599302173,-0.5389155337535708,-0.6387331195581172,0
0.5521077249252878,-0.2125107757873664,-1.2877790164440972,-1.029224609888923,0
-1.741744118353915,-1.305047194573381,1.6407033833456852,1.5322752723075836,1
0.4825539389057319,0.10442034278175452,-0.791580855149155,-0.7723495711567219,0
-0.23610922098941906,0.09247570263467722,-0.19150071683464281,-0.6646277807206374,1
0.40855297986702377,-1.0143942843278306,-1.3870947527155546,-0.26481421237132424,1
-2.681164946919829,-1.3830855102009536,1.0082790397320391,1.4473407836945171,1
0.03499044625815799,0.1187539109582474,-1.186180159798584,-0.8521051275372844,0
1.7233152112494647,-1.4077710998382469,0.9926777171759866,1.9528045695869136,1
-0.7133798294049374,1.2726061491659264,-1.057944898789078,0.44159214414222925,1
-1.018100124677312,1.8459488762256422,1.3652068582095358,1.7104305411057232,1
0.5558433502613761,-0.2133070851305049,-0.1979695578944693,-0.826210466374764,1
1.6884493747793043,-1.3289364748675359,1.824875093519575,1.8202239044348096,1
1.7119304483204327,2.486977897452131,1.4005952240074115,1.3541200035094443,1
0.33419624698678274,0.04867868876205995,-0.492111566085413,-0.5921227294655806,0
-1.0168549162319493,-1.3225660001224278,1.5489980483210832,1.3551557899559452,1
-0.030827714425309648,-0.09943484906170003,0.045182761942545904,-0.21923960872528842,1
0.3566099990033145,-0.5987208072095364,-1.4137311570795468,-0.8541767004302859,0
-0.6754899152817525,-0.3582353855817109,0.32448448770212246,0.18057395962402478,1
-0.49297793457570577,0.9453230091360049,0.27996364040802096,-0.6325184008791123,1
-0.18505567472954065,-0.5668684334839965,-1.3303972634264851,-0.0628358553036659,1
1.5715776678359592,-1.375918726112707,1.4416913907404283,1.2608992233243714,1
1.46128777696096,-1.3751224167695686,0.9177152648944654,1.305438040523906,1
-0.7541159342603797,1.2152718764599548,0.30393640433561386,-0.7133097437061755,1
0.6108104087781088,0.04788237941892133,-0.4521569595394244,-1.0665129219629523,0
0.6406954114668182,-0.4657371469054077,-0.2816839716098738,-0.7847790085147316,0
-0.4753671294198601,-0.07634187811068374,0.58590177053159,0.3846238895846847,1
0.10756830993073735,-0.6584440079449234,-0.6077896650376081,-0.8852502938253102,0
1.412368873750275,1.9064683863041683,1.1901676295318724,1.5177742620565722,1
-0.2960571132876038,0.11556867358569349,-0.6915040787530127,-0.7909937271937364,1
0.18139138204867947,-0.027767008179235612,-1.1428008726915109,-0.6345899737721139,0
1.5376012659696285,-1.4611238258285262,1.646791704343169,1.4980943195730572,1
1.6941417562438201,-1.306639813259658,1.5105655220244656,1.916552043959385,1
0.0711014911736812,-0.5469606999055341,-0.6370897098379998,-0.9194312465598371,0
0.3599898504978709,0.038326667301259595,-0.47841284384107413,-0.27931522262233555,1
-3.1397574286549035,2.0474151400396816,0.9896335566772447,1.8119376128628024,1
0.24009406590150145,-0.19817720761087337,-1.0377773354849125,-0.799280018765743,0
-2.6237074715123705,1.3761263637739305,1.3644458180848504,1.3251179830074213,1
0.1972233179968645,-0.7731125533568666,-0.4780323237787315,-0.29485201931984767,1
-1.395576170543032,2.0275074064612193,1.907067426985608,1.2640065826638736,1
0.36995151806077403,-0.1790657833755495,-0.9982032490012667,-0.732989686189691,0
0.27424835468859804,-0.7133893526214795,-1.213197084224919,-0.5724427869820652,1
0.3137392510986776,0.016030005693381654,0.3769962563054214,0.11946255928047692,1
-0.3081534238997005,-0.3884951406209737,-1.261142612080105,-0.6532341298091284,1
-0.2081809744291373,0.0829199905170152,0.06078408449859841,-0.7588843473522113,1
-0.34995685027974066,0.07097535036993789,-0.7653249708475055,-0.9795068604568841,1
-0.619989196002721,0.7430604359788272,-1.356272627665792,0.06663745050893555,1
-0.09024194596119547,-0.08191604351265323,-0.5526142559979097,-0.6428762653441203,1
-0.26314803294587097,-0.944319062131643,-0.40611403199595225,-0.683271936757652,1
-0.40777009952873183,0.11556867358569349,-1.3851921524038406,0.2365064277350685,1
0.5553096894990782,0.038326667301259595,-0.8357211823809138,-0.7671706389242178,0
0.3957451215718622,-0.47529285902306956,-1.39204151352601,-0.3093530295708591,1
-0.6665955692434462,-0.09067544628717662,-1.1294826705095147,0.12774885085248341,1
0.5786128761194398,-0.9092814510335493,-0.9201966362210036,-0.6138742448420976,1
-0.003433128627325793,-0.05723045387535999,-1.2033035626040074,-0.8852502938253102,0
1.7087284837466423,1.7081873598626829,1.1494519828611987,1.0019526116991684,1
-0.5991764262730839,1.2128829484305392,0.6913058278005307,-1.0613339897304481,1
-0.38535634751220005,-0.004674037228219331,-0.36730098563699193,-0.1115178182892041,1
1.4326479827176144,-1.3743261074264301,1.9135362680454349,0.9926305336806611,1
-2.2593950577833426,-1.3058435039165197,1.9249518699157173,1.2277540570363452,1
0.5869735613954482,0.04310452336009046,-0.2660826490538213,-0.8189599612492584,1
0.2511230549890014,-0.33275348660127907,-0.3166918173454066,-0.7091665979201723,0
0.4110433967577493,-0.5238677289545178,0.455002869085685,0.4737015239837544,1
0.4628084907006916,0.9970831164400071,0.38879237823804663,-0.8168883883562567,1
0.2854552306968639,0.8282655356946462,0.32981176857492095,-0.9846857926893882,1
-0.0020100332611970636,-0.5087378514348864,-1.0590864589761062,-0.997115230047398,0
-0.026914202168454377,-0.567664742827135,-1.3916609934636675,-0.7961726594262405,0
-0.7087547694650173,-0.6608329359743389,0.8343813712414039,-0.7143455301526764,1
-0.4801700762805452,-0.14323186293431728,0.2350622730515771,0.1691803087125159,1
0.657238895098068,-0.09704592103228472,-0.9357979587770561,-0.776492716942725,0
-0.028515184455350083,-0.6775554321802473,-0.305276215475124,-0.353891846770394,1
-0.7123125078803406,0.5917616607825134,-0.8901355512959266,-0.8593556326627899,1
0.3553647905579518,-0.4012360901111896,-0.6264351480924029,-0.18816601533026417,1
1.4678695930293066,2.1676578508535944,0.9314139871388043,1.547812069005096,1
0.28314270072690434,-0.14800971899314816,-0.13898894823134358,-0.48647251192249785,1
1.7122862221619648,-1.3990116970637234,1.6395618231586568,1.6658917239061883,1
-0.28734065417006344,-0.9052999043178568,-1.1622073958709909,-1.0872286508929685,1
-0.33305759280695885,-0.18384363943438065,-0.8395263830043413,-0.7340254726361918,1
0.5912428474938355,-0.717370899337172,-0.6629650740773065,-0.6874150825436552,1
-0.40919319489486056,-0.329568249228725,0.14107381765291857,0.5234192734157934,1
0.30804686963416167,-0.5214788009251022,-1.3764401909699575,-0.8365683308397721,0
-0.6591243185712685,1.093436546959765,-1.0571838586643927,0.7637217290039817,1
0.5889303175238759,-0.6910926910136017,-0.758475609725336,-0.08562315712668381,1
1.461643550802493,1.4844244344407658,1.0691622497068785,1.0775650222937274,1
0.27994073615311393,-0.488830117856424,-0.6994950000622101,-0.7713137847102209,0
-0.2590566337682498,-0.2356037467383827,-1.1112177075170626,-0.7008803063481658,1
-1.4830965355599668,-1.3536220645048291,0.8906983404681301,1.6876432392827057,1
-0.17189204259284813,-0.9889123853473988,-1.2071087632274349,-0.8117094561237527,1
-0.8891321071218703,2.0378594279220197,1.5299720452039458,1.1065670427957501,1
1.6701270219403928,-1.3106213599753505,1.1281428593700047,1.998379173232949,1
0.5688290954773036,-0.8312431354059767,-0.06250441570045148,-0.6252678957536066,1
-0.3045956854843782,-0.8814106240237018,-1.1374735918187122,-1.0271530369959214,1
0.28616677837992777,-0.33275348660127907,0.26892855860008164,0.4188048423192115,1
0.3562542251617816,-0.335938723973833,-0.9502577211460806,-0.5983374481445856,0
-0.7019950664759045,-0.28019706995413846,0.42189762366186584,-0.8023873781052454,1
0.09031327861642259,0.08451260920329215,-1.2424971290253104,-0.15398506259573738,1
0.21768031388496964,-0.6011097352389517,-0.009612127034809606,-0.13016197432621868,1
0.2546807934043237,0.022400480438489478,-0.602081864102467,-0.9608627044198694,0
0.14652554557851902,-0.7850571935039441,-0.11653826455312165,-0.8396756901792745,1
0.36283604123012836,-0.8049649270824064,-1.3292557032394567,-0.3248898262683712,1
-0.04132304275051067,-0.4657371469054077,-0.323541178467576,-0.7982442323192421,0
0.40179327687791005,-0.8455767035824696,-0.7150963226182628,-0.9297891110248452,1
0.3530522605879922,0.8967481392045568,0.6757045052444782,0.7305765627159557,1
-0.019620838417043755,-0.11456472658133153,-0.9666200838268187,-0.6035163803770895,0
-2.402594029000075,1.5529070379506762,1.89907650567641,1.3437621390444359,1
0.34896086141037097,-0.9857271479748447,-1.142039832566825,-0.06490742819666746,1
-0.6011331824015115,1.3140142350091277,-1.3794843514686994,0.6342484231913803,1
0.5261362344934327,-0.482459643111316,0.06991656599482468,-0.5869437972330765,1
0.5017657263484733,-0.03095224555178952,-0.29043593304375687,-0.7029518792411674,0
-1.6325215490035125,-1.3647703953087682,1.2468651188209414,1.3696568002069562,1
0.3503839567764997,-0.05245259781652885,-0.7413522069199123,-1.034403542121427,0
-0.47928064167671436,-0.0930643743165922,0.2917597623406462,-0.8489977681977818,1
-0.3174035437795388,-0.21569601315992032,0.0965529703588171,-0.699844519901665,1
0.3110709472871861,-0.5899614044350128,-0.6595403935162217,-0.7588843473522113,0
1.4353162865291058,-1.4006043157500003,0.9603335118768528,1.415231403852992,1
0.57772344151561,-0.583590929689905,-0.8585523861214787,-0.7889221543007348,0
0.08782286172569706,0.04390083270322909,-1.1070319868312923,-1.0178309589774142,0
0.4437745901787162,-0.715778280650895,-1.3802453915933848,-0.6718782858461432,1
0.5647376962996824,-0.3701800257287883,-0.17057211340579154,-0.6335541873256131,1
0.3208547279293233,-0.38530990324841974,-1.3277336229900858,-0.6490909840231253,0
-0.4220010531900221,0.12512438570335552,-1.0872449435894695,0.046957508025419994,1
0.005105443569448606,1.0958254749891807,-0.4749881632799893,0.8766224516725701,1
-0.5157474604337705,-0.24038160279721368,0.5554601655441698,0.5700296635083298,1
1.5292405806936211,1.9701731337552477,0.8926009407798443,1.686607452836205,1
1.636328506994829,2.100767866029961,0.9485373899442281,1.213253046785334,1
0.39645666925492706,-0.5326271317290413,-0.9902123276920689,-0.34767712809138906,1
-0.47785754631058563,-0.30169742221887774,0.8073644468150686,0.9325549197836139,1
-0.5267764495212705,0.8195061329201229,-0.4928726062100984,-1.0841212915534661,1
0.40357214608557174,-0.48962642719956245,-0.34903602264454014,-0.9204670330063379,0
-0.6329749412186475,0.021604171095351142,0.847319053361057,0.4374489983562261,1
0.36995151806077403,-0.5979244978663978,-0.6644871543266776,-0.7392044048686959,0
0.23048817218013024,-0.11217579855191595,-0.9156303954728907,-0.09805259448469347,1
0.2247957907156143,0.7581903134984588,0.4869665543224754,0.6850019590699199,1
0.3349077946698466,0.8983407578908337,-0.9609122828916776,0.750256505199471,1
0.059538841323883374,1.0536210798028403,0.6604837027507682,0.6104253349218616,1
0.4957175710424254,-0.657647698601785,-0.6941677191894119,-0.7122739572596748,0
-0.6030899385299381,-0.2348074373952442,0.7959488449447862,0.04177857579291605,1
-0.4801700762805452,1.3179957817248207,0.21869991037083872,-0.8966439447368192,1
1.711218900637368,-1.3862707475735074,0.9485373899442281,1.7270031242497368,1
1.4417202156766866,-1.4085674091813853,1.8971739053646965,1.1231396259397632,1
0.32370091866158074,0.04151190467381351,-0.1998721582061832,-0.6314826144326114,1
-0.26225859834204013,-0.424329061062206,-0.3406645812729995,-0.5724427869820652,1
-0.5372717778464715,0.11955022030138603,0.5341510420529764,-0.8458904088582795,1
1.6752857426426107,2.052192996098513,1.5539448091315387,1.6907505986222082,1
0.6250413624393991,-0.24675207754232165,-1.3539895072917354,-0.6128384583955968,0
1.5157211747153947,1.7655216325686545,1.1540182236093113,2.007701251251456,1
0.34415791454968586,-0.20454768235598134,-0.0415758122716005,-0.134305120112222,1
-3.0529486113210336,2.030692643833773,1.7693191644175335,1.5447047096655935,1
0.455337240028515,-0.8471693222687466,0.07258020643122366,-0.7682064253707186,1
-0.5105887397315525,1.2367722287246938,0.6905447876758455,-1.040618260800432,1
-0.38517846059143307,-0.08191604351265323,-1.3322998637381989,-0.23166904608329825,1
0.3704851788230719,-0.3677910976993728,-1.369590829847788,-0.8769640022533038,0
-0.03652009588982558,-0.24117791214035217,-0.8498004246875953,-0.6211247499676034,0
-0.1076748641962762,-0.7914276682490521,-0.5670740183669342,-0.9453259077223575,1
1.7124641090827308,2.3030304391871383,1.6490748247172256,1.5022374653590602,1
0.15132849243920413,0.11556867358569349,0.09388932992241758,-0.8956081582903185,1
0.04459633997952818,-0.25551148031684506,-0.9772746455724157,-0.8448546224117787,0
0.35234071290492736,0.06301225693855284,-1.1526943943124222,-0.7122739572596748,0
0.03641354162428672,-0.580405692317351,-0.1762799143409327,-0.8521051275372844,1
0.10916929221763204,1.211290329744262,0.5691588877885092,-1.0675487084094533,1
-0.140761831458776,-0.4609592908465767,-0.4928726062100984,-0.359070779002898,1
-0.11336724566079213,-0.1169536546107471,0.004847635334214614,-0.6221605364141042,1
0.6154354687180289,-0.5174972542094098,-0.9902123276920689,-1.0913717966789718,0
1.3803492280123733,2.387439229559819,1.6308098617247735,1.6544980729946794,1
0.2906139513990809,-0.5238677289545178,-1.1389956720680832,-0.997115230047398,0
0.47846253972811065,-0.6170359221017218,0.40819890141752696,-0.053513777285158604,1
-0.3045956854843782,0.11477236424255488,-1.3768207110323003,-0.9235743923458403,1
1.4636003069309196,1.4294790897642098,0.972890673934164,1.9693771527309263,1
-0.18541144857107358,-0.19578827958145795,-0.8395263830043413,-0.6894866554366569,1
0.19117516269081664,-0.4330884638367294,-0.5697376588033334,-0.6635919942741366,0
0.386139227850491,0.8959518298614184,0.188638825445762,-1.0478687659259376,1
0.06932262196601953,0.027974645840458962,-0.8182172595131474,-0.9453259077223575,0
0.36408124967549216,0.7247453210866418,-0.5138012096389496,0.7647575154504823,1
0.5553096894990782,-0.08271235285579184,-0.5495700954991678,-0.9826142197963866,0
1.6181840410766843,2.350808999775448,0.9949608375500432,1.1645710837997956,1
0.5654492439827473,0.938952534390897,0.7879579236355888,-1.0271530369959214,1
1.6957427385307149,2.3539942371480023,1.416577066625807,1.5726709437211153,1
-0.5835223772456648,-0.6377399650233225,0.48278083363670515,0.7160755524649444,1
0.6245077016771012,-0.580405692317351,-0.7276534846755734,-0.7868505814077331,0
-0.44192438831582737,-0.34867967346404893,0.21831939030849576,-0.7226318217246829,1
0.561535731725892,0.9755827641752678,0.25599087648042806,-0.738168618422195,1
-1.2596705630777116,-1.306639813259658,1.1113999766269238,1.08067238163323,1
-3.047434116777284,-1.4189194306421857,1.0923739735097866,1.312688545649412,1
0.10490000611924484,-0.7340933955430804,-0.3064177756621523,-0.9070018092018273,1
-0.5274879972043343,0.8067651834299069,-1.2109139638508626,0.9273759875511097,1
-0.2859175588039347,0.06380856628169145,0.06991656599482468,-1.0054015216194043,1
0.6517244005543181,-0.7149819713077564,-1.1306242306965428,-0.2596352801388201,1
1.3879983656053156,-1.391844912975477,0.8926009407798443,1.0268114864151878,1
-0.5828108295625999,-0.018211296061573595,0.14373745808931757,0.3131546247761286,1
0.061317710531544035,-0.5963318791801208,0.4413041468413456,0.12464149151298086,1
-1.5469579401150058,-1.340084805671475,1.5737318523733614,1.2847223115938897,1
0.2786955277077512,-0.16871376191474916,-1.0895280639635259,-0.6770572180786472,0
0.5407229619962549,-0.13128722278723998,-0.5411986541276274,-0.7619917066917137,0
-0.02904884521764798,-0.3845135939052813,-0.3376204207742576,-0.4999377357270084,1
1.3956475031982594,2.2026954619516883,1.8549361784446516,1.184251026283311,1
-0.6160756837458656,1.1141405898813659,-1.084961823215413,0.8641930143145603,1
0.08817863556722899,-0.1527875750519793,-0.04385893264565707,-0.6138742448420976,1
0.028052856348278286,-0.8519471783275776,-0.7641834106604772,-0.265849998817825,1
-0.033851792078333075,0.5893727327530978,-0.8832861901737572,0.5876380330988439,1
-0.8067704628071538,-1.3870670569166461,1.5025746007152676,1.2360403486083515,1
-0.4371214414551423,0.6506885521747618,-0.7090080016207788,0.12567727795948183,1
0.4430630424956523,-0.1583617404539488,-1.102846266145522,-0.9349680432573492,0
1.578515257745838,-1.4611238258285262,1.9356064316613142,1.0837797409727326,1
0.43114461880432153,-0.7675383879548971,-0.40192831131018203,-0.6314826144326114,1
-0.7240530446509044,0.5599092870569734,0.7362071951569746,-1.0426898336934336,1
0.38951907934504737,-0.9483006088473354,-1.0088578107468635,-1.0551192710514432,1
-0.41506346328014243,0.8075614927730455,0.6258563770775784,-0.6418404788976196,1
0.0026150266787220654,0.768542334959259,-1.2417360889006248,0.01691970107689655,1
0.17943462592025183,0.021604171095351142,-0.9966811687518957,-0.9391111890433526,0
0.3105372865248872,-0.550145937278088,-1.1279605902601435,-1.0841212915534661,0
0.42740899346823225,0.10123510540920061,-1.259620531830734,-0.8800713615928062,0
0.35269648674645926,-0.008655583943911579,-1.1138813479534617,-0.8251746799282632,0
1.566418947133741,-1.327343856181259,1.4439745111144848,1.4297324141040035,1
0.26820019938254913,-0.44025524792497583,-0.38252178813070176,-0.6138742448420976,0
-0.7309906345607831,-0.493607973915255,0.14221537783994634,0.7367912813949604,1
0.057759972116221706,-0.9068925230041337,-0.6732391157605606,-1.0064373080659053,1
-0.608782319994455,0.9540824119105286,-0.7771210927801308,-0.018297038104131025,1
1.6824012194732554,-1.3576036112205216,0.9580503915027968,1.9061941794943766,1
0.25272403727589604,-0.6170359221017218,-1.0480513771681665,-1.0209383183169165,0
0.6655995803740765,-1.0056348815533072,-0.722326203802775,-0.8044589509982469,1
1.674040534197248,-1.3448626617303059,1.6247215407272897,1.213253046785334,1
0.22426212995331643,-0.9960791694356452,-1.0351136950485131,-1.0147235996379116,1
-0.28556178496240275,-0.14880602833628678,-0.5853389813593859,-0.4522915591879711,1
0.07768330724202796,1.0671583386361947,0.6608642228131111,0.7616501561109802,1
0.16484789841742958,-0.10023115840483864,-0.5666934983045915,-0.9846857926893882,0
-0.01552943923942252,-0.34071658003266403,-1.1701983171801886,-0.13741247945172438,1
1.6555402944375703,-1.367955632681322,1.2221313147686632,1.8564764300623382,1
-2.7348867969911996,-1.4213083586716013,1.8191672925844335,1.327189555900423,1
-0.4237799223976828,0.019215243065935566,0.2597960771038553,-0.661520421381135,1
0.07448134266823757,-0.049267360443974936,-1.3433349455461383,-0.8054947374447478,0
-0.6255036905464709,0.5471683375667575,-0.3425671815847134,0.6953598235349282,1
0.02680764790291552,-0.574035217572243,-1.2573374114566775,-0.6325184008791123,0
-2.592221486536766,1.3649780329699914,1.8724401013124183,1.0288830593081892,1
-0.43516468532671465,0.9126743260673266,0.7388708355933742,-0.8427830495187769,1
0.5090590900998849,-0.38132835653272723,-0.43807771723274286,-0.7288465404036878,0
0.35091761753879863,-0.8256689700040073,-1.0001058493129806,-0.44711262695546705,1
1.658564372090595,-1.4300677614461248,1.3819497409526171,1.8865142370108616,1
0.07714964647972905,0.10521665212489315,-0.5864805415464142,-0.7340254726361918,0
1.493663196540396,1.4844244344407658,1.6015098169243822,1.916552043959385,1
0.4510679539301278,-0.16234328716964133,-0.584197421172358,-0.7454191235477007,0
0.2605510617896056,-0.23878898411093674,-1.0157071718690331,-0.947397480615359,0
0.21785820080573562,0.5686686898314971,0.5588848461052546,-0.8075663103377494,1
-1.4775820410162168,-1.3599925392499372,1.557750009754966,1.2754002335753825,1
0.08746708788416513,-0.3829209752190042,-0.7348833658600858,-0.9018228769693232,0
0.5529971595291177,0.8059688740867683,-1.1325268310082566,0.1857528918565289,1
-0.013216909269462956,0.02558571781104367,-0.6154000662844632,-0.7858147949612324,0
-0.10892007264163897,-0.3805320471895888,-1.393563593775381,-0.23788376476230316,1
0.33046062165069345,-0.5533311746506421,0.31306888583184017,-0.05972849596416352,1
0.12660221045271278,-0.44901465069949925,-1.1972152416065236,-0.7785642898357267,0
0.3941441392849675,0.5439831001942036,0.8145943279995806,0.6466778605493898,1
1.4354941734498718,-1.355214683191106,1.7693191644175335,1.4587344346060263,1
-0.23717654251401585,0.08530891854643077,-0.2824450117345594,-1.045797193032936,1
0.059183067482350436,-0.13208353213037832,-0.64127543052377,-0.9587911315268679,0
0.2712242770355736,-0.26108564571881454,-1.1397567121927685,-0.8137810290167542,0
-0.4179096540124009,0.7558013854690432,0.3233429275150942,-0.661520421381135,1
1.5475629335325318,1.4899985998427352,1.799760769404953,1.6223886931531544,1
0.0006582705502954416,-0.05882307256163695,0.4607106700208259,0.8258689157940302,1
-0.704307596445864,1.2845507893130037,0.18407258469764884,-0.7650990660312161,1
0.6302000831416171,-0.4609592908465767,-0.9201966362210036,-0.7961726594262405,0
0.5620693924881909,-0.23082589067955167,-0.7942444955855542,-0.8603914191092908,0
0.6079642180458513,0.04867868876205995,-0.5172258902000342,-0.6242321093071058,0
0.35411958211258904,0.8991370672339722,-0.5994182236660678,0.8942308212630837,1
0.03587988086198782,-0.6457030584547075,-1.0141850916196622,-0.6656635671671383,0
-0.6685523253718728,0.573446545890328,-0.5670740183669342,-0.8852502938253102,1
0.4355917918234747,0.8115430394887377,0.7613215192715964,0.014848128183894973,1
-0.5659115720898181,1.2542910342737408,-0.3806191878189881,-0.7060592385806699,1
0.38667288861278987,0.06460487562482979,-0.14089154854305722,-1.0810139322139636,1
1.7090842575881744,2.054581924127928,1.0246414024127775,1.7798282330212778,1
0.24934418578133968,-0.4928116645721165,0.1973907868796448,0.9014813263885895,1
0.08195259334041516,-0.23640005608152118,-0.711671642057178,-0.9618984908663702,0
0.6012045150567386,-0.9124666884061032,-1.2086308434768058,-0.8065305238912486,1
0.306090113505734,-1.0550060608278937,-1.1884632801726402,-0.8603914191092908,1
0.5416123966000858,-0.046082123071421024,-1.3128933405587186,-1.0820497186604643,0
-2.8939177041561166,1.4979616932741202,1.512468122336179,1.5167384756100717,1
-1.2808391066488807,-1.4587348977991106,1.9344648714742858,1.2256824841433438,1
0.16840563683275292,-0.6329621089644916,-0.23449948387937306,-0.5444765529265433,1
0.3245903532654116,-0.026174389492958656,-0.8014743767700666,-0.9660416366523736,0
-0.48212683240897286,-0.33036455857186353,0.5273016809308066,0.4177690558727105,1
0.3413117238174274,0.04071559533067489,-0.33609834052488663,-0.6097310990560943,0
0.4279426542305311,-0.26506719243450705,-0.5800117004865877,-0.8003158052122438,0
1.487792928155113,2.0553782334710666,0.9732711939965063,1.3261537694539223,1
0.4331013749327492,-0.2706413578364764,-1.1774281983647006,-0.21198910359978287,1
-0.4495735259087709,-0.01980391474785055,0.5653536871650814,0.6705009488189084,1
-0.09593432742571141,-0.8137243298569299,-0.8406679431913693,-1.0250814641029198,1
-2.024050661609757,-1.3217696907792895,1.284156084930531,1.7466830667332518,1
-1.975309645319839,-1.3639740859656297,1.2430599181975142,1.1593921515672918,1
-0.4033229265095786,0.697670803419933,0.2864324814678477,-1.0478687659259376,1
0.3185421979593637,-0.4657371469054077,-0.5020050877063243,-0.9577553450803671,0
1.6349054116287003,1.8594861350589968,1.3834718212019879,1.6855716663897036,1
-0.04612598961119577,-0.331160867915002,-0.4201932743026338,-1.0799781457674629,1
0.14901596246924456,-0.05802676321849833,0.06991656599482468,-0.732989686189691,1
-0.03847685201825321,-0.08908282760089967,-1.02636173361463,-0.9650058502058728,0
-0.40848164721179564,1.2678282931070952,0.6258563770775784,-0.726774967510686,1
-3.036227240769018,-1.325751237494982,1.8541751383199663,1.5012016789125593,1
0.3263692224730732,-0.39008775930725065,-1.3783427912816713,-0.8241388934817624,0
-0.449217752067239,0.7773017377337825,-0.8676848676177044,0.3245482756876376,1
0.6511907397920201,-0.24197422148349065,-0.8551277055603939,-0.89767973118332,0
0.2036272471444453,-0.5254603476407949,-1.3851921524038406,-0.6490909840231253,0
-0.7132019424841703,-0.34071658003266403,0.7917631242590161,0.28933153650661003,1
1.5594813572238624,2.2480850945105826,1.1730442267264485,1.7518619989657556,1
-0.17971906710655766,-1.0430614206808164,-1.3189816615562024,-0.9815784333498858,1
0.657238895098068,-0.5995171165526748,-1.3421933853591101,-0.6656635671671383,0
-0.6230132736557443,1.022565015420439,-0.9053563537896364,-0.8438188359652778,1
1.6603432412982555,1.8754123219217669,1.8439010966367122,1.9693771527309263,1
-0.5502575230623991,-0.22604803462072082,0.6768460654315066,-0.8531409139837851,1
-0.28520601112086985,-0.4649408375622692,-0.36463734520059266,-0.5496554851590473,1
0.36621589272468474,0.050271307448336904,-0.9373200390264271,-0.914252314327333,0
-2.0847101015910066,-1.3775113447989842,1.6970203525724112,1.6482833543156747,1
0.11859729901823728,-0.561294268082027,-0.028257610089604025,-0.6490909840231253,1
0.44430825094101506,-0.06837878467929868,-0.26456056880445006,-0.21820382227878762,1
0.5419681704416187,-0.110583179865639,-0.571640259115047,-0.738168618422195,0
-0.0640925686085754,-0.6313694902782147,-0.19226175695932815,-0.7278107539571869,1
-3.0513476290341384,1.6588161805880965,1.5722097721239907,1.4059093258344848,1
-0.5682241020597777,-0.27940076061099994,0.24571683479717407,0.11324784060147199,1
1.566418947133741,1.575203699558554,1.3473224152794268,1.1593921515672918,1
0.00635065201481137,-0.6289805622487991,-0.7824483736529292,-1.0530476981584418,0
0.2945274636559362,-0.4506072693857762,-0.3787165875072742,-0.8583198462162893,0
-0.66730711692651,0.6920966380179635,-0.6534520725187379,-0.7982442323192421,1
0.4060625629762972,-0.01582236803215802,-1.106270946706607,-0.34664134164488825,1
-0.029760392900712848,-0.5581090307094732,0.2575129567297988,0.7119324066789412,1
0.535030580531739,-1.0175795217003845,-0.8029964570194376,-0.694665587669161,1
0.1429678071631967,0.07814213445818434,-1.196454201481838,-0.8034231645517461,0
-0.04523655500736594,-0.13686138818920945,-0.3996451909361255,-0.31349617535686236,1
0.49055885034020735,-0.01741498671843526,-0.3300100195274028,-0.7682064253707186,0
-0.6984373280605822,1.1969567615677692,0.4005885001706719,-0.9328964703643475,1
-3.1329977256657906,-1.459531207142249,1.693595672011327,1.941410918675404,1
0.38471613248436226,0.8139319675181533,0.4283664647216926,0.5834948873128403,1
0.3920094962357739,-0.49997844866036295,-1.3718739502218444,-0.8210315341422599,0
-0.47607867710292395,0.7964131619691065,0.17874530382485035,-0.9235743923458403,1
1.5874096037841443,2.0713044203338367,1.4226653876232909,1.5208816213960747,1
0.3094699650002904,-0.5939429511507053,-1.2995751383767224,-0.6169816041816001,0
-0.6359990188716719,-0.21569601315992032,-0.6766637963216454,0.5669223041688273,1
-0.3289661936293376,-0.4171622769739594,-0.7847314940269855,-0.2834583684083388,1
-0.46540546185695697,1.200938308283462,-0.752387288727852,0.8828371703515749,1
-0.5470555584886087,0.9102853980379113,-0.40915819249469415,0.377373384459179,1
-0.08419379065514762,-0.3335497959444176,-1.2752218543867866,-0.6822361503111513,1
-1.5544291907871832,2.2353441450203664,1.298996367361898,1.7829355923607804,1
-2.4177144172651954,-1.3974190783774465,0.9264672263283482,1.2298256299293469,1
1.716733395181118,1.6866870075979432,1.8153620919610063,1.965234006944923,1
1.5071826025186212,-1.4579385884559721,1.47936287691236,1.5333110587540846,1
-0.0406114950674458,0.02558571781104367,-0.7546704091019085,-0.6470194111301236,0
-0.027269976009986308,0.11158712687000097,-0.7885366946504131,-0.9577553450803671,0
-0.5977533309069551,1.259068890332572,-0.8505614648122809,0.9532706487136301,1
0.16413635073436572,0.9588602679693594,-1.4015545150845787,0.590745392438346,1
-0.2981917563367974,-0.5875724764055974,-0.9122057149118059,-0.8945723718438177,1
1.6646125273966428,-1.3480478991028597,1.2145209135218082,1.305438040523906,1
1.3821280972200338,-1.369548251367599,1.3815692208902741,1.9269099084243932,1
0.5711416254472632,-0.70781518721951,-0.18008511496436022,-0.7785642898357267,1
-1.8605725814256868,1.919209335794384,1.003712798983926,1.1946088907483192,1
0.09600566008093851,-0.3845135939052813,-1.1108371874547198,-0.5983374481445856,0
-1.8360241863599613,-1.3408811150146134,1.0706843299562496,1.850261711383333,1
0.15168426628073606,-0.2539188616305681,0.038333400820376735,-0.6263036822001073,1
-0.6681965515303409,-0.09784223037542307,0.488869154634189,-0.6843077232041528,1
1.4772975998299118,1.8037444810393026,1.2925275263020712,1.2277540570363452,1
0.23671421440694507,-0.20534399169911996,-0.8631186268695915,-0.699844519901665,0
0.3623023804678305,-0.49599690194467044,-0.9989642891259523,-0.8686777106812972,0
-0.5299784140950609,-0.4506072693857762,0.6939694682369297,0.11635519994097454,1
0.327792317839202,-0.11456472658133153,-1.0259812135522874,-0.7847790085147316,0
-0.023534350673898013,-0.4171622769739594,-1.2736997741374156,-1.0312961827819247,0
0.6157912425595609,-0.4681260749348231,-1.2797880951348994,-0.4015380233094313,1
-0.5248196933928428,-0.5039599953760555,0.6132992150202677,-0.9380754025968517,1
1.7137093175280935,-1.3615851579362142,0.9104853837099534,1.0319904186476918,1
0.4489333108809342,-0.02378546146354308,-0.8764368290515877,-0.6345899737721139,0
0.1499053970730754,-0.7197598273665875,-0.23754364437811526,-1.0095446674054076,1
-0.6541434847898165,-0.1050090144636695,-0.6329039891522293,0.2520432244325807,1
-3.060064088151679,-1.3424737337008903,1.7754074854150173,1.4286966276575026,1
-0.6877641128146151,1.0926402376166267,-1.143561912816196,0.48820253423476584,1
0.15826608234908282,-0.11774996395388543,-1.1245359096990588,-0.8655703513417948,0
-0.17562766792893644,-0.6472956771409845,-0.01760304834400706,-0.6501267704696261,1
-0.4694968610345772,0.0032890562031657284,0.575247208785993,0.8921592483700822,1
1.5801162400327327,2.215436411441904,1.7308866381209158,1.799508175504793,1
0.428476314992829,-0.6297768715919375,-0.41258287305577873,-0.8769640022533038,0
0.2785176407869852,0.03036357386987454,-0.4422634379185131,-1.0375109014609296,0
-0.5849454726117935,0.784468521822029,0.4466314277141441,-0.7630274931382144,1
0.4315003926458535,-0.5748315269153814,-0.34028406121065685,-0.4688641423319841,1
-0.4371214414551423,-0.351864910836603,-1.0701215407840459,0.5182403411832893,1
0.1451024502123903,-0.266659811120784,-0.21509296069989303,-0.9256459652388419,1
0.42207238584524925,-0.5278492756702102,-1.1507917940007084,-0.9846857926893882,0
0.47027974137286915,-0.5326271317290413,-0.47765180371638855,-0.6894866554366569,0
0.3190758587216616,-0.5063489234054709,0.017024277329182803,-0.320746680482368,1
-0.8528431752855802,-1.4332529988186786,2.0002948422595814,1.475307017750039,1
-0.11692498407611446,0.05584547285030639,-0.4239984749260613,-0.21406067649278446,1
0.3893411924242814,-0.2770118325815844,-0.8269692209470304,-1.0665129219629523,0
0.4757942359166191,-0.644906749111569,-0.2657021289914783,-0.5216892511035255,1
0.12233292435432556,-0.18225102074810368,-1.3669271894113888,-0.6128384583955968,0
0.21714665312267076,-0.5278492756702102,-0.6062675847882372,-0.9132165278808322,0
1.610001242721442,-1.4205120493284626,1.977463638519016,1.3261537694539223,1
-0.6082486592321561,-0.28816016338552336,0.6315641780127191,0.20646862078654507,1
0.015778658815415594,-0.9180408538080727,0.022351558201981286,-0.9701847824383767,1
0.19580022263073577,-0.7404638702881883,0.10149973116927263,-0.9339322568108483,1
-0.03260658363297031,-0.0723603313949912,0.3602533735623406,0.1453572204429972,1
0.5924880559391982,-0.635351036993907,-0.1005564219347262,-0.9173596736668354,1
0.3107151734456542,-0.2021587543265659,-0.4000257109984681,-0.6397689060046179,0
0.6565273474150042,-0.3168272997385091,-0.2953826938542127,-0.6376973331116164,0
0.5480163257476666,-0.22047386921875134,-1.2588594917060485,-0.392215945290924,1
0.0088410689055369,1.1380298701755205,0.3762352161807361,0.7253976304834516,1
-0.582632942641834,-0.6385362743664611,0.6395550993219172,0.37426602511967644,1
1.6270783871149908,-1.3392884963283362,0.9991465582358133,1.4566628617130244,1
0.6229067193902055,-0.6345547276507685,0.05012952275300198,-0.21406067649278446,1
0.11539533444444687,0.8195061329201229,0.43749894621791835,0.6394273554238844,1
-1.8125431128188327,-1.319380762749874,0.961475072063881,1.2722928742358801,1
0.5754109115456504,-0.5724425988859659,-1.161826875808648,-1.0385466879074303,0
-2.6288661922145877,-1.3846781288872305,0.9272282664530341,1.8823710912248584,1
1.5384907005734594,1.5361845417447677,1.572590292186333,1.3520484306164426,1
0.3019987143281138,1.1189184459401968,0.7126149512917247,0.3266198485806392,1
-0.03883262585978514,0.5559277403412811,0.5748666887236501,0.3815165302451822,1
0.05349068601783451,-0.32080884645420166,-0.3882295890658429,-1.0043657351729036,0
-0.6381336619208655,-0.18384363943438065,0.16238294114411198,0.08010267431344599,1
0.3089363042379925,-0.4330884638367294,-0.8246861005729742,-0.9121807414343315,0
1.396714824722856,1.5385734697741833,1.4565316731717954,1.9134446846198825,1
-1.3658690547750887,-1.4276788334167092,1.100364894818984,1.7518619989657556,1
0.19313191881924427,0.951693483881113,0.5025678768785284,0.023134419755901473,1
-1.4432498653083543,2.1039531034025147,1.5554668893809094,1.5188100485030733,1
0.1392321818271074,-0.11934258264016238,-0.20101371839321147,-0.6118026719490961,1
-2.7798921879450296,-1.330529093553813,1.2940496065514424,1.4079808987274864,1
0.043351131534165414,-0.5230714196113793,-0.4734660830306183,-0.9836500062428873,0
0.15862185619061575,-1.0279315431611848,-0.2984268543529546,-0.5796932921075708,1
-3.2418645211746604,-1.352825755161691,0.9572893513781109,1.5571341470236033,1
0.31872008488012965,-0.4792744057387621,-0.611214345598693,-0.7775285033892259,0
-1.938842826562783,-1.3926412223186155,0.9945803174877003,1.9424467051219052,1
0.066832205075294,0.01762262437965861,-0.48488168490090094,-0.7961726594262405,0
0.2662434432541225,0.0861052278895691,-0.5701181788656761,-0.6801645774181496,0
-0.40634700416260205,-0.39725454339549704,0.16580762170519683,0.5275624192017966,1
0.4743711405504904,0.6307808185962995,-0.6043649844765233,0.30693990609712385,1
0.26570978249182364,-0.3582353855817109,-0.8676848676177044,-0.4398621218299613,1
0.13460712188718826,-0.3072715876208472,-0.17171367359281983,-0.8904292260578143,1
1.4362057211329367,1.943098616088539,1.16353122516788,1.146962714209282,1
0.5446364742531102,-0.561294268082027,-1.1511723140630512,-0.7578485609057105,0
-0.6690859861341717,1.0560100078322556,-0.8863303506724991,-0.5859080107865757,1
0.06878896120372163,-0.014229749345881065,-1.3931830737130384,-1.0861928644464678,0
-0.4296501907829647,0.1187539109582474,0.6707577444340221,0.7906521766130026,1
-0.619277648319656,-0.6082765193271982,0.12433093490983725,0.38980282181718867,1
0.4183367605091599,-0.5230714196113793,0.06192564468562669,-0.7112381708131739,1
0.2808301707569448,-0.0333411735812051,-0.12262658555060547,-1.0851570779999669,1
0.2566375495327513,-0.6003134258958133,-1.352847947104707,-0.9608627044198694,0
-0.4371214414551423,0.8497658879593856,0.8088865270644398,-0.749562269333704,1
-0.19999817607389586,-0.45697774413088416,-0.03282385083771716,-0.726774967510686,1
-0.507564662078528,-0.36142062295426486,0.8515047740468271,0.7409344271809636,1
-0.6920333989130014,-0.4681260749348231,0.34769621150503005,0.18471710541002792,1
1.6188955887597483,2.008395982225896,2.0075247234440936,1.2930086031658963,1
0.5391219797093603,0.8346360104397543,0.5820965699081622,-0.5869437972330765,1
1.4141477429579368,-1.4555496604265565,0.9207594253932074,1.4784143770895415,1
0.6462099060105682,-0.09386068365973053,-0.10245902224643984,-0.5361902613545367,1
0.25859430566117897,-0.23719636542465963,-1.158782715309906,-0.7941010865332389,0
-0.4527754904825613,1.21766080448937,-0.3703451461357338,-0.9587911315268679,1
0.1338955742041234,-0.018211296061573595,-1.292725777254553,-0.6894866554366569,0
0.00012460978799653608,-0.19738089826773492,-0.662204033952621,-0.9650058502058728,0
0.34753776604424225,-0.5167009448662713,-0.454440079913481,-0.9660416366523736,0
-0.6488068771668335,1.1276778487147203,-0.9468330405849957,-0.8831787209323085,1
-0.5616422859914308,-0.21410339447364335,0.5988394526512429,-0.732989686189691,1
-0.581921394958769,1.3100326882934357,-1.2577179315190203,-0.9370396161503507,1
1.5738901978059188,-1.3146029066910432,1.9188635489182333,1.4991301060195577,1
0.173208583693438,-0.47290393099365413,-1.315556980995118,-0.6294110415396098,0
-1.427951590122467,2.0410446652945735,1.6368981827222573,1.595458245544133,1
0.07270247346057589,0.11238343621313958,-0.44302447804319867,-0.8469261953047802,0
0.24418546507912267,-0.577220454944797,-0.8935602318570112,-0.6874150825436552,0
0.34735987912347527,-0.32080884645420166,-0.3368593806495722,-0.7526696286732064,0
-0.5209061811359875,0.07017904102679927,-1.1382346319433976,0.3286914214736408,1
0.06861107428295567,-0.3884951406209737,-0.5198895306364335,-1.068584494855954,0
1.397070598564389,-1.4451976389657564,1.2773067238083617,1.5902793133116293,1
0.407485658342427,-0.26347457374822997,-0.38366334831773,-0.8821429344858078,0
-0.3471106595474822,-0.28178968864041537,-0.07277845738370552,-0.8873218667183119,1
1.5696209117075315,1.9614137309807242,1.580581213495531,1.8461185655973298,1
-0.5104108528107865,0.04151190467381351,0.25903503697917,-0.8728208564673006,1
-0.09379968437651781,0.07177165971307622,-1.0252201734276019,-0.8334609715002695,1
0.3651485712000879,0.008066912261996595,0.2362038332386054,0.5068466902717804,1
0.4638758122252884,-0.3884951406209737,-0.32239961828054775,-0.9556837721873656,0
-1.0812499815492862,-1.4412160922500636,0.9173347448321225,1.733217842928741,1
0.18139138204867947,-0.15119495636570235,-1.3798648715310422,-0.08458737068018302,1
0.237069988248477,-0.6552587705723694,-1.3303972634264851,-0.9836500062428873,0
-1.3137481869906145,1.790207222205948,1.5143707226478929,1.4297324141040035,1
-0.7172933416617916,1.2686246024502337,0.49724059600572995,-0.8769640022533038,1
1.4173497075317272,-1.4404197829069252,1.0025712387968977,1.613066615134647,1
0.24649799504908224,-0.47688547770934653,-0.0655485761991934,-0.39635909107692724,1
0.1568429869829541,-0.1703063806010261,-1.27293873401273,-1.0364751150144287,0
1.5062931679147904,-1.4284751427598479,0.9059191429618402,1.6524265001016778,1
1.4301575658268877,2.3516053091185865,1.3827107810773025,1.5861361675256258,1
1.6905840178284979,1.869041847176659,1.7263203973728032,1.9010152472618729,1
0.5983583243244801,-0.5087378514348864,-0.1854123958371587,-0.3860012266119191,1
-3.0107894110994615,2.342845906344063,1.6395618231586568,1.8906573827968647,1
-1.6446178596156094,1.9056720769610294,1.5992266965503255,1.037169350880196,1
-1.8627072244748804,2.017155385000419,1.0234998422257493,1.1231396259397632,1
0.6232624932317384,-0.6361473463370455,-0.2596138079939945,-0.6822361503111513,1
-0.5909936279178424,0.9580639586262207,0.6532538215662561,-1.0872286508929685,1
0.6088536526496822,-0.414773348944544,-0.334195740213173,-0.9246101787923411,0
0.005994878173278429,1.0528247704597018,0.48658603426013297,0.7875448172735005,1
-0.15588221972389615,-0.261881955061953,-0.10968890343095195,-0.914252314327333,1
-0.4771459986275208,0.9365636063614814,-0.7763600526554452,-0.9318606839178468,1
0.07234669961904397,-0.1790657833755495,-0.5727818193020754,-1.0312961827819247,0
-0.48621823158659305,1.154752366381429,-0.5214116108858045,0.45505736794673984,1
1.381772323378502,-1.3902522942892,1.2088131125866668,1.6203171202601527,1
-0.2554988953529274,-0.7611679132097892,-1.0727851812204452,-0.7257391810641853,1
0.03321157705049632,0.09566094000723113,0.038333400820376735,-0.6563414891486309,1
-1.8059612967504861,-1.3854744382303692,1.7803542462254733,1.8689058674203476,1
0.36408124967549216,-0.09226806497345358,-1.3361050643616263,-0.24927741567381204,1
-3.032313728512163,1.8029481716961637,1.0801973315148183,1.574742516614117,1
0.3164075549101701,-0.06678616599302173,-1.1808528789257855,-0.8106736696772519,0
-0.17829597174042794,-0.37495788178761924,-1.2965309778779806,-0.30520988378485586,1
-2.402594029000075,-1.3209733814361508,1.7617087631706785,1.9020510337083736,1
1.705704406093618,1.7559659204509928,1.5645993708771357,1.6897148121757068,1
-0.7489572135581627,-0.44503310398380685,0.5862822905939323,0.1308562101919858,1
0.12998206194726913,-0.7906313589059135,-1.0450072166694246,-1.008508880958907,1
-2.635092234441402,1.697039029058744,1.3496055356534833,1.9859497358749396,1
1.3847964010315263,1.801355553009887,1.4656641546680211,1.245362426626859,1
0.5462374565400049,-0.49520059260153193,-0.9506382412084233,-1.0333677556749263,0
-3.184407045767201,1.45575729808778,1.168477985978336,1.8544048571693361,1
0.13407346112489038,-0.03413748292434343,0.02044895789026766,-0.54033340714054,1
0.6170364510049235,-0.19578827958145795,-0.17285523377984813,-0.9732921417778793,1
-3.158613442256113,-1.4491791856814484,1.9607207557759354,1.4193745496389951,1
-0.19732987226240334,-0.10660163314994646,-0.30870089603620887,-1.041654047246933,1
0.40659622373859616,0.8242839889789537,-0.4392192774197711,0.13396356953148833,1
0.6622197288795201,0.6809483072140249,0.6901642676135025,-0.7371328319756941,1
-0.4136403679140137,-0.5238677289545178,-0.7912003350868123,0.24272114641407344,1
-3.0513476290341384,2.3627536399225253,1.2251754752674051,1.3292611287934248,1
-0.05946750866865526,-1.0613765355730018,-1.378723311344014,-0.6957013741156618,1
-0.03438545284063198,-0.5445717718761187,-0.4395997974821138,-0.6273394686466082,0
0.2966621067051298,0.9723975268027136,0.4858249941354471,0.4788804562162586,1
1.498288256480315,2.353197927804864,1.037198564470088,1.4804859499825431,1
0.4435967032579502,-0.3685874070425113,-1.0164682119937187,-0.7951368729797397,0
-2.7220789386960385,-1.3862707475735074,1.76741656410582,1.0620282255962152,1
0.5784349891986739,-0.13049091344410135,-0.3269658590286606,-0.590051156572579,0
-1.8666207367317356,-1.453160732397141,1.5033356408399534,1.4079808987274864,1
-3.161459632988371,1.9661915870395554,1.316880810292007,1.3199390507749171,1
1.5393801351772902,-1.4372345455343711,1.3899406622618147,1.9061941794943766,1
1.4052533969196304,-1.3217696907792895,1.157823424232739,1.9528045695869136,1
0.28118594459847673,-0.01741498671843526,-0.394317910063327,-0.7091665979201723,0
-1.6113530054323435,1.3904599319504234,1.3998341838827262,1.6555338594411804,1
1.6521604429430141,-1.3408811150146134,1.072206410205621,1.9331246271033977,1
-0.8724107365698545,-1.3576036112205216,1.1334701402428031,1.432839773443506,1
-2.321299706209955,-1.4252899053872938,1.0957986540708708,1.8606195758483413,1
0.3094699650002904,1.1874010494501075,0.1962492266926165,-0.9463616941688582,1
-0.6539655978690505,-0.2825859979835539,-0.6740001558852462,0.2271843497165612,1
-3.0132798279901873,-1.40617848115197,1.184459828596731,1.1438553548697794,1
-0.22508023190191914,-0.6313694902782147,-0.6736196358229033,-0.30520988378485586,1
0.13300613960029356,-0.03732272029689763,-1.1781892384893862,-0.06697900108966923,1
-0.38553423443296597,-0.04130426701258987,-0.362734744888879,-0.9328964703643475,1
-0.21280603436905643,-0.6289805622487991,-0.04081477214691462,-0.9028586634158241,1
-0.5155695735130046,1.274995077195342,0.3522624522531432,-0.6501267704696261,1
-0.1332905807865984,-0.6425178210821535,-1.2512490904591935,-1.041654047246933,1
-0.008769736250309792,-0.865484437160932,-1.0674579003476468,-0.40568116909543456,1
-3.134598707952686,-1.3090287412890735,1.145266262175428,0.9822726692156529,1
-0.12457412166905803,-0.5827946203467663,-0.013036807595894461,-0.7578485609057105,1
1.5906115683579347,-1.3201770720930126,1.3861354616383874,1.5509194283445982,1
1.5468513858494668,1.493980146558428,1.1817961881603318,1.1759647347113047,1
1.695386964689183,2.1915471311477495,2.002197442571295,1.8129733993093038,1
-0.7350820337384043,-0.36540216966995737,0.7594189189598828,-0.6376973331116164,1
-1.9571651794016935,2.506885631030593,1.1460273023001137,1.382086237564966,1
0.5746993638625856,-0.34469812674835654,-1.1500307538760228,-0.8904292260578143,0
0.27246948548093636,-0.2356037467383827,-1.3326803838005414,-0.6770572180786472,0
1.4452779540920089,1.3498481554503603,0.9926777171759866,1.6648559374596879,1
-1.0052922663821504,2.2703817561184603,1.7000645130711538,1.1438553548697794,1
0.09991917233779378,-0.011840821316465773,-0.4749881632799893,-0.9442901212758564,0
-0.49529046454566533,0.855340053361355,0.549371844546686,-1.0602982032839474,1
0.16431423765513167,0.6984671127630716,-0.8338185820691999,0.5824591008663397,1
0.19277614497771134,-0.2563077896599835,-0.552233735935567,-1.0571908439444448,0
0.4380822087142002,-0.9419301341022276,-0.8604549864331923,-0.48025779324349294,1
-0.2316620479702659,-0.20375137301284288,-0.8829056701114142,-0.0618000688571651,1
-3.2253210375434103,-1.4205120493284626,1.3260132917882328,1.2629707962173728,1
1.6870262794131745,2.5044967030011778,1.9904013206386697,1.7135379004452258,1
-0.0069908670426481224,-0.6090728286703366,-1.4053597157080062,-0.28242258196183795,1
-0.289653184140023,-0.21728863184619726,-1.2337451675914273,-0.23374061897629983,1
-2.9364326782192207,-1.3034545758871041,1.1547792637339966,1.8419754198113267,1
0.2509451680682354,-0.1583617404539488,-0.10360058243346812,-0.2762078632828331,1
0.28047439691541187,0.9771753828615448,-1.3752986307829294,0.07492374208094205,1
1.4703600099200331,-1.391844912975477,1.3282964121622893,1.3510126441699417,1
1.7041034238067232,2.445569811608929,1.0607908083353381,1.7497904260727544,1
-1.7326718853948417,-1.4045858624656928,1.107975296065839,1.8937647421363673,1
-0.24660454931462109,-0.46732976559168465,-0.621488387281947,-1.0054015216194043,1
-0.024601672198494816,0.04071559533067489,0.09503089010944588,-0.8821429344858078,1
-2.9527982749297044,-1.3440663523871674,1.0044738391086119,1.112781761474755,1
0.27104639011480763,-0.35266122017974144,0.277299999971622,0.05524379959742649,1
-2.266688421534754,2.5132561057757012,1.576014972747418,1.4214461225319968,1
0.3788458640990804,-0.7030373311606791,-0.7345028457977429,-1.0333677556749263,1
-1.5156498420601676,2.0434335933239893,1.5098044818997802,1.0226683406291845,1
0.48522224271722336,1.0297317995086854,0.17570114332610845,-0.8293178257142665,1
-0.6979036672982842,0.8824145710280639,-0.523694731259861,0.888016102584079,1
-0.5392285339748991,1.0233613247635773,-0.5389155337535708,0.5938527517778486,1
1.6505594606561194,-1.3663630139950451,1.0432868854675719,1.3727641595464588,1
-0.23717654251401585,0.04310452336009046,-1.0080967706221784,-0.9732921417778793,1
0.11752997749364047,-0.564479505454581,0.02767883907477977,-0.7340254726361918,1
0.05242336449323771,-0.3032900409051547,-0.45672320028753755,-0.8344967579467706,0
-0.5755174658111892,0.8903776644594489,-1.2443997293370241,-0.05558535017816018,1
1.4360278342121706,-1.369548251367599,1.0238803622880916,1.228789843482846,1
0.16057861231904239,-0.9220224005237652,-0.2896748929190715,-0.7847790085147316,1
-0.4961798991494962,-0.27382659520903047,0.44548986752711633,0.3193693434551335,1
0.49660700564625626,-0.37575419113075775,-0.600559783853096,-1.0747992135349587,0
1.4694705753162023,2.2026954619516883,1.824494573457232,1.1065670427957501,1
-1.9329725581775012,-1.3862707475735074,1.7392580794924568,1.3199390507749171,1
0.6579504427811329,0.6475033148022079,0.6015030930876425,0.21786227169805394,1
0.10169804154545545,-0.22365910659130522,-1.3380076646733399,-0.8334609715002695,0
0.16271325536823597,-0.33514241463069455,-1.1526943943124222,-0.7474906964407023,0
1.6124916596121674,1.775873654029455,1.8945102649282977,1.1811436669438085,1
0.18352602509787308,0.11079081752686262,-1.3166985411821464,-0.9246101787923411,0
0.10952506605916498,-0.9514858462198894,-0.8132704987026915,-0.6014448074840879,1
-0.5529258268738905,1.1244926113421665,-0.9772746455724157,0.40741119140770243,1
0.42527435041903966,1.2941065014306654,0.3263870880138361,0.42501956099821625,1
0.6113440695404077,1.0146019219890539,0.63574989869849,-1.0654771355164514,1
0.5248910260480699,-0.5716462895428275,-0.3555048637043667,-0.7516338422267056,0
0.04103860156420585,-1.0454503487102318,-0.30489569541278133,-0.42432532513244914,1
0.6099209741742789,-0.19738089826773492,-1.1888438002349833,-0.8634987784487932,0
0.5825263883762951,-0.5971281885232593,-0.8425705435030832,-0.23374061897629983,1
0.3484272006480721,-0.2642708830913684,-1.3718739502218444,-0.5941943023585823,0
-0.5351371347972779,0.6889114006454097,0.7285967939101201,-0.666699353613639,1
-0.09397757129728378,-0.574035217572243,-0.8265887008846877,-1.0665129219629523,1
-2.7119393842123687,1.8658566098041047,1.7305061180585735,1.8336891282393197,1
-0.3385720873507078,-0.7762977907294206,-0.7364054461094568,-0.7588843473522113,1
1.6028857658907973,1.3936451693229772,1.7483905609886825,1.0982807512237438,1
1.3851521748730582,2.3587720932068335,0.9051581028371549,1.3530842170629431,1
0.6321568392700447,-0.30966051565026265,-0.7493431282291101,-0.8386399037327738,0
-0.25852297300595084,-0.1281019854146858,-0.6169221465338341,-0.6542699162556294,1
0.1993579610460581,-0.8822069333668405,-1.2885400565687828,-0.14051983879122676,1
-0.7096442040688481,1.1444003449206288,-1.2402140086512539,-0.6656635671671383,1
-2.7606804005022876,-1.4396234735637867,1.9337038313496007,1.0112746897176756,1
0.04655309610795581,1.1579376037539828,0.2871935215925331,-0.010010746532124526,1
-2.461296712852897,1.5767963182448315,1.1608675847314809,1.4991301060195577,1
0.4761500097581511,0.05425285416402944,-0.43541407679634364,-1.0758349999814596,0
-0.7044854833666311,0.11955022030138603,0.3442715309439452,-0.9826142197963866,1
-0.5584403214176404,-0.6648144826900314,0.1669491818922251,-0.7412759777616975,1
0.2071849855597676,-0.9777640545434598,-0.9837434866322424,-0.1778081508652561,1
0.23724787516924298,-0.664018173346893,-0.6408949104614271,-1.001258375833401,0
0.6090315395704481,-0.5668684334839965,-1.2185243650977173,-0.7889221543007348,0
0.5730983815756908,-0.4808670244250391,-0.889374511171241,-0.7941010865332389,0
0.33704243771904024,-0.17747316468927254,-0.7318392053613436,-0.9567195586338663,0
1.455951169337977,1.9383207600297079,0.9146711043957235,1.6897148121757068,1
1.5762027277758783,-1.4396234735637867,1.934084351411943,1.6617485781201853,1
0.5529971595291177,-0.020600224090989168,-1.3585557480398485,-0.5952300888050831,0
0.12891474042267234,-0.030155936208651184,-0.9985837690636096,-0.7485264828872032,0
0.38898541858274943,-0.8837995520531174,-0.7626613304111063,-0.29070887353384445,1
1.626366839431926,-1.3520294458185522,1.9907818407010127,1.1728573753718021,1
0.2630414786803321,-0.414773348944544,-0.4612894410356504,-0.826210466374764,0
-0.07014072391462325,-0.12013889198330101,-0.4026893514348674,-1.0188667454239149,1
-0.5210840680567546,1.1420114168912132,0.7617020393339388,-1.0302603963354238,1
0.4960733448839573,0.9835458576066526,0.439401546529632,-0.9505048399548613,1
0.2175024269642037,-0.8837995520531174,-0.5248362914468893,-0.8376041172862729,1
-0.7359714683422351,0.6498922428316235,-1.384431112279155,0.2116475530190492,1
-0.19412790768861396,-0.5549237933369191,-1.119969668950946,-1.0437256201399345,1
-0.7236972708093724,-0.27940076061099994,0.13726861702949078,0.5223834869692926,1
0.1653815591797285,0.9445266997928665,0.149445259024459,0.3100472654366262,1
0.6001371935321418,-0.48962642719956245,-1.3977493144611515,-1.0054015216194043,0
0.16591521994202638,-0.28975278207180033,0.6030251733370131,0.12256991861997928,1
-0.20586844445917774,-0.17428792731671863,-0.39051270943989946,-0.6231963228606049,1
-1.9571651794016935,-1.4069747904951084,1.4961057596554412,1.5229531942890764,1
0.3046670181396053,-0.10899056117936204,0.763604639645653,0.06353009116943299,1
1.440475007231324,-1.3361032589557824,1.1334701402428031,1.8222954773278108,1
0.1716076014065423,0.05823440087972197,0.39792485973427294,0.8818013839050743,1
-0.5418968377863906,1.088658690900934,0.23468175298923416,-0.8562482733232875,1
0.48913575497407863,0.10999450818372401,0.5204523198086375,0.5845306737593413,1
-0.20515689677611287,0.11397605489941653,-0.5381544936288855,-0.969148995991876,1
1.545428290483338,1.337107205960144,1.1951143903423278,1.085851313865734,1
-0.5682241020597777,0.7542087667827663,-1.16487103630739,0.26343687534408977,1
1.7245604196948274,1.823652214617765,1.1441247019884002,1.6596770052271834,1
1.7010793461536988,-1.3337143309263668,1.9782246786437014,1.6544980729946794,1
0.2872340999045246,0.9341746783320661,0.36520013437279614,-1.095514942464975,1
0.5613578448051261,-0.7388712516019114,-0.5792506603619021,-0.6004090210375871,1
0.1397658425894063,-0.23878898411093674,-1.292725777254553,-0.5848722243400749,0
0.44128417328799063,0.007270602918858259,-0.0077095267230959785,-0.8686777106812972,1
-0.7293896522738884,1.1762527186461684,0.4017300603577002,-0.590051156572579,1
0.009374729667834794,-0.6242027061899682,-0.8851887904854708,-0.8966439447368192,0
-0.2901868449023219,-0.6313694902782147,-1.2912036970051821,-0.07319371976867396,1
0.34593678375734654,0.5288532226745724,0.31839616670463866,0.49959618514627474,1
-0.6863410174484854,-0.40840287419943605,0.8534073743585413,0.6808588132839167,1
-0.008236075488010888,-0.3112531343365396,-0.4129633931181217,-0.8448546224117787,0
0.3105372865248872,-0.30806789696398573,-0.28815281266970055,-1.0665129219629523,0
0.5152851323266997,0.9445266997928665,-0.8262081808223452,0.42294798810521467,1
1.6562518421206354,2.4264583873736054,1.5634578106901074,1.7425399209472487,1
-0.571959727395866,-0.3112531343365396,0.6441213400700303,-0.7941010865332389,1
1.6345496377871673,2.3229381727656007,1.423806947810319,1.607887682902143,1
0.62593079704323,-0.4394589385818374,-1.2067282431650923,-1.0499403388189394,0
-1.7543740897283098,-1.4069747904951084,1.586289014430672,1.8264386231138139,1
-0.42840498233760194,0.6228177251649147,0.2061427483135281,-0.7402401913151967,1
-1.3681815847450494,-1.462716444514803,1.3039431281723535,1.2111814738923323,1
1.6087560342760792,-1.4459939483088946,0.9287503467024049,1.7415041345007474,1
-0.2120944866859926,-0.7380749422587729,-0.9597707227046492,-0.9898647249218923,1
1.6998341377083361,1.4661093195485806,1.4957252395930984,1.2754002335753825,1
0.2513009419097673,-0.16552852454219524,-0.7607587300993927,-0.8873218667183119,0
-1.5015967753196442,-1.414141574583355,1.1201519380608067,1.9714487256239281,1
1.6171167195520877,1.7997629343236097,1.7270814374974885,1.7425399209472487,1
-0.6397346442077602,1.0719361946950254,0.30621952470967045,-1.029224609888923,1
0.6433637152783106,0.012844768320827744,-0.0739200175707338,-0.5620849225170571,1
0.2856331176176299,-0.6178322314448602,-0.1511655902263115,-0.46575678299248163,1
0.4686787590859745,-0.13049091344410135,-0.403450391559553,-0.5620849225170571,1
0.2712242770355736,-0.8710586025629015,-0.12947594667277493,-0.9929720842613946,1
0.2308439460216632,-0.4681260749348231,-0.6382312700250278,-0.8013515916587446,0
0.04068282772267392,-0.16552852454219524,-0.8966043923557534,-0.8945723718438177,0
0.16502578533819554,-0.1703063806010261,0.3202987670163523,0.7015745422139329,1
0.5956900205129886,-0.29373432878749284,0.4778340728262496,0.4778446697697576,1
0.23849308361460675,-0.2642708830913684,-0.7367859661717995,-0.9536121992943637,0
-0.24180160245393498,0.11317974555627792,-0.15002403003928322,-0.6957013741156618,1
-0.20248859296462138,-0.11854627329702405,-0.07277845738370552,-0.8956081582903185,1
0.04708675687025371,-0.19817720761087337,-0.5092349688908365,-0.6687709265066407,0
-3.0388955445805097,-1.399808006406862,1.0790557713277902,1.0112746897176756,1
0.6245077016771012,-0.7340933955430804,-0.47955440402810245,-0.3145319618033631,1
-0.4342752507228848,0.9771753828615448,0.8636814160417953,-1.0644413490699507,1
-1.0172106900734812,-1.3647703953087682,1.2502897993820263,1.748754639626253,1
0.08515455791420556,-0.3908840686503891,-1.1249164297614016,-0.9370396161503507,0
0.6513686267127862,-0.2268443439638593,-1.1526943943124222,-0.8707492835742989,0
0.2936380290521054,-0.2133070851305049,-0.009231606972466664,-0.2979593786593501,1
0.641406959149883,-0.6441104397684305,0.2422921542360892,0.01899127396989813,1
0.08213048026118112,-0.7914276682490521,-0.2577112076822806,-0.6045521668235904,1
0.5019436132692402,-0.8431877755530541,-1.4160142774536029,-0.7278107539571869,1
0.3158738941478712,-0.039711648326312916,-0.3231606584052334,-0.8634987784487932,0
0.4960733448839573,-0.3701800257287883,-0.46205048116033604,-1.0074730945124062,0
0.20060316949142085,0.04390083270322909,-0.0065679665360676934,-0.08873051646618618,1
-0.5860127941363903,-0.504756304719194,0.684836986740704,0.46023630017924383,1
0.3059122265849681,-0.9713935797983518,-1.3832895520921267,-0.5776217192145693,1
-0.5596855298630032,1.3092363789502972,-0.9297096377795723,-0.8168883883562567,1
-0.3817986090968767,-0.32240146514047857,-0.07582261788244742,-0.7184886759386796,1
0.13265036575876063,-0.6027023539252288,-1.009999370933892,-0.3269613991613729,1
0.37795642949524955,0.09088308394840026,-0.5910467822945273,-0.6687709265066407,0
0.604584366551295,0.09964248672292365,-1.3106102201846621,-0.36114235189589966,1
-0.6073592246283253,1.0448616770283168,0.49952371637978593,-0.9681132095453752,1
-0.5641327028821564,-0.009451893287050199,0.6342278184491187,-0.8220673205887608,1
0.05580321598779407,0.6395402213708229,0.6540148616909414,-0.6521983433626277,1
0.5375209974224655,0.8091541114593225,0.41961450328780925,0.14224986110349483,1
-0.36329836933720017,-0.33434610528755604,0.08285424811447822,-0.9349680432573492,1
0.011153598875496464,-0.5095341607780248,-0.632142949027544,-0.5952300888050831,0
0.35109550445956456,-0.5724425988859659,-1.3345829841122554,-0.8251746799282632,0
0.23102183294242915,-0.9801529825728753,-0.8596939463085067,-0.8427830495187769,1
1.5934577590901922,-1.309825050632212,1.0128452804801522,1.4835933093220457,1
0.6398059768629883,-0.5190898728956869,-0.37491138688384695,-0.9173596736668354,0
-1.593742200276497,2.4264583873736054,1.7967166089062112,1.8875500234573621,1
-2.9664955678286957,-1.336899568298921,1.4051614647555246,0.9770937369831487,1
0.3160517810686372,1.0560100078322556,0.4211365835371805,0.5700296635083298,1
0.06540910970916528,-0.005470346571357668,-0.5533752961225953,-0.8054947374447478,0
-0.4751892424990931,1.0695472666656103,-0.7965276159596107,-0.6345899737721139,1
-0.7309906345607831,-0.08987913694403829,0.2940428827147028,-0.02969068901563989,1
-2.8604749630520847,-1.462716444514803,1.0996038546942986,1.448376570141018,1
0.10116438078315655,1.1213073739696124,0.6258563770775784,0.20646862078654507,1
0.5700743039226664,-0.18145471140496508,-0.9791772458841294,-0.5869437972330765,0
0.625219249360165,-0.6457030584547075,0.7088097506682969,0.4737015239837544,1
0.035524107020455886,-0.6027023539252288,-1.1104566673923773,-0.7858147949612324,0
-0.1178144186799453,0.0797347531444613,-1.0465292969187956,-0.50200930862001,1
0.43061095804202265,0.80517256474363,0.1452595383386888,0.5524212939178161,1
-0.39229393742207874,0.05584547285030639,-0.919816116158661,-0.21923960872528842,1
0.44430825094101506,-0.5923503324644284,0.7244110732243499,0.06456587761593396,1
0.19491078802690492,-0.7619642225529276,-0.2554280873082243,-0.9826142197963866,1
0.20682921171823568,0.10760558015430843,-0.4552011200381666,-1.024045677656419,0
0.5311170682748847,-0.7675383879548971,-0.0020017257879545542,-0.8541767004302859,1
-0.02406801143619692,-0.9658194143963823,-0.17133315353047715,-0.930824897471346,1
0.620060528657948,-0.2786044512678615,-0.45482059997582364,-0.7485264828872032,0
0.004393895886383736,-0.28736385404238485,-0.8779589093009587,-0.7526696286732064,0
0.47792887896581276,-0.17508423665985695,0.4816392734496769,0.25929372955808644,1
-0.21084927824062982,-0.03413748292434343,0.009794396144670694,-1.0602982032839474,1
0.13745331261944674,-0.34708705477777196,-0.7942444955855542,-0.22441854095779254,1
0.45338048390008734,1.1674933158716452,0.5703004479755369,-0.9909005113683931,1
1.5541447496008785,-1.4483828763383102,1.4652836346056788,1.11899648015376,1
-0.47447769481602925,-0.4012360901111896,-0.6865573179425568,0.22096963103755649,1
1.381238662616203,2.23852938239292,1.3256327717258904,1.9704129391774268,1
0.3164075549101701,0.1068092708111701,-0.41638807367920627,-0.8282820392677657,0
0.48895786805331265,-0.3598280042679879,-0.6466027113965684,-0.5548344173915514,1
-1.4117638803327501,-1.3560109925342447,1.931420710975544,1.5757783030606178,1
-0.01979872533780972,-0.4434404852975298,-0.4947752065218123,-0.9950436571543962,0
0.4773952182035138,-1.0478392767396472,-0.8711095481787893,-0.31349617535686236,1
0.2078965332428325,0.04151190467381351,-0.7512457285408239,-0.7195244623851804,0
-0.23735442943478183,-0.09147175563031525,-0.42552055517543225,-0.3083172431243582,1
0.6382049945760926,-0.5819983110036279,-0.6861767978802141,-0.7360970455291934,0
1.5971933844262813,-1.3440663523871674,0.8998308219643564,1.1562847922277892,1
0.550506742638392,0.6411328400571001,-0.4494933191030254,-0.058692709517662735,1
0.6606187465926244,0.11079081752686262,-1.024839653365259,-0.7184886759386796,0
-3.1271274572805083,-1.442012401593202,1.3267743319129186,1.4877364551080487,1
0.1584439692698498,0.8003947086847991,0.6882616673017888,0.5669223041688273,1
0.24062772666379934,-0.20375137301284288,-0.2679852493655349,-0.3269613991613729,1
0.3939662523642005,-0.27382659520903047,-1.3056634593742067,-1.0333677556749263,0
-0.5004491852478834,-0.2523262429442911,0.5356731223023471,-1.078942359320962,1
0.5713195123680291,-0.2746229045521689,0.4892496746965319,0.9563780080531326,1
0.1833481381771071,-0.43547739186614487,-0.5937104227309266,-0.9732921417778793,0
-0.6260373513087688,1.1228999926558891,-0.376052947070875,0.6715367352654095,1
-0.5166368950376014,-0.08987913694403829,-1.059466979038449,0.6187116264938679,1
1.3887099132883807,1.8515230416276118,1.369392578895306,1.3789788782254635,1
-0.035986435127526674,-0.6648144826900314,-1.104368346394893,-0.9204670330063379,0
0.19473290110613897,-0.19499197023831946,-0.9837434866322424,-0.7733853576032226,0
-1.3254887237611783,2.187565584432057,1.9968701616984965,1.3416905661514344,1
1.556279392650072,2.5044967030011778,1.7270814374974885,1.6317107711716616,1
-0.5949071401746966,0.7836722124788906,0.40667682116815573,-0.7412759777616975,1
0.5663386785865772,-0.07395295008126816,-0.12034346517654891,-0.4346831895974573,1
-0.8918004109333618,-1.3623814672793526,1.9211466692922894,1.6948937444082113,1
0.48700111192488504,-0.007859274600773243,-1.1545969946241357,-1.0064373080659053,0
0.4313225057250875,-0.4091991835425745,-0.43046731598588805,-0.7412759777616975,0
0.2504115073059365,-0.5342197504153182,-1.1698177971178458,-0.6118026719490961,0
-0.18363257936341193,-0.10182377709111559,-1.1096956272676917,-0.09598102159169189,1
0.4457313463071438,0.6610405736355625,0.46109119008316884,0.45609315439324066,1
0.17303069677267205,-0.3829209752190042,0.7228889929749788,0.6622146572469022,1
-0.19110383003558953,-0.39725454339549704,-0.07315897744604845,-1.078942359320962,1
-2.487801864047049,-1.375918726112707,1.9177219887312051,1.9362319864429003,1
0.45498146618698204,-0.29373432878749284,-0.0016212057256116126,-0.8987155176298208,1
0.5481942126684325,1.0400838209694858,0.2343012329268912,-0.5828006514470733,1
1.6085781473553133,-1.3114176693184891,1.721373636562347,1.4131598309599904,1
-0.5534594876361895,1.2280128259501706,0.653634341628599,-0.815852601909756,1
0.5362757889771018,1.0042499005282537,0.5375757226140607,0.5886738195453445,1
0.5649155832204484,-0.3056789689345703,0.7727371211418786,0.7595785832179786,1
-2.0327671207272973,2.3723093520401872,1.3393314939702292,1.8088302535233007,1
-0.6665955692434462,-0.6178322314448602,0.5455666439232587,0.14017828821049308,1
0.18904051964162302,1.3132179256659895,-0.690743038628327,0.14846457978249958,1
-0.5854791333740924,0.7271342491160574,-1.3326803838005414,0.9097676179605961,1
1.412368873750275,-1.4467902576520333,1.0550830074001971,1.3416905661514344,1
-2.0123101248391935,-1.3870670569166461,0.9919166770513013,1.9528045695869136,1
0.3124940426533148,0.6068915383021446,0.5737251285366217,0.47266573753725366,1
1.481922659769831,-1.3615851579362142,1.7525762816744528,1.5353826316470862,1
-1.3196184553758965,1.6062597639409555,1.3115535294192087,1.4204103360854963,1
0.05402434678013341,-0.32479039316989416,-0.06478753607450806,-0.6252678957536066,1
1.6537614252299098,-1.3655667046519069,0.9500594701935987,1.9590192882659179,1
-3.2381288958385714,-1.3894559849460615,1.9466415134692536,1.5208816213960747,1
-1.5017746622404102,-1.3440663523871674,0.9595724717521674,1.8544048571693361,1
0.40855297986702377,-0.5461643905623956,0.004467115271872213,-0.8293178257142665,1
1.513764418586968,1.9630063496670014,1.4744161161019045,1.218431979017838,1
-0.7044854833666311,0.7629681695572896,0.4154287826020391,-0.6760214316321463,1
0.2712242770355736,-0.3136420623659552,-1.124155389636716,-0.8013515916587446,0
0.43737066103113537,0.019215243065935566,-0.39660103043738354,-0.8054947374447478,0
0.5681175477942388,-0.04050795766945154,-1.3886168329649253,-0.6387331195581172,0
0.17729998287105925,-0.5326271317290413,0.10226077129395798,-0.6584130620416325,1
0.5746993638625856,-0.3948656153660816,-0.38290230819304466,-0.3331761178403777,1
0.6396280899422213,1.2304017539795862,0.664288903374196,-0.930824897471346,1
0.6508349659504873,1.3012732855189122,0.251044115669972,-0.8344967579467706,1
0.42242815968678116,0.04867868876205995,-0.6972118796881538,-0.7526696286732064,0
-0.48283838009203667,0.6889114006454097,-0.6793274367580447,-0.7215960352781821,1
-0.028337297534583108,-0.7181672086803105,-1.1717203974295596,-1.0582266303909458,1
0.4044615806894026,-0.4689223842779616,0.6049277736487273,0.7222902711439491,1
0.4686787590859745,-0.4052176368268821,0.8583541351689968,0.3545860826361611,1
-1.1851359432767048,-1.3376958776420593,0.8686281768522508,2.0066654648049553,1
0.22781986836863874,-0.27780814192472286,-1.370732390034816,-0.7847790085147316,0
-0.15534855896159824,-0.3056789689345703,0.06154512462328429,-1.0675487084094533,1
-0.4566890027394166,0.866488384165294,0.2468583949842018,-0.6149100312885984,1
1.4490135794280972,-1.3122139786616276,1.9116336677337207,1.916552043959385,1
0.3599898504978709,-0.5899614044350128,-1.2866374562570693,-0.7019160927946666,0
0.1748095659803327,-0.2770118325815844,-1.386333712590869,-1.0054015216194043,0
1.7186901513095456,-1.3146029066910432,1.0440479255922572,1.4090166851739874,1
-0.6984373280605822,-0.5525348653075036,0.2354427931139195,0.5648507312758257,1
0.14154471179706696,-0.9729861984846288,-0.17133315353047715,-0.93600382970385,1
-0.2353976733063552,-0.4928116645721165,-0.4966778068335259,-0.8945723718438177,1
-2.2505007117450364,-1.3345106402695055,1.6528800253406528,1.2277540570363452,1
0.05864940672005254,0.7191711556846724,-0.8867108707348418,0.5358487107738031,1
-1.178376240287592,2.178806181657533,1.0345349240336885,1.051670361131207,1
1.4169939336901953,1.4605351541466112,0.883468459283618,1.0350977779871942,1
0.6035170450266981,1.001860972498838,-1.0004863693753232,0.04902908091842176,1
0.6654216934533105,0.07017904102679927,-0.43541407679634364,-0.6397689060046179,0
0.5373431105016986,0.05106761679147553,0.7354461550322893,0.3017609738646197,1
0.614723921034964,-0.6433141304252921,-1.0994215855844376,-0.10633888605669997,1
0.636248238447665,0.8633031467927401,0.6490681008804858,0.22925592260956298,1
0.5971131158791173,-0.577220454944797,-0.9662395637644761,-0.3735717892539093,1
-0.0030773547857938636,-0.36938371638564976,-0.4688998422825055,-0.6149100312885984,0
0.6641764850079467,-0.4705150029642386,-1.0450072166694246,-0.5890153701260782,0
0.5368094497394007,-0.05882307256163695,-0.6671507947630768,-0.9795068604568841,0
0.6444310368029075,-0.567664742827135,0.7304993942218337,0.7523280780924728,1
1.6639009797135789,-1.4491791856814484,1.1795130677862753,1.4566628617130244,1
1.6622999974266832,1.9542469468924775,1.9200051091052617,1.4980943195730572,1
-0.4308953992283285,-0.06439723796360644,0.46641847095596733,-0.9650058502058728,1
0.5368094497394007,-0.15676912176767183,-1.0998021056467802,-1.045797193032936,0
-0.30406202472207927,-0.5668684334839965,-0.9445499202109394,-0.9681132095453752,1
0.6583062166226649,-0.5023673766897784,-0.4818375244021587,-0.7920295136402373,0
0.2461422212075493,-0.13049091344410135,-0.06745117651090703,-0.4108601013279386,1
0.17854519131642202,-0.6226100875036911,-0.9966811687518957,-1.0582266303909458,0
0.5825263883762951,0.050271307448336904,-0.3147892170336927,-1.0054015216194043,0
1.5737123108851527,2.0967863193142686,1.4306563089324882,1.914480471066383,1
-0.6680186646095749,1.1340483234598282,-1.3859531925285262,-0.666699353613639,1
0.03641354162428672,0.015233696350243036,-0.304134655288096,-0.6874150825436552,0
0.25219037651359816,-0.9013183576021643,-0.49629728677118323,-0.5620849225170571,1
-0.49457891686260147,1.208105092371708,0.6677135839352802,-0.6231963228606049,1
0.28687832606299263,-0.20454768235598134,-0.6256741079677172,-0.969148995991876,0
-2.093248673787781,-1.3910486036323386,1.689029431263214,1.815044972202305,1
0.2566375495327513,-0.7038336405038177,-1.137854111881055,-0.9018228769693232,1
-0.3850005736706671,-0.6679997200625853,-0.8444731438147969,-0.738168618422195,1
-2.616414107760959,1.4597388448034727,1.4755576762889326,1.777756660128276,1
0.4471544416732725,-0.5716462895428275,-1.083439742966042,-0.9380754025968517,0
1.6879157140170054,1.3347182779307292,1.59427993573987,1.0951733918842412,1
-0.7142692640087672,-0.5891650950918743,-1.3159375010574605,0.44780686282123416,1
1.471605218365396,-1.3862707475735074,1.4120108258776938,1.9973433867864485,1
1.4248209582039049,-1.3775113447989842,1.6346150623482012,1.7145736868917265,1
0.05206759065170578,-0.34469812674835654,-0.7017781204362666,-0.8469261953047802,0
0.6499455313466574,0.9118780167241882,0.17037386245330996,-0.6894866554366569,1
-1.3082336924468645,-1.4571422791128337,1.6098812582959225,1.7342536293752417,1
0.6003150804529077,-0.6608329359743389,-1.345618065920195,-0.6335541873256131,0
-0.4029671526680457,0.9795643108909604,0.21223106931101193,-0.9846857926893882,1
-0.5692914235843745,0.7104117529101489,0.3937391390485022,-0.6180173906281009,1
-2.7382666484857556,-1.438827164220648,1.170761106352392,1.9714487256239281,1
-0.5056079059501014,1.2407537754403868,-0.7048222809350085,-1.0364751150144287,1
-0.14431956987409833,-0.8280578980334229,-0.4201932743026338,-0.8634987784487932,1
-0.5009828460101823,0.8855998084006177,0.5843796902822187,-0.776492716942725,1
1.7330989918916018,1.434256945823041,1.920766149229947,1.7694703685562696,1
-0.27293181358800717,-0.8208911139451762,-0.7025391605609522,-0.8438188359652778,1
-0.688653547418445,-0.5979244978663978,0.29746756327578766,-0.6770572180786472,1
-0.412217272547885,1.2598651996757102,-0.8855693105478135,-0.9846857926893882,1
0.04619732226642388,0.645910696115931,0.46946263145470923,-0.7412759777616975,1
-0.6632157177488888,-0.5079415420917479,0.8655840163535089,0.6508210063353933,1
0.08195259334041516,-0.9825419106022907,-0.8981264726051243,-0.33835505007288175,1
-2.919355533825673,-1.453160732397141,1.8617855395668212,1.602708750669639,1
-1.5156498420601676,-1.3830855102009536,1.363684777960165,1.9900928816609427,1
-2.894451364918415,-1.3990116970637234,0.8747164978497347,1.625496052492657,1
-2.712295158053901,2.3587720932068335,0.9428295890090866,1.5074163975915644,1
-0.37379369766240117,-0.556516412023196,-1.3509453467929935,-0.8966439447368192,1
0.09529411239787465,-0.44503310398380685,-0.39051270943989946,-0.6294110415396098,0
1.6340159770248694,1.5401660884604607,1.7190905161882912,1.7560051447517588,1
0.3201431802462584,0.031956192556151494,-0.2866307324203296,-0.8344967579467706,0
0.23155549370472703,-0.006266655914496287,-0.3623542248265361,-1.0095446674054076,0
0.08462089715190665,-0.4482183413563608,-1.3368661044863117,-0.9815784333498858,0
0.6084978788081492,-0.27940076061099994,-1.1960736814194954,-1.0799781457674629,0
0.6456762452482702,-0.5604979587388885,-0.9533018816448225,-0.6159458177350993,0
0.6115219564611737,0.04867868876205995,-1.2409750487759394,-1.0861928644464678,0
0.03961550619807712,-0.40442132748374365,-0.9833629665698995,-0.8769640022533038,0
0.4165578913014993,1.0528247704597018,0.7993735255058712,0.9128749773000984,1
0.39699033001722495,-0.2451594588560447,0.0760048869923085,-0.1115178182892041,1
-0.6486289902460666,-0.3112531343365396,0.6502096610675141,-1.0033299487264027,1
-0.7181827762656224,1.2319943726658633,-1.0647942599112474,-0.9546479857408647,1
-0.09166504132732421,-1.0151905936709689,-1.1070319868312923,-0.8458904088582795,1
-2.1384319516623767,-1.338492186985198,1.9344648714742858,1.1614637244602932,1
-0.060890604034784995,-0.38929144996411214,-0.6378507499626851,-1.0861928644464678,1
-0.7333031645307436,-0.15358388439511764,0.7251721133490353,-0.7350612590826926,1
-0.03331813131603518,-0.0659898566498834,-0.5457648948757402,-0.6211247499676034,0
-1.1693040073285197,-1.3647703953087682,1.3633042578978223,1.8896215963503633,1
-1.8257067449555264,-1.4579385884559721,1.416196546563464,1.0019526116991684,1
-0.08792941599123591,-0.6544624612292309,-1.3870947527155546,-0.33214033139387694,1
-0.6685523253718728,-0.2491410055717371,-0.7599976899747071,0.833119420919536,1
-0.9517483032315466,-1.4037895531225546,1.0033322789215835,1.3655136544209532,1
-1.2982720248839614,2.010784910255311,0.9671828729990225,1.4245534818714993,1
1.7055265191728521,-1.3783076541421226,0.9180957849568079,1.777756660128276,1
0.37831220333678145,-0.18941780483634998,-0.996300648689553,-0.5973016616980846,0
-0.26332591986663695,-0.5437754625329803,-0.057557654889995945,-1.0634055626234498,1
0.30182082740734784,-0.16791745257161053,-1.4110675166431474,-0.9411827619363541,0
0.26232993099726726,-0.5334234410721798,-1.0891475439011833,-0.749562269333704,0
-0.6073592246283253,0.09645724935036946,0.3149714861435538,0.673608308158411,1
0.652080174395851,0.0916793932915386,-1.3977493144611515,-0.6345899737721139,0
-0.041856703512809575,0.6857261632728557,-1.127199550135458,0.20646862078654507,1
0.24543067352448544,-0.0930643743165922,0.44548986752711633,0.7316123491624563,1
1.4479462579035005,1.7870219848333941,1.1384169010532588,1.0019526116991684,1
0.12873685350190636,-0.41238442091512856,-0.3003294546646685,-0.826210466374764,0
-0.2709750574595805,-0.049267360443974936,-1.2835932957583271,-0.2523847750133144,1
0.6090315395704481,-0.5716462895428275,-0.9647174835151051,-0.40775274198843614,1
0.23475745827851743,-1.034302017906293,-1.3220258220549448,-0.6542699162556294,1
-0.22792642263417762,-0.4091991835425745,-0.20481891901663873,-0.9339322568108483,1
-0.7285002176700576,1.0153982313321925,0.23468175298923416,-0.7298823268501885,1
-0.25265270462066897,-0.26904873915019945,-1.3166985411821464,-0.23995533765530475,1
0.5288045383049251,1.019379778047885,0.5330094818659481,-0.8686777106812972,1
0.5311170682748847,-0.6305731809350761,-0.20139423845555415,-0.573478573428566,1
0.657594668939601,0.04071559533067489,-0.7683691313462474,-0.18920180177676496,1
1.7306085750008764,1.798170315637333,1.9687116770851327,1.760148290537762,1
1.4934853096196288,1.8586898257158584,0.9104853837099534,1.5623130792561075,1
0.12037616822589793,-1.0398761833082624,-0.5316856525690588,-0.716417103045678,1
-0.5148580258299397,1.1905862868226613,-0.5099960090155221,-0.6397689060046179,1
-0.37237060229627245,0.03115988321301316,-0.8166951792637764,-0.7133097437061755,1
1.5523658803932168,-1.4539570417402796,1.824494573457232,1.8430112062578272,1
-0.1688679649398237,-0.9052999043178568,-0.6720975555735323,-0.9225386058993396,1
-0.25460946074909657,-0.5788130736310739,-0.5887636619204708,-0.6066237397165919,1
-0.5418968377863906,0.9429340811065896,-1.2698945735139882,0.4695583781977511,1
1.5861643953387814,1.5035358586760899,1.533777245827373,1.218431979017838,1
1.6934302085607553,2.494940990883516,1.6380397429092857,1.3075096134169077,1
-2.635092234441402,1.370552198371961,1.6011292968620392,1.8585480029553394,1
-0.6178545529535273,-0.17826947403241117,0.11786209385001048,0.48923832068126666,1
-0.07725620074526791,-0.640128893052738,-0.5948519829179546,-0.5061524544060132,1
0.6440752629613745,-0.36301324164054183,-0.9167719556599188,-0.19334494756276813,1
0.4983858748539169,-0.02697069883609699,-0.5495700954991678,-0.8241388934817624,0
0.5960457943545205,-0.45379250675833027,-0.8319159817574863,-1.0188667454239149,0
1.4330037565591462,2.13819440515747,1.6490748247172256,2.0066654648049553,1
0.5448143611738762,-0.9761714358571828,-0.7280340047379161,-0.6553057027021302,1
0.5606462971220612,-0.5214788009251022,-0.5457648948757402,-0.9743279282243801,0
-0.26385958062893483,-0.2491410055717371,-1.1899853604220112,-0.21095331715328192,1
0.4781067658865787,0.016030005693381654,-1.0469098169811384,-0.8386399037327738,0
0.19633388339303467,-0.5979244978663978,-0.9125862349741486,-1.0447614065864352,0
0.1136164652367852,1.2463279408423562,0.8031787261292984,-0.6439120517906212,1
0.042283810009568615,-0.580405692317351,-0.404972471808924,-0.6604846349346342,0
-0.08099182608135722,-0.30169742221887774,-0.2687462894902205,-0.8344967579467706,1
0.14101105103476907,-0.011044511973327153,-0.28548917223330134,-0.9070018092018273,0
-0.3444423557359907,0.008066912261996595,-0.9513992813331089,-0.7309181132966894,1
-0.013928456952526815,-0.5374049877878723,-0.7071054013090652,-0.7205602488316812,0
-0.3620531608918374,0.008066912261996595,-0.7771210927801308,-0.3735717892539093,1
0.2308439460216632,0.6793556885277476,-0.6233909875936606,0.009669195951390841,1
-1.5965883910087555,-1.4340493081618173,1.6144474990440356,1.894800528582868,1
-0.4131067071517158,1.025750252792993,0.3701468951832522,-0.9546479857408647,1
1.4153929514032995,-1.352825755161691,1.859882939255107,1.7218241920172321,1
-0.5792530911472775,-0.39725454339549704,0.26131815735322655,-0.049370631499155444,1
0.04673098302872178,1.2829581706267266,0.6399356193842601,0.5928169653313476,1
0.02307202256682723,-0.10978687052250066,-0.5666934983045915,-0.6128384583955968,0
0.444664024782547,-0.15438019373825626,-0.6233909875936606,-0.8168883883562567,0
0.3206768410085563,-1.0558023701710324,-0.0895213401267863,-0.7723495711567219,1
0.4743711405504904,-1.0589876075435862,-1.0438656564823965,-1.0105804538519085,1
-1.0846298330438435,-1.4260862147304323,1.259422280878252,1.510523756931067,1
-0.7400628675198564,1.0599915545479481,-0.571640259115047,0.6011032569033543,1
-1.629675358271255,1.4422200392544253,1.9017401461128096,1.7435757073937492,1
0.24062772666379934,-0.7571863664940968,-0.3920347896892704,-0.8873218667183119,1
1.6089339211968452,-1.327343856181259,1.2822534846188172,1.6803927341571998,1
0.17142971448577635,0.636354983998269,0.5642121269780531,0.7865090308269994,1
0.27727243234162147,-0.22047386921875134,-1.1131203078287764,-1.0333677556749263,0
-2.847667104756924,2.4527365956971754,1.8503699376965386,1.46391336683853,1
0.23849308361460675,0.729523177145473,0.7415344760297732,-0.947397480615359,1
-0.03118348826684158,-0.37097633507192673,-0.9201966362210036,-0.6159458177350993,0
0.3164075549101701,-0.5987208072095364,-1.2443997293370241,-1.0002225893869003,0
0.3909421747111771,-0.32638301185617113,-0.13442270748323074,-0.3269613991613729,1
0.22017073077569518,1.2781803145678958,-1.0876254636518123,0.8113679055430192,1
0.24489701276218653,-0.27382659520903047,-1.2896816167558112,-0.8075663103377494,0
0.4855780165587563,-0.5135157074937173,-1.2649478127035327,-0.9266817516853426,0
0.5825263883762951,-0.7762977907294206,-0.2124293202634938,-0.7982442323192421,1
-0.17224781643438006,-0.19021411417948847,-0.2900554129814142,-1.0199025318704158,1
-0.10091516120716347,0.07097535036993789,-1.2154802045989754,-0.4502199862949694,1
1.6421987753801108,1.8252448333040416,1.0550830074001971,2.009772824144458,1
0.08355357562730986,0.12671700438963246,-0.5423402143146556,-0.9132165278808322,0
0.0035044612825529003,-0.15438019373825626,-0.7626613304111063,-0.9929720842613946,0
0.3461146706781125,-0.424329061062206,-1.0412020160459972,-0.9370396161503507,0
-3.1157426943514763,-1.40617848115197,1.2289806758908324,0.9988452523596659,1
0.5695406431603676,-0.9363559687002581,-0.7790236930918444,-0.8427830495187769,1
0.3468262183611774,1.2686246024502337,0.7807280424510762,0.38980282181718867,1
-2.3645262279561234,1.5712221528428618,1.4656641546680211,1.7673987956632677,1
1.451148222477291,1.5067210960486437,1.6045539774231241,1.625496052492657,1
-0.01730830844708419,-0.012637130659604109,-1.2291789268433142,-0.8210315341422599,0
0.4960733448839573,0.009659530948273551,0.04670484219191713,-1.0934433695719734,1
0.6602629727510925,-0.7380749422587729,0.0493684826283161,-0.8293178257142665,1
0.2009589433329538,-0.05006366978711355,-0.5575610168083655,-0.699844519901665,0
1.392089764782937,-1.3974190783774465,1.0634544487717377,1.850261711383333,1
-0.5632432682783266,1.1332520141166897,-0.8574108259344504,-0.8376041172862729,1
-1.1990111230964622,-1.3456589710734443,1.2133793533347799,1.1915015314088169,1
0.19864641336299424,-0.5246640382976563,-1.0526176179162796,-1.0281888234424221,0
0.62041630249948,-0.3502722921503259,-0.8969849124180961,-0.7961726594262405,0
-0.5957965747785274,1.2925138827443887,-0.7326002454860293,0.766829088343484,1
0.41282226596541,0.07575320642876876,-0.7242288041144889,-0.7640632795847153,0
1.6176503803143856,-1.3639740859656297,1.0676401694575077,1.394515674922976,1
-0.609315980756753,-0.26347457374822997,-0.7440158473563115,0.023134419755901473,1
1.6455786268746673,1.6835017702253894,1.7050112738816092,1.8927289556898659,1
0.14101105103476907,-0.11536103592446986,-0.740591166795227,-0.590051156572579,0
0.11681842981057561,-0.627387943562522,-1.1675346767437893,-0.4429694811694638,1
1.5754911800928135,-1.3138065973479045,1.9862155999528994,1.8409396333648254,1
-2.16262457288657,-1.4229009773578782,1.9044037865492087,1.8492259249368324,1
-0.560930738308366,0.5535388123118656,-0.8810030697997007,0.39187439471019025,1
0.5716752862095611,0.04151190467381351,-0.10778630311923831,-0.6304468279861106,1
0.27460412853012994,-0.18702887680693456,-1.3551310674787636,-0.7070950250271707,0
0.5391219797093603,-0.09624961168914611,-1.3113712603093477,-0.8231031070352615,0
1.6671029442873693,2.1453611892457167,1.0436674055299149,1.2215393383573403,1
-0.5917051756009062,-0.6496846051703998,0.15781670039599938,0.5959243246708502,1
0.1390542949063414,1.310828997636574,0.7754007615782776,0.9719148047506446,1
-2.0050167610877816,1.8085223370981331,1.9542519147161086,1.2754002335753825,1
-0.44708310901804543,-0.2133070851305049,-0.8037574971441229,-0.016225465211129445,1
-0.656633901680543,1.1173258272539197,0.40401318073175674,-0.7464549099942015,1
-0.7388176590744926,0.08849415591898468,0.8545489345455696,0.39705332694269435,1
-0.01766408228861612,-1.0573949888573093,-1.2090113635391486,-0.5817648650005726,1
1.4703600099200331,-1.3297327842106743,1.2746430833719622,1.4494123565875188,1
0.47472691439202236,0.7247453210866418,0.8085060070020968,0.09978261679696154,1
1.6601653543774895,1.6094450013135093,1.5813422536202164,1.1241754123862642,1
-0.5561277914476809,0.6944855660473791,-0.681991077194444,-0.019332824550631813,1
0.6266423447262948,-0.640128893052738,-1.1024657460831795,-0.8759282158068029,0
0.18299236433557517,-0.042100576355728496,-0.6367091897756568,-0.738168618422195,0
0.6104546349365768,0.100438796066062,0.15020629914914432,0.640463141870385,1
0.0120430334793273,-0.16951007125788775,-0.7227067238651179,-1.0333677556749263,0
-0.1551706720408323,-0.45697774413088416,-0.28054241142284553,-0.14777034391673247,1
0.311604608049484,-0.49520059260153193,-0.36958410601104846,-0.8417472630722763,0
0.1216213766712607,1.0512321517734249,0.25903503697917,0.9719148047506446,1
0.6084978788081492,-0.11297210789505457,0.8294346104309478,0.9698432318576431,1
0.4467986678317406,-0.38929144996411214,-0.7447768874809971,-0.5890153701260782,0
1.647179609161563,-1.33212171224009,1.0889492929487017,1.5643846521491092,1
-0.726009800779332,1.0114166846165,-0.3212580580935195,0.6446062876563882,1
-0.5849454726117935,-0.3542538388660184,0.4500561082752289,-0.03486962124814402,1
-0.5276658841251013,0.866488384165294,0.634988858573804,-0.5828006514470733,1
-0.003966789389624699,-0.6186285407879987,-0.3790971075696172,-0.6055879532700912,0
-0.5113002874146173,-0.0866938995714841,0.834000851179061,-0.7972084458727412,1
-2.5162637713696294,1.6197970227743101,1.9690921971474757,1.8585480029553394,1
0.46085173457226497,-0.5222751102682408,-0.8596939463085067,-0.1601997812747423,1
-0.3220286037194589,-0.2841786166698308,-0.2051994390789817,-0.8334609715002695,1
1.732387444208537,1.7503917550490233,1.1426026217390288,1.3530842170629431,1
-0.008413962408777863,0.11955022030138603,-1.2489659700851372,-1.095514942464975,0
0.4062404498970632,-0.4689223842779616,-1.0571838586643927,-0.6200889635211025,0
1.6393525846478534,-1.4189194306421857,1.2065299922126107,1.8461185655973298,1
-2.2601066054664076,-1.3846781288872305,1.6806579898916734,1.085851313865734,1
-0.5975754439861881,1.005046209871392,-0.7965276159596107,-0.7039876656876682,1
0.023605683329125122,-0.3765505004738962,-0.9346563985900281,-0.5444765529265433,1
0.05598110290856004,-0.0014887998556651378,-1.154216474561793,-0.8779997886998047,0
1.476941825988379,-1.330529093553813,1.4009757440697546,1.4556270752665237,1
1.7314980096047061,-1.4221046680147398,1.636137142597572,1.025775699968687,1
0.18957418040392193,-1.0000607161513377,-1.2634257324541613,-0.4647209965459808,1
0.47899620049040953,0.8386175571554466,0.12547249509686553,0.061458518276431416,1
-2.9643609247795024,-1.3544183738479678,1.6399423432209992,1.1697500160322996,1
0.11717420365210754,-0.577220454944797,-1.3779622712193282,-0.2513489885668136,1
-0.09806897047490501,-0.1766768553461342,-1.1899853604220112,-1.01265202674491,1
-0.6633936046696558,-0.15915804979708711,0.7495253973389712,0.6694651623724078,1
-1.2959594949140019,-1.4356419268480942,1.5018135605905822,1.9331246271033977,1
-3.0278665554930098,2.178806181657533,1.3138366497932652,1.9952718138934464,1
-0.07476578385454238,-0.6042949726115058,-1.0811566225919855,-0.3021025244453534,1
-0.011438040061801286,-0.7444454170038809,-1.1625879159333334,-0.8676419242347966,1
-0.4223568270315541,-0.15756543111081017,0.12242833459812362,-0.6594488484881333,1
0.47170283673899793,0.005677984232581304,0.6513512212545425,-0.05144220439215702,1
-0.6571675624428409,0.7988020899985219,-1.0914306642752398,0.5783159550803365,1
0.10792408377226928,1.0042499005282537,-1.2736997741374156,0.5130614089507852,1
-0.5548825830023182,0.9700085987732984,-0.90725895410135,0.11014048126196962,1
0.44235149481258745,-0.2905490914149388,-1.166393116556761,-0.9836500062428873,0
0.01702386726077836,-1.0510245141122012,-0.20025267826852589,-0.6656635671671383,1
-0.5550604699230841,0.9811569295772373,-0.36768150569933455,0.06560166406243476,1
0.4786404266488776,0.0677901129973837,-1.2451607694617097,-0.1032315267171976,1
0.15506411777529341,-0.47529285902306956,-1.127199550135458,-0.6345899737721139,0
-0.017486195367850156,-0.9427264434453659,-0.7919613752114979,-0.2979593786593501,1
-0.43409736380211783,-0.49121904588583953,0.31154680558246894,0.08942475233195328,1
0.5060350124468604,-0.5899614044350128,-0.9163914355975761,-0.1270546149867163,1
-1.2393914541103734,2.2257884329027045,1.3241106914765193,1.8140091857558045,1
0.1491938493900105,-0.5796093829742124,-1.295769937753295,-0.7909937271937364,0
0.6116998433819396,-0.3606243136111264,-0.66068195370325,-0.8769640022533038,0
0.2247957907156143,-0.2786044512678615,-1.027883813864001,-0.8531409139837851,0
1.4525713178434205,1.5146841894800287,1.6193942598544913,1.3914083155834733,1
-3.1900994272317176,2.01635907565728,0.9375023081362882,1.4576986481595253,1
-0.6052245815791317,-0.5071452327486093,0.4161898227267244,-0.9183954601133362,1
-0.8295399886652175,2.35001269043231,1.3926043026982136,1.3002591082914021,1
-0.16281980963377485,-0.2435668401697676,-0.43351147648463,-0.37150021636090774,1
1.6713722303857554,2.049007758725959,1.7940529684698123,1.2888654573798932,1
1.4360278342121706,-1.4101600278676625,1.455390112984767,1.6482833543156747,1
-0.7398849805990894,1.2566799623031564,-0.6176831866585195,-0.7350612590826926,1
-0.6381336619208655,0.5806133299785744,0.24990255548294427,-0.9007870905228224,1
0.6568831212565361,0.031956192556151494,-1.317079061244489,-0.08562315712668381,1
0.3053785658226702,-0.18145471140496508,-0.23449948387937306,-0.7039876656876682,1
0.013466128845456029,-0.16712114322847219,-0.17666043440327564,-0.7650990660312161,1
0.4935829279932318,-0.8750401492785941,-0.6701949552618187,-0.5092598137455157,1
1.7249161935363604,-1.3337143309263668,1.9432168329081692,1.3292611287934248,1
0.017201754181545334,-0.24675207754232165,-1.347140146169566,-0.8562482733232875,0
0.43541390490270876,-0.19021411417948847,0.7396318757180596,0.9522348622671295,1
0.6383828814968586,-0.5939429511507053,-1.3947051539624093,-0.7360970455291934,0
0.19740120491763147,0.9962868070968686,0.7677903603314231,0.3504429368501579,1
0.17925673899948588,-0.6369436556801841,-0.9601512427669919,-0.8603914191092908,0
-2.8768405597625684,2.4184952939422204,1.5440512875106271,1.008167330378173,1
1.4314027742722515,1.9303576665983229,0.923042545767264,1.7539335718587576,1
-0.002721580944260923,0.1068092708111701,-1.1656320764320753,-0.6190531770746017,0
0.10632310148537458,-0.14800971899314816,-1.2501075302721656,-0.7070950250271707,0
-0.13186748542046967,-0.03573010161062039,-0.06364597588747978,-0.7588843473522113,1
-2.733107927783538,-1.3472515897597215,1.5037161609022958,1.6379254898506663,1
0.1248233412450511,-0.03732272029689763,-1.0103798909962347,-1.045797193032936,0
1.6277899347980547,1.6452789217547419,0.9082022633358968,1.2267182705898443,1
0.385961340929725,0.027178336497320627,-0.37224774644744774,-0.832425185053769,0
-1.1589865659240837,-1.4555496604265565,1.3047041682970395,0.9978094659131649,1
-0.014995778477123616,0.8402101758417237,0.12395041484749485,-0.7350612590826926,1
1.6925407739569245,-1.4444013296226177,2.0025779626336373,1.5467762825585951,1
-0.48212683240897286,0.5686686898314971,-0.6679118348877622,-0.997115230047398,1
0.4935829279932318,-0.5947392604938437,-1.2006399221676083,-0.69362980122266,0
1.6642567535551107,-1.4069747904951084,1.0455700058416284,1.2588276504313693,1
-0.25283059154143495,-0.23321481870896726,-0.4449270783549123,-0.24824162922731124,1
-0.204445349093049,-0.6783517415233858,-0.7261314044262025,-0.6397689060046179,1
0.6350030300023022,-0.0540452165028058,-1.3010972186260934,-0.5672638547495611,1
-0.6863410174484854,-0.2642708830913684,0.4024911004823855,-1.0447614065864352,1
0.26908963398638,-0.6679997200625853,-0.14964350997694056,-0.8075663103377494,1
0.05473589446319727,-0.23321481870896726,-0.3509386229562538,-0.678093004525148,0
0.4896694157363765,-0.4091991835425745,-0.8924186716699829,-0.7319538997431903,0
0.5183092099797232,-0.5421828438467031,-0.6081701850999508,-0.9660416366523736,0
-0.12368468706522719,-1.0175795217003845,-0.47536868334233223,-0.9225386058993396,1
0.23689210132771105,-0.2491410055717371,-0.6389923101497135,-0.9650058502058728,0
0.5795023107232706,-0.9045035949747183,-0.6534520725187379,-0.3735717892539093,1
-0.45206394279949746,0.876044096282956,-0.767608091221562,0.29761782807861653,1
0.22621888608174406,0.8123393488318764,0.2575129567297988,-0.6812003638646504,1
0.4722364975012968,-0.32877193988558656,-0.7242288041144889,-0.8945723718438177,0
-0.6742447068363887,0.5471683375667575,-1.0465292969187956,-0.9712205688848777,1
0.6115219564611737,-0.39406930602294316,-0.9719473646996172,-0.8603914191092908,0
1.6039530874153942,1.3721448170582382,1.2365910771376873,1.9818065900889357,1
0.19900218720452617,-0.9618378676806899,-0.355124343642024,-0.6397689060046179,1
-0.26990773593498374,0.04708607007578299,-0.4708024425942191,-0.28760151419434205,1
1.4319364350345494,2.4750332573050535,1.9268544702274308,1.2805791658078864,1
0.5812811799309323,-0.04448950438514407,-0.7923418952738406,-1.0665129219629523,0
0.38311515019746756,-0.6082765193271982,-1.1515528341253938,-1.0033299487264027,0
-0.6818938444293323,0.09247570263467722,0.10758805216675646,-1.0302603963354238,1
0.3589225289732741,-0.8933552641707793,0.023873638451351972,-0.7858147949612324,1
0.4469765547525066,-0.038915338983174584,-0.3208775380311768,-0.20784595781377954,1
-0.17278147719667797,-0.9658194143963823,-0.41752963386623454,-0.7568127744592097,1
-2.1642255551734655,2.1668615415104555,1.2339274367012885,1.7767208736817752,1
1.4516818832395897,-1.317788144063597,1.3792861005162176,2.002522319018952,1
-1.0100952132428356,1.7535769924215772,1.7632308434200497,1.4908438144475513,1
0.46974608061057127,-0.9570600116218589,-0.04385893264565707,-0.8220673205887608,1
-1.738008493017826,-1.3289364748675359,1.348463975466455,1.2422550672873565,1
-0.17509400716663753,-0.493607973915255,-1.3897583931519535,-1.0437256201399345,1
1.6928965477984574,-1.3249549281518433,0.8983087417149852,1.4494123565875188,1
-0.167266982652928,-0.27143766717961487,-0.48526220496324357,-1.0468329794794369,1
-0.5865464548986892,-0.036526410953759005,-1.1838970394245274,0.1712518816055175,1
0.43968319100109593,-0.45140357872891484,0.8530268542961983,0.06353009116943299,1
0.481842391222667,0.039122976644397935,-0.5891441819828135,-0.8510693410907836,0
-0.6048688077375998,0.6307808185962995,0.35112089206611485,-1.0271530369959214,1
1.626544726352692,1.945487544117954,0.9333165874505179,1.0682429442752202,1
-2.4015267074754783,-1.4396234735637867,1.311173009356866,1.5136311162705691,1
-0.6239027082595752,-0.013433440002742728,-1.1907464005466968,0.5379202836668047,1
0.24329603047529183,-0.1615469778265027,-0.8208808999495466,-0.8925007989508159,0
-0.5635990421198586,0.9819532389203757,-0.5267388917586029,0.7709722341294875,1
0.43541390490270876,-0.868669674533486,0.04670484219191713,-0.5869437972330765,1
-0.20764731366683942,-0.493607973915255,-0.7679886112839047,-0.08148001134068046,1
1.5870538299426122,1.5178694268525827,1.2761651636213334,1.4991301060195577,1
1.4772975998299118,-1.4244935960441554,1.7141437553778351,1.541597350326091,1
-0.5598634167837703,-0.28816016338552336,0.7590383988975398,-0.8365683308397721,1
-0.481237397805142,-0.3128457530228167,0.8199216088723792,0.3183335570086327,1
-0.5534594876361895,-0.12173151066957796,0.5664952473521097,0.6187116264938679,1
-0.7235193838886065,0.8728588589104018,-0.6150195462221203,-0.7350612590826926,1
0.6426521675952458,-0.6735738854645548,-1.3159375010574605,-0.08873051646618618,1
0.3704851788230719,0.8871924270868949,0.5002847565044718,0.854870936296053,1
0.03232214244666549,-0.22525172527758233,-1.3943246339000666,-0.864534564895294,0
1.497932482638782,2.420087912628497,0.9774569146822765,1.058920866256713,1
0.08639976635956832,-0.13686138818920945,-1.3433349455461383,-0.6967371605621626,0
0.024317231012189994,-0.07554556876754512,-0.5172258902000342,-0.8510693410907836,0
0.3345520208283147,-0.2459557681991832,-1.35322846716705,-0.9681132095453752,0
0.10899140529686607,-0.7762977907294206,-0.024071889403833827,-1.0478687659259376,1
0.6652438065325436,-0.2164923225030588,-1.3832895520921267,-0.814816815463255,0
0.19010784116621984,-0.5477570092486727,-0.9190550760339753,-1.0209383183169165,0
-0.7092884302273161,0.12114283898766298,0.24305319436077455,0.061458518276431416,1
-0.48461724929969835,-0.3829209752190042,0.8389476119895165,0.10910469481546883,1
0.604584366551295,-0.49599690194467044,-0.9125862349741486,-0.8748924293603021,0
-2.262241248515601,-1.396622769034308,1.9302791507885158,1.3717283730999579,1
-0.6431144957023166,0.8712662402241249,0.5451861238609157,-0.7091665979201723,1
0.48895786805331265,-0.9968754787787837,-0.49896092720758245,-0.11462517762870647,1
1.5984385928716442,-1.4093637185245238,0.9698465134354215,1.3354758474724295,1
0.5188428707420221,-0.022989152120404744,-1.1644905162450474,-0.6335541873256131,0
0.32850386552226685,-0.493607973915255,-0.44873227897833984,-0.6490909840231253,0
1.6172946064728537,2.3149750793342156,1.5596526100666797,1.0009168252526675,1
0.6634649373248829,0.04310452336009046,-0.592949382606241,-0.6749856451856455,0
0.07074571733214927,0.004085365546304348,-0.5594636171200791,-0.7557769880127089,0
1.4306912265891867,-1.3122139786616276,1.8617855395668212,1.3810504511184654,1
-0.6658840215603813,0.614058322390391,-0.7333612856107146,-0.8821429344858078,1
0.35411958211258904,-0.01661867737529664,-1.1157839482651757,-0.9536121992943637,0
-0.09397757129728378,-0.6265916342193836,-0.11273306392969386,-0.716417103045678,1
0.20914174168819524,-0.7444454170038809,-0.22194232182206247,-0.749562269333704,1
0.43470235721964384,-0.6361473463370455,-0.3334347000884874,-1.0219741047634172,0
-0.7073316740988885,-0.511126779464302,0.734304594845261,0.44884264926773493,1
0.3092920780795244,-0.35664276689543384,-0.002762765912639897,-0.9567195586338663,1
0.5873293352369802,-0.13208353213037832,0.06991656599482468,-0.0700863604291716,1
-2.503989573836767,-1.3671593233381838,0.964899752624966,1.151105859995285,1
0.3404222892135966,-0.3821246658758657,-1.0560422984773643,-0.5921227294655806,0
-0.40278926574727975,1.1881973587932457,-1.2257542462822297,-0.003796027853119605,1
1.6822233325524893,1.9343392133140151,1.6612514667121931,1.5333110587540846,1
0.5561991241029081,-0.1464171003068712,-0.7527678087901949,-0.9784710740103832,0
-0.7222741754432437,-0.6281842529056606,0.5744861686613071,-0.6967371605621626,1
0.5855504660293195,0.08690153723270773,-0.39622051037504064,-0.6584130620416325,0
-0.592950384046269,-0.4052176368268821,0.10644649197972818,-0.7588843473522113,1
0.5515740641629889,-0.21012184775795084,-0.9806993261335003,-0.8935365853973168,0
0.4692124198482724,-0.5143120168368558,-0.9316122380912859,-0.7796000762822274,0
0.22017073077569518,-0.20136244498342742,-0.7364054461094568,-0.8873218667183119,0
0.4950060233593605,0.0741605877424918,-1.384811632341498,-0.7806358627287283,0
-0.5362044563218746,1.2941065014306654,-0.5240752513222037,0.5721012364013315,1
0.03890395851501225,-0.7213524460528644,-0.5004830074569534,-1.0261172505494207,1
0.018624849547674065,-0.35903169492484943,-0.9936370082531538,-0.6159458177350993,0
-0.6687302122926387,1.2065124736854316,-0.3924153097516134,0.6259621316193736,1
-2.409353731989188,-1.4332529988186786,1.8461842170107683,1.9134446846198825,1
0.16520367225896251,1.1149368992245041,-1.2634257324541613,0.5928169653313476,1
-0.545098802360181,-0.5103304701211633,-0.5351103331301436,0.5969601111173511,1
1.6863147317301106,2.160491066765348,1.2396352376364292,1.3582631492954473,1
0.16146804692287323,0.12353176701707856,-1.333441423925227,-0.9453259077223575,0
0.2071849855597676,-0.6377399650233225,-1.198356801793552,-0.6356257602186147,0
-0.3933612589466755,-0.35505014820915687,0.02349311838900957,-0.6128384583955968,1
0.1758768875049295,-0.4434404852975298,-0.445307598417255,-1.0002225893869003,0
0.5314728421164167,0.11955022030138603,0.21908043043318165,0.8931950348165831,1
0.16876141067428485,0.02478940846790505,-0.9384615992134554,-0.4419336947229629,1
-0.03936628662208304,-0.5843872390330435,-0.654593632705766,-0.7184886759386796,0
-0.3497789633589747,-0.7651494599254817,-1.0130435314326338,-1.072727640641957,1
1.4853025112643874,-1.3488442084459984,0.9580503915027968,1.6327465576181626,1
1.6432660969047077,-1.317788144063597,1.6505969049665963,1.052706147577708,1
-0.4833720408543356,0.7159859183121184,0.6292810576386632,-0.947397480615359,1
0.4841549211926276,-0.0659898566498834,-1.1987373218558945,-0.6200889635211025,0
-0.7309906345607831,-0.5859798577193204,0.298228603400473,0.5938527517778486,1
-0.27684532584486243,-0.09624961168914611,-0.05337193420422575,-0.7319538997431903,1
-0.37895241836461924,-0.24834469622859862,-0.8539861453733655,-1.0271530369959214,1
0.16591521994202638,-0.38929144996411214,-1.267230933077589,-0.6004090210375871,0
0.03036538631823785,-0.27143766717961487,-1.2413555688382822,-0.06905057398267081,1
0.36248026738859646,0.07017904102679927,0.5881848909056465,0.34733557751065536,1
0.386139227850491,-1.0112090469552766,-0.08153041881758885,-0.8883576531648127,1
0.5414345096793198,0.03434512058556707,-0.13252010717151683,-0.6646277807206374,1
0.5248910260480699,1.1348446328029664,0.6852175068030469,-0.8407114766257753,1
-2.3853389976857606,1.782244128774563,0.8754775379744205,0.9781295234296498,1
-0.08917462443659868,-0.8256689700040073,-0.8406679431913693,-0.6066237397165919,1
0.29328225521057344,-0.4498109600426377,-0.5773480600501885,-1.024045677656419,0
0.48682322500411906,-0.4744965496799311,-1.3026192988754643,-0.8054947374447478,0
1.6260110655903939,-1.379103963485261,1.886138823556757,1.3458337119374375,1
-2.4088200712268892,2.384253992187265,1.937128511910685,1.1272827717257663,1
1.455951169337977,1.7519843737352998,1.4919200389696712,1.1604279380137923,1
0.4585392046023044,-0.5620905774251654,-0.08419405925398782,-0.6604846349346342,1
-0.6468501210384059,-0.028563317522373947,0.5638316069157107,0.9522348622671295,1
0.26570978249182364,-0.4601629815034382,-1.228037366656286,-0.4460768405089662,1
-2.410776827355317,1.6142228573723405,1.80622961046478,1.08067238163323,1
0.44590923322790976,-0.6902963816704633,-0.26189692836805084,-0.9318606839178468,1
1.4317585481137836,-1.336899568298921,1.6479332645301972,1.2142888332318345,1
0.57220894697186,-0.8941515735139178,-0.17742147452796098,-1.0147235996379116,1
-0.003966789389624699,-0.8997257389158873,-0.18389031558778776,-0.7019160927946666,1
-0.35315881485353107,-0.8009833803667139,-0.6207273471572616,-0.7744211440497235,1
0.19277614497771134,-0.4521998880720533,-0.21128776007646552,-0.6563414891486309,1
-3.060775635834743,-1.396622769034308,1.0881882528240159,1.4887722415545497,1
1.7249161935363604,-1.3743261074264301,1.1209129781854925,1.0879228867587356,1
-0.5388727601333672,-0.5358123691015951,-0.3463723822081409,0.8279404886870317,1
-0.4730545994498995,0.06221594759541421,0.3705274152455946,0.37219445222667485,1
0.3704851788230719,1.162715459812814,0.3286702083878927,-0.7723495711567219,1
-0.5991764262730839,0.9413414624203126,0.17037386245330996,-0.7474906964407023,1
0.5311170682748847,-0.011840821316465773,0.6110160946462111,0.7575070103249766,1
-0.177940197898896,-0.5222751102682408,-0.5271194118209458,-0.359070779002898,1
0.2706906162732757,-0.6042949726115058,-1.27293873401273,-0.8407114766257753,0
-0.1859451093333715,-0.4744965496799311,-0.2173760810739496,-0.9484332670618598,1
0.5967573420375855,-0.7508158917489888,-0.14279414885477112,-0.7609559202452129,1
1.7314980096047061,-1.3329180215832286,1.8305828944547158,1.1003523241167454,1
1.5594813572238624,1.9200056451375223,0.8739554577250493,1.1697500160322996,1
0.4025048245609749,-1.0271352338180466,-0.7044417608726659,-0.6387331195581172,1
-0.05484244872873613,-0.7046299498469561,-1.2756023744491294,-1.0116162402984092,1
-2.3540308996309225,1.9598211122944469,0.9158126645827518,1.6534622865481787,1
0.21412257546964733,-0.22764065330699776,-0.6991144799998674,-1.068584494855954,0
-1.3850808422178311,-1.4444013296226177,1.1734247467887915,1.2722928742358801,1
0.51937653150432,-0.0540452165028058,-1.2253737262198867,-1.0188667454239149,0
0.18192504281097838,-0.8145206392000683,-0.10169798212175449,-1.0913717966789718,1
1.699478363866804,-1.4579385884559721,1.6448891040314553,1.0889586732052365,1
0.5277372167803284,1.0974180936754574,0.7396318757180596,0.30693990609712385,1
-0.19893085454929904,0.09964248672292365,-1.1302437106341998,-0.31971089403586717,1
1.5175000439230564,-1.4428087109363408,1.1235766186218916,1.7404683480542467,1
0.465832568353716,-0.6106654473566138,-0.6024623841648097,-0.8448546224117787,0
-0.3332354797277248,-0.31443837170909367,-1.3342024640499126,-0.6273394686466082,1
1.5262165030405968,-1.4077710998382469,1.4287537086207747,1.8005439619512937,1
-1.2664302660668245,-1.3169918347204586,1.4652836346056788,1.1076028292422513,1
-0.3019273816728867,-0.49520059260153193,-0.8387653428796557,-1.0136878131914109,1
0.40535101529323336,-0.2993084941894623,-0.9125862349741486,-0.6470194111301236,0
0.3688841965361772,0.08849415591898468,-0.15991755166019458,-0.46161363720647836,1
0.29844097591279045,-0.17428792731671863,0.3073610848966987,0.4695583781977511,1
0.3397107415305327,-0.24038160279721368,-1.16068531562162,-0.9463616941688582,0
-0.000764824815834299,-0.6863148349547707,-0.869967987991761,-0.6511625569161269,1
0.018980623389205992,-0.05006366978711355,-0.39622051037504064,-0.7858147949612324,0
0.27282525932246826,1.0663620292930562,-1.157260635060535,0.05006486736492255,1
0.3124940426533148,-0.06519354730674477,-1.3840505922168123,-0.6656635671671383,0
0.46778932448214366,-0.35505014820915687,-0.8269692209470304,-0.9815784333498858,0
-0.18985862159022676,-0.9554673929355818,-0.7501041683537957,-0.8106736696772519,1
0.26731076477871835,-0.18225102074810368,-0.9829824465075568,-1.095514942464975,0
1.567486268658338,1.7623363951961006,1.3191639306660636,1.152141646441786,1
0.6116998433819396,-0.14323186293431728,0.05735940393751409,-0.408788528434937,1
0.1822808166525103,-0.30408635024829317,-0.9723278847619599,-0.5983374481445856,0
-0.3129563707603856,-0.4012360901111896,-1.137854111881055,-0.7702779982637201,1
0.1865501027508975,-0.9005220482590259,-0.27217097005130514,-0.759920133798712,1
0.5417902835208518,-0.5549237933369191,-1.0910501442128973,-0.8458904088582795,0
0.28634466530069475,-0.2491410055717371,0.060023044373913065,-1.0219741047634172,1
0.40979818831238657,-0.23241850936582878,-0.7261314044262025,-0.44504105406246536,1
-0.6489847640875994,1.0536210798028403,0.8111696474384964,-0.7143455301526764,1
-2.375910990885156,2.2353441450203664,1.2263170354544335,1.920695189745388,1
0.16004495155674447,0.11716129227197045,-1.118067068639232,-0.710202384366673,0
0.6565273474150042,-0.5819983110036279,-0.5762064998631602,-1.0178309589774142,0
1.4064986053649933,-1.3472515897597215,1.5162733229596064,1.1200322666002607,1
-2.8112002859998677,-1.4475865669951715,1.2187066342075783,1.0060957574851717,1
-0.035097000523696846,0.9883237136654838,0.6034056933993561,0.1526077255685029,1
0.2680223124617832,-0.48405226179759314,-0.15002403003928322,-1.0105804538519085,1
-1.338474468977106,-1.4229009773578782,1.7662750039187916,1.1593921515672918,1
0.3623023804678305,-0.5955355698369823,0.09046464936133274,-0.38082229437941506,1
-2.0647867664652004,2.226584742245843,1.188645549282501,1.6161739744741497,1
-0.6882977735769131,-0.31045682499340116,0.5550796454818273,0.6601430843539006,1
1.572467102439789,2.46627385453053,1.7598061628589647,1.5125953298240684,1
-0.6322633935355836,1.2065124736854316,-1.3090881399352912,-0.7878863678542339,1
-0.38055340065151394,-0.44503310398380685,-0.8844277503607855,-0.4761146474574897,1
0.34896086141037097,-0.4617556001897152,-1.1690567569931603,-0.8168883883562567,0
0.034101011654327155,-0.3128457530228167,-1.3692103097854456,-0.9991868029403996,0
0.5341411459279082,-0.01980391474785055,-1.0754488216568443,-0.9722563553313786,0
0.1780115305541231,0.11636498292883184,-0.8707290281164464,-0.9028586634158241,0
-0.26012395529284654,-0.9132629977492417,-0.8174562193884618,-0.9339322568108483,1
-0.24784975775998386,-0.7922239775921905,-1.2870179763194118,-0.8738566429138013,1
0.14474667637085736,-0.01980391474785055,0.1734180229520519,0.5203119140762908,1
0.2614404963934364,-1.0128016656415535,-1.3574141878528203,-0.7350612590826926,1
-1.0376676859615854,-1.4412160922500636,1.6407033833456852,1.249505572412862,1
-0.7082211087027194,-0.07395295008126816,0.25332723604402857,-0.9194312465598371,1
-0.2190320765958713,-0.799390761680437,-0.4239984749260613,-0.7412759777616975,1
0.09742875544706825,-0.49520059260153193,-0.6538325925810806,-0.8044589509982469,0
1.386753157159953,-1.3074361226027966,1.3811887008279313,1.0444198560057016,1
-0.7021729533966715,0.562298215086389,-1.217763324973032,0.3566576555291627,1
-3.0182606617716385,2.0227295504023886,0.9831647156174179,1.0837797409727326,1
-0.6365326796339698,-0.12969460410096303,0.2894766419665897,0.756471223878476,1
1.7010793461536988,-1.3114176693184891,1.3416146143442857,1.5136311162705691,1
0.31231615573254884,-0.9268002565825961,-0.08419405925398782,-1.0043657351729036,1
-0.2711529443803465,-0.13686138818920945,-1.1538359544994503,-0.5910869430190798,1
-2.4963404362438237,2.133416549098639,1.4987694000918403,1.7570409311982602,1
1.6870262794131745,-1.4292714521029861,1.185601388783759,1.5281321265215806,1
0.5400114143131911,-0.1551765030813946,-1.219285405222403,-1.0385466879074303,0
0.3418453845797263,-0.44503310398380685,-0.8166951792637764,-1.0281888234424221,0
-1.1339045100960603,-1.3138065973479045,1.7575230424849082,1.883406877671359,1
0.13318402652105954,-0.6297768715919375,-0.5602246572447648,-0.4015380233094313,1
0.19971373488759103,-0.5573127213663346,-1.1652515563697328,-0.8365683308397721,0
0.5873293352369802,-0.8830032427099788,0.022351558201981286,-0.9183954601133362,1
0.5168861146135945,-0.22286279724816677,-1.0583254188514208,-0.0939094486986903,1
0.5394777535508922,-0.36301324164054183,-0.5217921309481474,-0.7081308114736715,0
-0.651475180978325,0.9970831164400071,0.18178946432359228,-0.7619917066917137,1
1.3984936939305177,-1.4451976389657564,0.9546257109417119,1.9134446846198825,1
-0.7503803089242914,0.6833372352434401,0.5729640884119365,-0.6263036822001073,1
0.22799775528940472,0.6873187819591327,0.577910849222392,-0.9318606839178468,1
1.3976042593266869,-1.319380762749874,1.8237335333325466,1.4214461225319968,1
1.482278433611363,-1.4396234735637867,1.2403962777611146,1.036133564433695,1
0.4941165887555297,-0.7388712516019114,-1.3794843514686994,-0.9442901212758564,1
1.6560739551998693,-1.4244935960441554,1.0999843747566411,1.7042158224267183,1
0.507991768575288,-0.5724425988859659,-0.30147101485169675,-0.5641564954100587,1
-1.9429342257404043,2.193936059177165,1.3473224152794268,1.675213801924696,1
0.39681244309645897,-0.4434404852975298,-0.8284913011964014,-0.6076595261630928,0
-0.00023116405353539347,-0.10660163314994646,-1.2775049747608433,-0.809637883230751,0
-0.577474221939616,0.05664178219344473,0.8526463342338554,0.7191829118044468,1
-0.11728075791764639,-0.6624255546606158,0.007891795832957068,-0.7899579407472356,1
-2.799281862308537,1.4055898094700552,1.7499126412380532,1.5219174078425757,1
0.4998089702200466,-0.4091991835425745,-1.083439742966042,-1.0654771355164514,0
-0.2761337781617975,0.12830962307590943,-1.09561638496101,-1.0074730945124062,1
-0.36489935162409487,0.00010381883061181768,-0.7131937223065492,-0.7713137847102209,1
0.3402444022928306,0.7956168526259679,-0.6800884768827301,-0.011046532978625314,1
1.630814012451079,-1.3591962299067988,1.5025746007152676,1.684535879943203,1
0.551218290321457,-0.3821246658758657,-0.6587793533915364,-0.7982442323192421,0
0.6275317793301246,-0.005470346571357668,-0.31631129728306395,-0.8790355751463055,0
-0.6977257803775183,1.0169908500184694,-0.7356444059847712,0.017955487523397342,1
-0.5625317205952617,0.7398751986062734,0.25294671598168617,-0.9867573655823897,1
1.4538165262887834,1.5736110808722774,1.181415668097989,1.1738931618183033,1
-0.7201395323940502,0.570261308517774,0.7864358433862175,-0.8686777106812972,1
-0.7108894125142108,-0.6066839006409213,0.2925208024653316,-1.0675487084094533,1
-0.45064084743336774,1.1674933158716452,-1.3612193884762476,-1.0582266303909458,1
0.22995451141783235,-0.45857036281716124,-0.48602324508792893,-0.7174528894921788,0
-1.3455899458077505,2.223399504873289,0.9538646708170265,1.3178674778819157,1
0.07679387263819713,-0.9220224005237652,-1.0899085840258689,-0.4667925694389824,1
-0.42342414855615085,-0.39008775930725065,0.21413366962272556,0.7657933018969834,1
-0.40599123032107015,0.9246189662144041,-0.3208775380311768,-0.001724454960118026,1
-0.16264192271300887,-0.08271235285579184,-0.9924954480661256,-0.6863792960971544,1
-0.0021879201819630283,-0.8822069333668405,-0.15268767047568246,-0.8593556326627899,1
-2.824541805057327,-1.325751237494982,1.3758614199551327,1.9724845120704286,1
0.524535252206538,0.012844768320827744,-0.2835865719215874,-0.8717850700207997,0
0.529871859829522,0.6905040193316866,0.549371844546686,-0.9132165278808322,1
0.28260903996460546,0.6809483072140249,-1.0963774250856957,0.09149632522495504,1
0.28830142142912135,0.11238343621313958,-1.0617500994125055,-0.6894866554366569,0
0.25930585334424283,-0.9785603638865983,-0.19035915664761452,-0.7153813165991773,1
0.10418845843618098,1.304458522891466,0.18293102451062054,0.29865361452511735,1
-0.3935391458674415,-0.6297768715919375,-0.917913515846947,-0.14259141168422834,1
0.10027494617932571,0.00010381883061181768,-0.2896748929190715,-0.9163238872203345,0
0.6458541321690362,-0.6409252023958765,-1.3429544254837957,-0.8717850700207997,0
0.4355917918234747,0.5933542794687904,0.2864324814678477,0.2043970478935435,1
-0.4467273351765135,0.9819532389203757,0.7605604791469105,-0.738168618422195,1
0.36817264885311235,0.938952534390897,0.4846834339484188,0.43123427967722117,1
-0.16050727966381528,-0.18225102074810368,-1.1123592677040908,-0.24720584278081045,1
-0.3780629837607884,-0.35345752952287995,-0.040434252084572214,-0.9494690535083605,1
0.10347691075311612,-0.8997257389158873,-1.0560422984773643,-0.0618000688571651,1
0.46885664600674043,-0.6687960294057238,-0.7938639755232115,-0.304174097338355,1
0.4914482849440382,0.004085365546304348,-1.2683724932646172,-1.002294162279902,0
0.32868175244303277,-0.5533311746506421,-0.9552044819565364,-0.8293178257142665,0
-0.5281995448873992,-0.5549237933369191,0.6574395422520263,-0.05662113662466115,1
-0.42840498233760194,1.2073087830285698,-0.3775750273202462,0.805153186864014,1
-0.2003539499154278,-0.329568249228725,-0.8018548968324093,-0.9494690535083605,1
0.15239581396380092,-0.564479505454581,-0.05793817495233835,-1.0426898336934336,1
-1.109356115030335,-1.4284751427598479,1.285678165179902,1.4825575228755448,1
1.4468789363789036,-1.442012401593202,1.1608675847314809,1.5074163975915644,1
1.658564372090595,-1.4332529988186786,1.636517662659915,1.11899648015376,1
0.3978797646210558,-0.06997140336557592,-0.6553546728304516,-0.8593556326627899,0
-3.234037496660951,-1.3870670569166461,1.23278587651426,1.249505572412862,1
0.0033265743617869356,-0.2563077896599835,-0.7333612856107146,-0.6729140722926439,0
-2.2133223453049164,1.664390345990066,1.188645549282501,1.0931018189912398,1
-0.4483283174634082,-0.17428792731671863,-0.8140315388273772,0.8414057124915426,1
0.08906807017105982,1.2757913865384802,0.4325521854074628,0.7036461151069344,1
0.4144232482523057,-0.4251253704053445,-0.10093694199706915,-0.6221605364141042,1
-0.6561002409182441,-0.5246640382976563,-0.7356444059847712,0.14121407465699387,1
-0.022822802990833144,1.3092363789502972,-0.3033736151634104,0.4871667477882649,1
0.57220894697186,0.10203141475233896,0.15933878064537005,0.7305765627159557,1
-2.141811803156933,-1.3432700430440287,1.6045539774231241,1.8937647421363673,1
0.14065527719323714,-0.17747316468927254,-0.14051102848071456,-0.6221605364141042,1
-0.21529645125978297,-0.16552852454219524,-1.1523138742500794,-0.9660416366523736,1
0.037302976228117554,0.7048375875081795,0.17151542264033826,0.09356789811795663,1
0.6143681471934321,0.05106761679147553,-1.1389956720680832,-0.1612355677212431,1
-0.6651724738773164,-0.5254603476407949,0.4439677872777451,0.25100743798607994,1
1.3881762525260828,-1.3591962299067988,1.4652836346056788,1.8336891282393197,1
0.6124113910650044,-0.45140357872891484,-0.3718672263851048,-1.0478687659259376,0
-1.7995573676029062,-1.369548251367599,0.972129633809478,1.8036513212907963,1
-2.9337643744077284,-1.4252899053872938,1.1977780307787274,1.4463049972480164,1
0.6188153202125852,0.8410064851848621,0.27235323916116594,0.8320836344730353,1
1.7065938406974488,-1.414141574583355,0.8986892617773281,1.8896215963503633,1
-0.3871352167198607,0.04867868876205995,-0.9723278847619599,-0.9681132095453752,1
-0.43196272075292425,-0.4171622769739594,0.1874972652587337,-1.0302603963354238,1
-0.36329836933720017,0.0144373870071047,-0.2029163187049251,-1.0271530369959214,1
0.42225027276601523,-0.2626782644050915,-0.6519299922693667,-0.8821429344858078,0
-0.066227211657769,-0.6042949726115058,-0.6119753857233783,-0.08976630291268696,1
1.7275844973478518,2.445569811608929,1.9142973081701202,1.5063806111450633,1
-0.6685523253718728,-0.09386068365973053,-0.7447768874809971,0.38669546247768627,1
-0.380019739889216,-0.273030285865892,-0.40953871255703683,-0.3186751075893664,1
0.6447868106444394,0.03753035795812098,-0.7371664862341422,-0.8883576531648127,0
1.518745252368419,-1.3990116970637234,0.9078217432735538,1.0982807512237438,1
1.4984661434010809,1.4095713561857475,1.4002147039450685,1.3209748372214183,1
0.19491078802690492,0.9341746783320661,-1.297672538065009,0.3587292284221644,1
-0.7151586986125981,0.5997247542138981,0.6620057830001393,-0.8624629920022925,1
-0.6402683049700592,0.8314507730672002,-1.0080967706221784,-0.9515406264013622,1
0.5599347494389973,1.0361022742537933,0.7019603895461277,-0.004831814299620579,1
0.12251081127509153,0.7757091190475055,-1.1660125964944184,0.4540215815002391,1
1.4726725398899927,-1.3942338410048924,1.5706876918746195,1.8730490132063506,1
-2.3588338464916077,1.9996365794513717,1.0859051324499598,1.861655362294842,1
-0.6333307150601805,1.0623804825773637,-1.0107604110585775,0.5203119140762908,1
-0.5808540734341723,0.9644344333713288,0.6882616673017888,-0.6128384583955968,1
0.07821696800432586,-1.026338924474908,-0.22346440207143342,-0.6884508689901562,1
0.551040403400691,-0.32479039316989416,-0.5240752513222037,-1.0437256201399345,0
1.7094400314297074,1.7225209280391758,1.8781479022475591,1.7052516088732195,1
-0.0036110155480917577,-0.4362737012092833,-0.09066290031381459,-0.1198041098612106,1
0.31889797180089563,-0.8830032427099788,-0.9327537982783142,-0.42121796579294674,1
0.6435416021990766,-0.1583617404539488,0.4690821113923663,0.1619298035870102,1
-0.5989985393523178,-0.5915540231212899,-1.0952358648986673,0.2271843497165612,1
-1.4729569810762977,-1.3042508852302428,1.928376550476802,1.074457662954225,1
0.16378057689283276,-0.08749020891462271,-0.49020896577369916,-0.7972084458727412,0
1.6430882099839417,2.324530791451878,1.0493752064650557,1.19564467719482,1
-2.1377204039793125,1.4788502690387964,1.068401209582193,1.9289814813173944,1
1.6018184443662005,-1.395030150348031,1.3446587748430279,1.129354344618768,1
-0.337326878905345,0.01841893372279723,-1.2912036970051821,-0.3984306639699288,1
-0.23130627412873397,-0.28577123535610793,-0.4749881632799893,-0.5962658752515838,1
1.4319364350345494,-1.3647703953087682,1.2213702746439774,1.9269099084243932,1
0.41993774279605567,-0.2722339765227535,-1.1713398773672168,-0.13948405234472597,1
-0.4525976035617954,1.2104940204011236,0.6973941487980146,-0.7133097437061755,1
0.2923928206067426,-0.009451893287050199,0.03300611994757825,-1.0064373080659053,1
0.4028605984025068,-0.32479039316989416,-0.36425682513825,-0.9888289384753913,0
-0.30957651926582924,-0.2889564727286618,-0.928568077592544,-0.759920133798712,1
0.2009589433329538,0.9931015697243146,0.2255492714930084,0.5327413514343007,1
-2.17685552654786,1.811707574470687,1.2727404830602485,1.5768140895071185,1
-0.6077149984698582,1.252698415587464,-0.7539093689772232,0.47266573753725366,1
0.1419004856385999,-0.09067544628717662,-0.654593632705766,-0.7029518792411674,0
0.004038122044851806,-0.12252782001271659,-0.40421143168423834,-0.969148995991876,0
-0.7276107830662267,-0.18304733009124202,0.1722764627650236,-0.019332824550631813,1
-0.6119842845682444,-0.5891650950918743,0.6601031826884253,0.9739863776436463,1
0.13709753877791378,-0.6058875912977828,-0.24819820612371193,-0.847961981751281,1
0.20682921171823568,-0.18941780483634998,-0.5465259350004259,-0.8282820392677657,0
0.3957451215718622,-0.26506719243450705,-0.37491138688384695,-0.9318606839178468,0
0.5924880559391982,0.6777630698414706,0.7263136735360636,-0.021404397443633393,1
-0.18238737091804916,-0.48166333376817755,-1.1865606798609267,-0.2285616867437957,1
0.19330980574001022,-0.009451893287050199,-0.6511689521446813,-0.8469261953047802,0
0.26766653862025125,0.5853911860374053,0.820682648997065,-0.5796932921075708,1
-0.22063305888276596,-0.5270529663270718,-1.0324500546121138,-1.0468329794794369,1
-2.4095316189099534,-1.4181231212990475,1.1623896649808516,1.0454556424522023,1
0.37350925647609634,-0.32240146514047857,-0.019125128593378286,-0.9774352875638824,1
-3.143670940911758,1.5329993043722139,1.4805044370993883,1.750826212519255,1
-0.571603953554334,0.8306544637240618,0.8454164530493433,-0.5848722243400749,1
0.5964015681960525,1.08547345352838,-0.5457648948757402,0.5938527517778486,1
-0.63564324503014,1.0480469144008708,0.42494178416060774,-0.7247033946176845,1
0.24916629886057373,-0.15039864702256373,-0.15725391122379534,-0.17262921863275196,1
-0.7393513198367915,0.5997247542138981,-0.8353406623185708,0.294510468739114,1
1.5075383763601533,-1.3034545758871041,1.192450749905929,1.312688545649412,1
1.481566885928299,-1.4412160922500636,1.1631507051055374,1.3737999459929597,1
0.47686155744121594,-0.3733652631013423,-1.0887670238388407,-0.7806358627287283,0
1.4111236653049124,2.4288473154030203,1.6993034729464678,1.0734218765077241,1
0.25859430566117897,0.9110817073810495,-1.2333646475290845,0.6446062876563882,1
0.03783663699041545,0.5989284448707598,0.4021105804200431,0.01899127396989813,1
0.053134912176302576,1.2574762716462946,0.5527965251077708,-0.7537054151197071,1
0.3875623232166207,1.185012121420692,0.25446879623105684,0.25618637021858404,1
-0.598464878590019,0.9238226568712655,0.6924473879875591,-0.7122739572596748,1
-0.42146739242772324,-0.17189899928730304,0.35150141212845726,-0.985721579135889,1
1.6215638925712408,-1.4260862147304323,1.0105621601060957,1.8191881179883083,1
1.577625823142007,-1.4356419268480942,1.980507799017758,0.9905589607876593,1
-2.495984662402291,-1.410956337210801,0.9591919516898251,1.6203171202601527,1
-0.7018171795551386,0.03593773927184402,-0.623010467531318,0.755435437431975,1
0.30662377426803294,-0.9029109762884412,-1.0122824913079485,-1.0768707864279605,1
0.183881798939405,-0.5135157074937173,-1.1291021504471719,-0.5672638547495611,1
0.01595654573618156,-0.03413748292434343,-0.6587793533915364,-1.0385466879074303,0
0.37991318562367715,-0.3765505004738962,-1.4045986755833206,-0.6967371605621626,0
1.4906391188873713,1.5210546642251366,1.5977046163009543,1.7052516088732195,1
0.4110433967577493,0.5806133299785744,0.6467849805064293,0.9511990758206285,1
1.5756690670135793,1.8340042360785649,1.0782947312031048,1.947625637354409,1
-1.4453845083575478,2.1198792902652848,1.63309298209883,1.675213801924696,1
0.109347179138398,-0.3192162277679247,-1.1747645579283015,-0.9422185483828549,0
1.429090244302291,-1.3926412223186155,1.5695461316875912,1.283686525147389,1
0.08746708788416513,-0.24993731491487556,-1.30338033900015,-0.24099112410180554,1
-2.7210116171714414,-1.4037895531225546,1.0250219224751198,1.5467762825585951,1
0.3404222892135966,-0.37097633507192673,-0.8570303058721075,-0.6894866554366569,0
-0.7219184016017107,0.7494309107239353,-0.8220224601365749,-0.809637883230751,1
-0.5733828227619957,0.6602442642924239,-0.7150963226182628,0.5348129243273023,1
-0.22881585723800843,-1.002449644180753,-0.8848082704231282,-0.6304468279861106,1
-0.5018722806140121,0.6323734372825764,-1.0145656116820048,-0.022440183890134368,1
-0.0406114950674458,-0.5294418943564871,-0.36159318470185076,-0.09080208935918775,1
0.6287769877754884,-0.3231977744836171,0.7034824697954984,0.27379473980909785,1
0.2646424609672268,0.636354983998269,0.6875006271771035,-0.9453259077223575,1
0.5853725791085536,1.2622541277051258,0.25370775610637153,0.47473731043025524,1
0.40197116379867703,-0.6616292453174774,-0.02026668878040657,-0.535154474908036,1
1.7201132466756743,2.097582628657407,1.505238241151667,1.4028019664949822,1
-0.44032340602893266,1.005046209871392,-0.8737731886151885,-0.6418404788976196,1
-0.11692498407611446,-0.45140357872891484,-1.0651747799735904,-1.0033299487264027,1
-0.7187164370279203,-0.24117791214035217,0.2518051557946579,0.9190896959791035,1
-0.2827155942301443,-0.027767008179235612,0.09503089010944588,-0.7692422118172194,1
0.5183092099797232,-0.9275965659257347,0.06154512462328429,-0.6387331195581172,1
0.5154630192474657,-0.21967755987561285,-1.2326036074043991,-0.3124603889103615,1
-0.3944285804712723,-0.2674561204639225,-0.8562692657474221,-0.3601065654493988,1
0.21269948010351758,-1.026338924474908,-0.08837977993975801,-0.815852601909756,1
-0.5000934114063514,1.1778453373324451,0.5657342072274243,-0.6801645774181496,1
0.4622748299383937,-0.351864910836603,-0.3924153097516134,-0.9101091685413296,0
-2.7850509086472472,1.370552198371961,1.7091969945673795,1.3675852273139546,1
1.7202911335964401,1.9375244506865696,1.2221313147686632,0.9802010963226513,1
1.7231373243286987,-1.410956337210801,1.8229724932078608,1.145926927762781,1
-0.030649827504543682,0.8425991038711391,-0.5636493378058496,0.05110065381142334,1
-0.40812587337026374,1.1738637906167528,-1.0967579451480383,0.023134419755901473,1
0.5926659428599642,-0.18384363943438065,-1.3996519147728652,-0.9981510164938988,0
-3.21109008388212,2.0951937006279913,1.9709947974591895,1.3893367426904717,1
-0.6066476769452614,-0.3192162277679247,-0.86844590774239,0.003454477272385921,1
-0.38393325214607027,-0.8065575457686834,-0.8212614200118893,-1.0095446674054076,1
0.4823760519849659,-1.016783212357246,-0.47993492409044514,-0.9059660227553266,1
-1.9729971153498795,-1.436438236191233,1.610642298420608,1.218431979017838,1
-0.2764895520033305,-0.8758364586217323,-1.1260579899484298,-0.7029518792411674,1
-0.5901041933140115,0.5360200067628188,-0.9255239170938021,0.9190896959791035,1
-0.03847685201825321,-0.42990322646417534,-0.2413488450015425,-0.41293167422094024,1
-0.41666444556703813,0.7613755508710127,-0.3714867063227621,0.4654152324117479,1
0.43914953023879705,-0.2722339765227535,-0.3912737495645851,-1.0602982032839474,0
-0.43463102456441677,-0.424329061062206,-0.4133439131804644,0.2582579431115856,1
-1.2609157715230745,-1.402993243779416,1.4139134261894075,1.7280389106962373,1
-2.802483826882327,-1.4077710998382469,1.0969402142578992,1.9673055798379242,1
0.561713618646658,0.011252149634550788,0.08475684842619184,-0.31142460246386067,1
-0.4275155477337711,-0.22764065330699776,-1.35322846716705,0.7575070103249766,1
-0.4819489454882059,1.1356409421461053,0.8191605687476938,-0.6190531770746017,1
0.23564689288234827,-0.3399202706895255,0.09541141017178881,-0.1695218592932496,1
-0.5016943936932462,-0.1440281722774559,0.5767692890353637,-0.6221605364141042,1
-0.27382124819183795,-0.6687960294057238,-0.3520801831432821,-0.5993732345910863,1
0.32868175244303277,-0.21728863184619726,-0.7938639755232115,-0.8355325443932714,0
0.6385607684176245,-0.6385362743664611,-1.0811566225919855,-0.7060592385806699,0
0.5574443325482707,-0.8519471783275776,-0.24477352556262735,-0.7091665979201723,1
0.49180405878557015,1.2327906820090018,0.5219744000580082,0.05938694538342984,1
-0.36365414317873207,0.05982701956599892,-0.47460764321764665,-0.8282820392677657,1
-3.1863638018956286,-1.3201770720930126,0.8948840611539003,1.8181523315418076,1
0.01275458116239217,-0.3231977744836171,-1.3684492696607595,-0.5859080107865757,0
0.6634649373248829,-1.013597974984692,-0.7052028009973516,-0.8572840597697883,1
-1.1954533846811397,-1.4603275164853875,1.3461808550923984,1.2101456874458314,1
0.10080860694162462,-0.4251253704053445,-0.7542898890395658,-0.8376041172862729,0
0.364792797358556,-0.11934258264016238,-0.3467529022704836,-1.0447614065864352,0
1.7259835150609562,-1.3814928915146767,1.6182526996674629,1.6493191407621757,1
-2.9405240773968417,2.067322873618144,1.1190103778737783,1.8916931692433654,1
-0.2608355029759114,0.08053106248759963,-0.4376971971704002,-0.7060592385806699,1
0.43576967874424066,-0.25073362425801404,-0.6686728750124478,-0.6128384583955968,0
-1.890991244876695,2.3173640073636315,1.0695427697692215,1.750826212519255,1
-0.0667608724200669,-0.714185661964618,-0.9163914355975761,-0.6801645774181496,1
-0.7037739356835662,1.0974180936754574,0.11748157378766809,-0.7702779982637201,1
1.4516818832395897,1.9064683863041683,1.9177219887312051,1.4028019664949822,1
-0.014462117714825721,-0.8001870710235754,-0.3079398559115233,-0.6294110415396098,1
-0.022822802990833144,1.1189184459401968,0.8241073295581494,0.6715367352654095,1
1.636506393915595,1.5919261957644626,1.9751805181449595,1.558169933470104,1
-0.4134624809932477,-0.5310345130427643,0.3286702083878927,0.41362591008670735,1
1.6172946064728537,-1.4093637185245238,1.6083591780465514,1.3137243320959124,1
0.3534080344295241,-0.4115881115719901,-0.33305418002614473,-0.5828006514470733,0
-0.0416788165920426,-0.12969460410096303,-0.34370874177174165,-0.5952300888050831,0
0.29274859444827456,-0.9084851416904106,-0.026355009777890397,-0.7516338422267056,1
-0.666951343084978,0.8848034990574793,-1.3467596261072232,-1.034403542121427,1
0.28954662987448415,0.01045584029141217,-1.2170022848483464,-0.6490909840231253,0
0.17836730439565504,0.07336427839935318,-1.2847348559453553,-1.0820497186604643,0
1.4440327456466462,-1.4244935960441554,1.657826786151109,1.4338755598900066,1
-0.6295950897240911,0.9986757351262842,0.20500118812649984,-0.7868505814077331,1
-2.5324514811593475,-1.3353069496126437,0.8671060966028802,1.1873583856228136,1
-0.14182915298337279,-0.5525348653075036,-0.10207850218409689,-0.9277175381318434,1
0.25557022800815454,-0.08749020891462271,-0.8243055805106312,-0.8065305238912486,0
1.7306085750008764,-1.3289364748675359,0.8773801382861341,1.069278730721721,1
0.3907642877904111,1.15953022244026,-0.31098401641026546,0.13499935597798912,1
0.2408056135845663,-0.3685874070425113,-0.7832094137776145,-0.5921227294655806,0
0.19366557958154215,0.04708607007578299,-0.9103031146000923,-1.0312961827819247,0
-0.5989985393523178,0.6618368829787008,-0.3147892170336927,0.7595785832179786,1
0.33722032463980617,-0.2523262429442911,-1.1584021952475634,-0.963970063759372,0
-0.7242309315716703,-0.36142062295426486,-0.6017013440401243,0.5410276430063072,1
0.08462089715190665,-0.7476306543764347,-1.1800918388011,-0.832425185053769,1
-0.6665955692434462,-0.49201535522897805,0.8553099746702549,-1.0696202813024547,1
0.2461422212075493,-0.6648144826900314,-0.9137277951611769,-0.6470194111301236,0
-3.1084493306000653,1.5919261957644626,1.111019456564581,1.3147601185424134,1
-0.577118448098084,1.2280128259501706,-1.3619804286009332,0.9615569402856368,1
1.4002725631381794,2.201102843265411,1.5387240066378287,1.79536502971879,1
-0.6868746782107844,-0.1527875750519793,0.149445259024459,-0.6159458177350993,1
0.11130393526682564,-0.3462907454346335,-1.351325866855336,-0.9235743923458403,0
0.00812952122247203,-0.06837878467929868,0.6688551441223086,0.4343416390167235,1
-0.22383502345655637,-0.14243555359117896,-0.8771978691762731,-0.2368479783158022,1
-0.8501748714740887,-1.3735297980832917,1.0269245227868335,1.8523332842763343,1
0.11539533444444687,-0.5947392604938437,-0.8764368290515877,-0.7039876656876682,0
-0.33501434893538545,0.008863221605135214,-0.31402817690900736,-0.7754569304962243,1
-0.039722060463615975,-0.9817456012591523,-0.21128776007646552,-0.6200889635211025,1
1.5902557945164018,1.864263991117828,1.6056955376101523,1.510523756931067,1
-2.119042277298869,2.4933483721972385,1.9964896416361535,1.3095811863099094,1
0.33010484780916155,-0.6321657996213531,-0.5039076880180383,-0.8427830495187769,0
-0.412039385627119,0.7223563930572265,-0.5233142111975183,0.4011964727286977,1
1.40756592688959,1.3538297021660526,1.520459043645377,1.1117459750282543,1
0.3952114608095643,0.5503535749393117,0.4161898227267244,0.6062821891358584,1
0.5074581078129892,0.021604171095351142,-1.018751332367775,-1.01265202674491,0
1.5260386161198307,2.178806181657533,1.6483137845925402,1.9818065900889357,1
0.6335799346361735,-0.4697186936211001,-0.958629162517621,-1.008508880958907,0
0.5816369537724643,-0.22764065330699776,0.3385637300088043,0.3359419265991465,1
0.11877518593900324,-0.5254603476407949,-1.3608388684139048,-0.8707492835742989,0
-1.896683626341211,1.7320766401568375,1.0984622945072704,1.4670207261780326,1
0.012576694241625193,-0.2586967176893991,-0.14241362879242844,-0.6532341298091284,1
-1.1913619855035196,2.242510929108613,0.9785984748693048,1.4494123565875188,1
0.41015396215391847,-0.268252429807061,-1.4152532373289177,-0.6594488484881333,0
1.7096179183504732,1.9669878963826937,1.6604904265875078,1.4079808987274864,1
0.2020262648575506,0.8003947086847991,0.7468617569025716,-0.6646277807206374,1
0.21625721851884092,-0.33275348660127907,-0.767608091221562,-0.34456976875188666,1
-2.525158117407936,2.116694052892731,0.9706075535601073,1.430768200550504,1
-1.9470256249180244,2.43442148080499,0.964519232562623,1.3644778679744525,1
1.4205516721055176,1.8969126741865059,1.1015064550060123,1.5022374653590602,1
-2.0000359273063304,2.142972261216301,0.9112464238346387,1.5374542045400879,1
0.15168426628073606,0.8210987516063998,0.2742558394728801,-0.015189678764628657,1
0.5108379593075466,-0.498385829974086,-0.35360226339265305,-1.0872286508929685,0
0.5352084674525049,-0.6042949726115058,-1.3832895520921267,-0.8748924293603021,0
-0.15677165432772697,0.011252149634550788,-0.04804465333142727,-1.0426898336934336,1
0.37297559571379846,-0.335938723973833,-0.29956841453998284,-0.6490909840231253,0
-0.5602191906253021,0.10442034278175452,-0.7664665310345338,0.43952057124922767,1
0.4331013749327492,-0.4561814347877457,0.7381097954686888,0.7751153799154906,1
-0.4296501907829647,0.6220214158217761,-0.9251433970314594,-0.8521051275372844,1
1.5082499240432181,1.4485905139995339,1.8804310226216157,1.7653272227702665,1
0.5357421282148038,-0.0659898566498834,-0.7775016128424734,-0.7319538997431903,0
0.03783663699041545,-0.22525172527758233,-1.059466979038449,-0.7392044048686959,0
-0.019620838417043755,0.9325820596457889,0.8320982508673473,-0.7505980557802048,1
0.09920762465472892,0.5312421507039876,0.6186264958930662,0.1702160951590167,1
0.15986706463597852,-0.44025524792497583,-0.10322006237112517,-0.1601997812747423,1
1.7028582153613605,-1.3870670569166461,1.4782213167253317,1.750826212519255,1
0.5789686499609727,-0.4291069171210369,-0.11920190498952063,-0.6791287909716488,1
0.6124113910650044,-0.8949478828570564,0.06382824499734085,-0.9246101787923411,1
-0.6061140161829626,1.244735322156079,0.2609376372908836,-0.8044589509982469,1
0.05580321598779407,0.05982701956599892,-0.6161611064091486,-0.6107668855025952,0
-0.2709750574595805,-0.3255867025130327,-0.5465259350004259,-0.7174528894921788,1
0.5145735846436349,-0.16871376191474916,-0.7398301266705414,-1.095514942464975,0
0.5971131158791173,-1.0088201189258612,-0.24933976631074023,-0.9846857926893882,1
1.7185122643887796,-1.3058435039165197,1.1182493377490932,1.8305817688998178,1
-0.6016668431638094,0.9923052603811761,-0.8498004246875953,0.6653220165864047,1
0.20113683025371976,-0.2602893363756761,0.031864559760549964,-0.9546479857408647,1
0.0184469626269081,0.0144373870071047,-0.45367903978879565,-0.799280018765743,0
0.2802965099946459,-0.31841991842478623,-0.8246861005729742,-0.9536121992943637,0
-0.6475616687214697,1.0703435760087485,0.5615484865416541,-1.0944791560184741,1
-1.9854491998035082,1.7710957979706239,1.40592250488021,1.102423897009747,1
-0.5691135366636085,0.07575320642876876,-1.2645672926411897,0.9159823366396009,1
0.014889224211584758,0.022400480438489478,-1.163348956058019,-0.6428762653441203,0
0.43968319100109593,-0.7723162440137281,-0.32772689915334624,-0.5952300888050831,1
-0.19092594311482355,-0.26108564571881454,-0.4472101987289689,-0.3456055551983875,1
-0.17758442405736408,-0.9148556164355187,-1.1249164297614016,-0.7070950250271707,1
0.2071849855597676,-0.07554556876754512,-0.06783169657324997,-0.20163123913477463,1
-0.012149587744866156,0.6857261632728557,0.5710614881002228,-0.6045521668235904,1
1.5498754635024914,-1.3329180215832286,0.95158155044297,1.541597350326091,1
-3.0291117639383724,-1.327343856181259,1.042906365405229,1.59131509975813,1
0.2121658193412197,-0.3622169322974033,0.5832381300951904,0.23443485484206694,1
0.17605477442569548,-0.01661867737529664,-0.4209543144273194,-0.7692422118172194,0
0.26873386014484807,-0.2523262429442911,-0.1606785917848802,-1.0178309589774142,1
-0.8512421929986854,2.4798111133638843,1.902501186237495,1.0392409237731977,1
0.1333619134418255,-0.8400025381805002,-0.22574752244549,-0.6843077232041528,1
0.28972451679525113,0.03115988321301316,-0.373389306634476,-0.6563414891486309,0
-0.45330915124486026,0.6594479549492852,-0.50276612783101,0.7740795934689896,1
0.0205816056761017,-0.14562079096373287,-0.3505581028939111,-0.6501267704696261,0
0.13514078264948717,-0.27780814192472286,0.3180156466422957,0.8931950348165831,1
0.6134787125896013,-0.29134540075807724,-1.3661661492867032,-0.8044589509982469,0
0.046908869949487744,-0.4832559524544545,-0.24363196537559909,-0.7278107539571869,1
0.5183092099797232,1.1037885684205653,0.7506669575259994,0.014848128183894973,1
-1.2187565713015023,-1.3663630139950451,1.0512778067767694,1.9238025490848907,1
1.5075383763601533,2.028303715804358,1.128523379432347,1.4224819089784977,1
0.6325126131115767,-0.20056613564028897,-0.38784906900350025,-0.7236676081711837,0
-0.46540546185695697,0.642725458743377,-0.728414524800259,0.5037393309322779,1
-1.6816183391349635,1.7535769924215772,0.9839257557421033,1.0754934494007258,1
-0.46967474795534314,-0.6257953248762451,-0.32278013834289043,0.2696515940230945,1
-0.6057582423414306,-0.05245259781652885,-0.28739177254501497,0.4778446697697576,1
0.44964485856399805,-0.29612325681690826,-0.22270336194674809,-0.7671706389242178,1
0.22230537382488877,0.9708049081164367,0.18483362482233417,0.5389560701133055,1
-0.5869022287402211,-0.12173151066957796,-0.27521513055004704,0.9025171128350905,1
-2.8839560365932133,2.190750821804611,1.7582840826095942,1.2857580980403907,1
-1.331714765987993,1.9104499330198605,1.9542519147161086,1.2370761350548527,1
0.17925673899948588,-0.36301324164054183,-0.5324466926937443,-1.035439328567928,0
-0.43036173846602954,-0.09624961168914611,0.2392479937373473,-0.9577553450803671,1
-0.09931417892026777,-0.19578827958145795,-0.642797510773141,-0.8003158052122438,1
0.35127339138033054,-0.7356860142293573,-0.005426406349039408,-1.0499403388189394,1
0.35749943360714537,-0.6027023539252288,0.09845557067053072,-0.8168883883562567,1
-0.539406420895665,1.0305281088518239,-1.0598474991007918,-0.7516338422267056,1
0.5318286159579486,-0.35345752952287995,-1.3174595813068315,-0.8852502938253102,0
-3.1383343332887743,-1.3607888485930757,1.5900942150540998,1.8140091857558045,1
-1.5330827602952484,-1.3663630139950451,1.813840011711635,1.5529910012375998,1
-0.052529918758776564,-0.110583179865639,-0.20025267826852589,-0.8489977681977818,1
-2.355453994997051,-1.4428087109363408,1.6304293416624305,1.4628775803920295,1
-0.22241192809042765,-0.8527434876707161,-1.0925722244622682,-1.0520119117119409,1
0.24009406590150145,-0.5684610521702734,-1.3908999533389819,-0.9732921417778793,0
-0.2917878271892166,-0.23082589067955167,-0.8768173491139304,-1.068584494855954,1
-0.6335086019809464,-0.40442132748374365,0.48620551419779,0.1940391834285354,1
1.428734470460759,-1.3201770720930126,1.6011292968620392,1.7342536293752417,1
-1.3868597114254917,2.2401220010791976,1.9329427912249146,1.9849139494284382,1
-3.172488622075871,-1.3719371793970145,0.9865893961785028,1.3334042745794281,1
-0.5066752274746982,0.9867310949792069,-1.3326803838005414,0.6156042671543657,1
0.6590177643057297,0.05106761679147553,-1.2862569361947263,-0.947397480615359,0
0.15702087390372005,-0.8798180053374249,-0.7611392501617353,-0.21613224938578604,1
-0.07334268848841366,-0.9116703790629647,-0.5088544488284938,-0.6490909840231253,1
-0.6223017259726805,0.9835458576066526,-0.9369395189640845,-1.0654771355164514,1
-0.6491626510083655,-0.12650936672840882,0.1391712173412044,0.6435705012098876,1
-0.016774647684785284,0.0144373870071047,-1.0647942599112474,-0.7039876656876682,0
1.482100546690597,2.189954512461472,1.824875093519575,1.817116545095307,1
0.40499524145170046,-0.4386626292386989,-0.26646316911616397,-0.31971089403586717,1
0.38738443629585373,-0.33753134266011,-0.264941088866793,-0.7847790085147316,1
-0.5166368950376014,1.2017346176266004,0.7620825593962818,-0.678093004525148,1
-0.47127573024223884,-0.4697186936211001,0.8610177756053958,-0.6843077232041528,1
1.59861647979241,-1.3838818195440923,0.8979282216526422,1.0765292358472267,1
0.2922149336859766,-0.19817720761087337,-0.2173760810739496,-0.4429694811694638,1
0.08533244483497153,-0.657647698601785,-0.7394496066081987,-0.8293178257142665,0
-2.2880348520266893,-1.338492186985198,1.9572960752148505,1.4141956174064911,1
1.4100563437803155,-1.4037895531225546,1.160487064669138,1.0319904186476918,1
0.3477156529650082,-0.05882307256163695,-0.6488858317706248,-0.8458904088582795,0
0.35963407665633895,-0.15915804979708711,-0.6195857869702334,-1.0592624168374467,0
1.4689369145539035,-1.4428087109363408,1.466044674730364,1.7052516088732195,1
0.23244492830855787,-0.8360209914648077,-0.23526052400405867,-0.9846857926893882,1
0.4964291187254903,-0.40203239945432806,-0.030540730463660595,-0.523760823996527,1
0.6664890149779074,0.03275250189929011,0.03034247951117874,-0.4585062778669759,1
0.36248026738859646,-0.049267360443974936,-1.370732390034816,-0.6988087334551643,0
-0.7388176590744926,1.0639731012636406,-0.6679118348877622,0.6477136469958907,1
1.6838243148393852,1.7472065176764693,1.4120108258776938,1.4566628617130244,1
-0.581921394958769,0.8704699308809866,0.6726603447457363,-0.9038944498623249,1
0.26926752090714595,-0.34469812674835654,-0.05184985395485452,-0.17366500507925275,1
-2.588130087359145,1.7774662727157318,1.4337004694312308,1.877192158992354,1
0.05900518056158447,-1.0143942843278306,-0.06821221663559238,-1.0281888234424221,1
0.06594277047146316,-0.8861884800825328,-0.6169221465338341,-0.4274326844719516,1
0.3055564527434361,-0.8869847894256714,-0.9110641547247776,-0.5527628444985497,1
-2.9307402967547045,2.15412059202024,1.930659670850858,1.7642914363237658,1
0.5376988843432315,-0.47768178705248515,-0.14127206860540018,-0.93600382970385,1
0.49020307649867545,1.1069738057931195,0.4957185157563587,0.8082605462035166,1
1.3796376803293082,-1.3281401655243974,1.8747232216864742,1.2298256299293469,1
0.3946778000472654,-0.21489970381678183,-0.3284879392780316,-0.6356257602186147,0
-0.7379282244706628,-0.5987208072095364,-0.4612894410356504,-0.0006886685136172366,1
1.4568406039418067,1.7623363951961006,1.6159695792934063,1.1241754123862642,1
-0.47821332015211754,0.9580639586262207,-0.4415023977938277,-1.01265202674491,1
0.08657765328033429,0.9341746783320661,-1.1089345871430063,0.6642862301399037,1
-0.6699754207380025,-0.6130543753860292,0.6570590221896833,-0.9712205688848777,1
1.5607265656692253,2.252862950569413,1.0562245675872255,1.9383035593359021,1
0.6437194891198426,-0.7532048197784043,0.09426984998476053,-1.0779065728744612,1
-1.8852988634121792,1.7464102083333304,1.0512778067767694,1.6482833543156747,1
0.5106600723867796,0.10123510540920061,-0.0978927814983267,-0.9650058502058728,1
0.10774619685150331,-0.022989152120404744,-1.14127879244214,-0.28035100906883637,1
-1.710613907219843,-1.338492186985198,1.9432168329081692,1.9227667626383893,1
-0.3595627440011109,-0.4617556001897152,-0.48259856452684435,-0.8065305238912486,1
1.6215638925712408,-1.454753351083418,1.0132258005424946,1.0868871003122347,1
1.4036524146327358,1.4724797942936885,1.8732011414371037,1.1987520365343225,1
0.23369013675392064,-0.029359626865512568,-0.2930995734801561,-1.0841212915534661,0
-3.228345115196434,2.420087912628497,1.5996072166126685,1.1448911413162803,1
0.29648421978436384,-0.10819425183622342,-1.3973687943988085,-0.6625562078276358,0
-0.25265270462066897,-0.5827946203467663,0.033767160072263595,-0.8893934396113136,1
-0.6114506238059465,0.7191711556846724,0.6483070607558005,-0.6335541873256131,1
-0.768524774842436,2.168454160196733,1.512468122336179,1.6203171202601527,1
-0.5248196933928428,0.01762262437965861,0.37471313593136485,-0.9587911315268679,1
-0.1416512660626058,-0.4155696582876825,-0.879100469487987,-0.49890194928050763,1
1.6171167195520877,-1.3663630139950451,1.4987694000918403,1.9548761424799148,1
0.5113716200698445,-0.5135157074937173,-0.5385350136912281,-1.035439328567928,0
-0.5589739821799394,0.7143932996258415,-0.3665399455123063,-0.683271936757652,1
1.4869034935512822,2.18039880034381,0.923042545767264,1.3251179830074213,1
0.22942085065553344,-0.04767474175769798,-0.4955362466464976,-0.6739498587391447,0
1.59861647979241,-1.3114176693184891,1.586669534493015,0.9988452523596659,1
-0.32451902061018445,-0.049267360443974936,-0.15192663035099713,-1.0167951725309134,1
0.38204782867287074,-0.5819983110036279,-1.294247857503924,-0.7785642898357267,0
-0.6164314575873976,1.2399574660972479,-1.3889973530272681,0.06663745050893555,1
0.2392046312976706,-0.28975278207180033,-1.0853423432777558,-0.8241388934817624,0
0.1386985210648095,-0.3869025219346967,-0.6222494274066326,-0.9919362978148939,0
0.5757666853871823,-0.6393325837095996,-0.7417327269822552,-0.6501267704696261,0
0.5010541786654094,0.023196789781628098,-0.9160109155352334,-1.0478687659259376,0
0.3347299077490807,-0.5278492756702102,0.013980116830440892,-0.22649011385079412,1
0.3519849390633954,-0.2021587543265659,-0.6587793533915364,-0.7568127744592097,0
1.6023521051284983,2.490959444167823,1.4759381963512757,0.9936663201271617,1
0.06167348437307697,-0.025378080149820036,-1.098660545459752,-0.8272462528212648,0
-2.5931109211405965,1.8403747108236728,1.171141626414735,1.2256824841433438,1
0.3244124663446456,-0.0930643743165922,-0.6218689073442897,-0.9432543348293556,0
-0.4479725436218763,-0.029359626865512568,0.33285592907366285,0.40326804562169927,1
1.4255325058869686,-1.3138065973479045,1.9603402357135924,1.6482833543156747,1
-0.48977597000191536,-0.22525172527758233,0.35035985194142955,-0.6035163803770895,1
-0.16281980963377485,-0.4944042832583935,-0.767608091221562,-0.5455123393730441,1
0.33206160393758916,-0.2586967176893991,-1.1115982275794054,-0.8013515916587446,0
0.17356435753496993,-0.5445717718761187,-1.0522370978539368,-1.0074730945124062,0
-0.12332891322369527,-0.32240146514047857,-1.1279605902601435,-0.7443833371011999,1
-0.15232448130857382,-1.016783212357246,-0.492111566085413,-0.6076595261630928,1
0.06113982361077807,0.11397605489941653,-0.10398110249581106,-0.6739498587391447,1
0.09244792166561619,-0.6472956771409845,-1.2268958064692579,-0.8117094561237527,0
1.7028582153613605,1.5728147715291385,0.891078860530473,1.3986588207089792,1
0.3687063096154113,-0.5246640382976563,-0.15725391122379534,-0.7713137847102209,1
0.2699790685902108,-0.25073362425801404,-1.1264385100107726,-0.9536121992943637,0
0.2308439460216632,-0.7898350495627751,-0.5438622945640266,-0.5807290785540716,1
0.04993294760251218,1.2702172211365108,0.5619290066039965,-0.6149100312885984,1
0.05758208519545574,1.0408801303126245,0.6467849805064293,0.29761782807861653,1
1.609823355800676,-1.3639740859656297,1.3024210479229827,1.1656068702462965,1
0.14652554557851902,-0.12332412935585492,-0.9860266070062987,-0.7288465404036878,0
-0.017486195367850156,-0.5843872390330435,-0.03320437090006011,-0.683271936757652,1
0.1860164419885986,-0.4601629815034382,-0.9175329957846043,-1.0261172505494207,0
-1.5978335994541182,1.5314066856859372,1.9013596260504668,1.3458337119374375,1
1.476763939067613,2.060156089529898,1.7301255979962304,0.9926305336806611,1
-0.08188126068518806,-0.1878251861500729,-1.143561912816196,-0.3828938672724167,1
0.2564596626119854,-0.1137684172381929,-1.393563593775381,-0.8624629920022925,0
-1.3672921501412185,-1.3743261074264301,1.001049158547527,1.1241754123862642,1
-3.226032585226475,-1.391844912975477,0.9028749824630983,1.2225751248038412,1
-3.021462626345429,1.415145521587717,1.3191639306660636,1.9641982204984225,1
0.4439524770994821,0.00010381883061181768,-1.3855726724661832,-0.7174528894921788,0
-0.18203159707651723,-0.8089464737980988,-1.083439742966042,-0.8686777106812972,1
-1.2438386271295268,2.4965336095697928,1.3134561297309222,1.9403751322289033,1
0.35234071290492736,0.7741165003612286,0.1452595383386888,-0.7298823268501885,1
0.42082717739988645,-0.030155936208651184,-1.0332110947367994,-0.6656635671671383,0
1.5400916828603541,1.370552198371961,1.1513545831729122,1.0019526116991684,1
-0.4131067071517158,0.8290618450377848,-0.9346563985900281,0.06767323695543634,1
0.30875841731722653,-0.8806143146805635,-0.0058069264113823505,-0.8303536121607672,1
0.49180405878557015,-0.5015710673466399,-0.37415034675916137,-1.0893002237859701,0
-0.5281995448873992,0.8354323197828927,-0.34028406121065685,0.1360351424244899,1
0.5698964170019004,-0.3964582340523586,-0.3463723822081409,-0.7609559202452129,0
-0.08188126068518806,-0.8917626454845023,-1.2284178867186288,-0.9846857926893882,1
0.46494313374988516,0.04071559533067489,-0.4749881632799893,-0.963970063759372,0
0.0045717828071497,0.028770955183597582,-1.3437154656084813,-0.21509646293928525,1
0.20167049101601767,-0.3176236090816476,-0.7542898890395658,-0.8862860802718111,0
1.556990940333136,-1.3424737337008903,1.7982386891555824,0.9853800285551555,1
1.3853300617938242,1.4645167008623035,1.5524227288821675,1.9403751322289033,1
-0.5835223772456648,1.2694209117933726,0.12547249509686553,-0.847961981751281,1
0.09582777316017255,-0.6560550799155078,0.3541650525648568,-0.04212012637364973,1
-0.6706869684210663,1.1117516618519503,0.25522983635574276,-0.6335541873256131,1
1.6811560110278927,-1.325751237494982,0.8785216984731624,1.7539335718587576,1
-0.6011331824015115,0.571853927204051,-0.877578389238616,-0.6677351400601399,1
-0.10091516120716347,-0.34469812674835654,-1.1603047955592771,-1.0136878131914109,1
-0.2332630302571616,-0.644906749111569,-0.6081701850999508,-0.2617068530318217,1
0.13727542569868076,0.08451260920329215,-0.6994950000622101,-0.9101091685413296,0
-0.108742185720873,-0.6433141304252921,-0.1857929158995014,-0.6894866554366569,1
0.10294324999081822,-0.11217579855191595,-0.505810288329752,-0.9380754025968517,0
0.17890096515795395,-0.580405692317351,-1.0899085840258689,-0.9038944498623249,0
1.5920346637240634,1.5863520303624932,1.4561511531094524,1.9590192882659179,1
1.4029408669496708,2.1182866715790074,1.6840826704527583,1.084815527419233,1
-0.17189204259284813,-0.5103304701211633,-0.8243055805106312,-0.3507844874308915,1
-0.5648442505652213,1.3092363789502972,-0.9548239618941935,-0.8852502938253102,1
1.3935128601490656,2.502107774971762,1.873581661499446,1.7798282330212778,1
-0.41328459407248175,1.1205110646264735,-1.0800150624049574,-0.7785642898357267,1
-0.5059636797916334,-0.5063489234054709,-0.7957665758349252,0.766829088343484,1
0.550862516479925,-0.008655583943911579,-0.7927224153361833,-0.8966439447368192,0
0.05117815604787494,0.8330433917534771,0.36101441368702597,0.08321003365294855,1
1.381594436457736,2.126249765010393,1.9671895968357622,1.6607127916736846,1
-1.9416890172950405,1.6182044040880328,1.1563013439833678,1.1076028292422513,1
1.6288572563226515,2.131823930412362,1.7723633249162754,1.7829355923607804,1
0.5588674279144006,-0.16871376191474916,-1.3330609038628844,-0.9090733820948289,0
0.6211278501825448,-0.2539188616305681,-1.1237748695743734,-0.8065305238912486,0
0.1435014679254946,-0.09465699300286916,-1.3296362233017995,-0.7858147949612324,0
0.060250389006947236,-0.032544864238066476,0.6026446532746708,0.46437944596524716,1
-0.21529645125978297,-0.27143766717961487,-0.0895213401267863,-0.6086953126095936,1
0.06060616284848017,-0.7858535028470826,-0.04119529220925756,-0.8790355751463055,1
-0.14289647450796858,-0.736482323572496,-0.8589329061838213,-0.7278107539571869,1
0.295416898259767,-0.29214171010121587,-1.238691928401883,-1.0043657351729036,0
-2.4552485575468483,-1.4229009773578782,0.9671828729990225,1.6016729642231382,1
1.45488384781338,2.4288473154030203,1.5600331301290224,1.8554406436158368,1
-0.5410074031825608,0.8529511253319394,-1.047670857105824,0.3856596760311855,1
0.5209775137912157,-0.8973368108864719,0.08703996880024842,-0.8697134971277981,1
-2.6881025368297085,-1.3337143309263668,1.4253290280596904,1.180107880497308,1
-1.922833003693831,-1.3138065973479045,1.4652836346056788,1.1935731043018183,1
0.5449922480946421,-0.5087378514348864,-0.6355676295886286,-0.7350612590826926,0
1.4751629567807183,-1.3504368271322753,1.3606406174614232,1.4711638719640359,1
0.03890395851501225,-0.4880338085132855,-0.3714867063227621,-0.4295042573649532,1
0.009374729667834794,-0.6600366266312003,-0.09484862099958478,-0.2834583684083388,1
-0.5216177288190524,-0.061212000591052244,0.3598728534999982,0.4125901236402066,1
1.3835511925861625,-1.351233136475414,1.2346884768259738,1.5705993708281138,1
-0.5893926456309466,0.5790207112922975,-0.9437888800862538,-1.0716918541954563,1
-0.11158837645313047,-0.0038777278850807124,0.050890562877687326,-0.9567195586338663,1
-0.22436868421885528,-0.714185661964618,-1.384431112279155,-1.0644413490699507,1
0.3578552074486773,0.6498922428316235,0.6285200175139772,0.8538351498495521,1
0.5357421282148038,-0.1918067328657654,-0.37415034675916137,-0.6760214316321463,0
1.5665968340545071,-1.4579385884559721,1.4839291176604732,1.1345332768512721,1
0.6186374332918183,0.570261308517774,0.19929338719135842,0.9480917164811259,1
1.4566627170210409,1.943098616088539,1.586289014430672,1.7611840769842633,1
-0.04203459043357554,-0.26347457374822997,-0.3924153097516134,-0.8552124868767867,0
-1.502664096844241,-1.4507718043677258,1.1509740631105694,1.0723860900612237,1
0.295772672101299,-0.7149819713077564,-0.11844086486483528,-0.7070950250271707,1
1.5029133164202342,2.453532905040314,1.5269278847052035,1.735289415821743,1
-1.35893146486521,-1.3392884963283362,1.2773067238083617,1.4690922990710342,1
1.4539944132095493,-1.3456589710734443,1.1932117900306143,1.2049667552133272,1
0.2763829977377916,-0.12412043869899354,-0.9517798013954516,-0.7961726594262405,0
-0.16442079192067055,-0.33673503331697147,-0.2432514453132564,-0.9401469754898533,1
-0.4664727833815538,0.7223563930572265,-0.4479712388536542,-1.0551192710514432,1
0.33793187232287103,-0.9124666884061032,-1.324308942429001,-0.6200889635211025,1
-2.1960673139906017,-1.4229009773578782,1.7548594020485093,1.8575122165088387,1
0.5421460573623846,1.0806955974695491,0.6677135839352802,-0.8438188359652778,1
0.5677617739527069,0.039122976644397935,-0.5956130230426402,-1.008508880958907,0
0.5293381990672231,-0.5278492756702102,-0.4978193670205542,-0.6490909840231253,0
1.4634224200101535,2.3539942371480023,0.8842294994083033,1.212217260338833,1
-0.013039022348696992,1.0392875116263476,-0.7329807655483719,0.7316123491624563,1
0.37297559571379846,0.1243280763602169,-0.8106068582662923,-0.24720584278081045,1
-0.6721100637871951,-0.45458881610146873,0.18293102451062054,-0.028654902569139103,1
-0.6365326796339698,-0.008655583943911579,-0.3364788605872293,0.5886738195453445,1
1.5546784103631763,-1.3751224167695686,1.2632274815016797,1.635853916957665,1
-0.4694968610345772,-0.5716462895428275,0.4451093474647734,0.45816472728624225,1
-0.016774647684785284,-0.9562637022787205,-0.057177134827653006,-0.5983374481445856,1
1.412902534512574,-1.3870670569166461,1.677994349455274,1.2070383281063288,1
-0.6735331591533249,0.8370249384691696,0.1498257790868014,-0.6055879532700912,1
1.6566076159621672,-1.3376958776420593,0.8922204207175013,1.5447047096655935,1
-1.9824251221504838,2.265603900059629,1.4283731885584323,1.7228599784637328,1
1.5228366515460403,-1.380696582171538,1.4009757440697546,1.1241754123862642,1
-1.1614769828148102,2.131823930412362,1.284156084930531,1.9911286681074434,1
-0.45170816895796456,-0.07076771270871425,-1.221949045658802,0.05317222670442492,1
-0.6295950897240911,0.7358936518905808,-0.40383091162189566,0.21475491235855157,1
-0.46718433106461765,0.7446530546651042,-0.5377739735665426,0.707789260892938,1
-1.8164566250756882,1.6277601162056952,1.7780711258514168,1.6658917239061883,1
0.2376036490107759,-0.12412043869899354,-0.8509419848746236,-0.6024805939305887,0
-1.699762805053109,1.326755184499344,1.2879612855539582,1.4380187056760099,1
-2.8996100856206324,-1.4045858624656928,1.934084351411943,1.393479888476475,1
0.3946778000472654,0.05106761679147553,-0.3809997078813308,-0.8541767004302859,0
-2.8398400802432135,2.0195443130298343,1.366728938458907,1.8906573827968647,1
0.24258448279222697,-0.3176236090816476,-0.6549741527681089,-0.17573657797225434,1
-0.00023116405353539347,-0.1288982947578244,-0.52217265101049,-0.9722563553313786,0
0.41602423053920035,-0.6297768715919375,-0.6055065446635516,-0.9494690535083605,0
0.010086277350899665,0.11397605489941653,0.4329327054698052,0.360800801315166,1
1.4194843505809207,-1.3631777766224913,1.2735015231849338,1.1573205786742902,1
1.7288297057932147,-1.319380762749874,1.2936690864890996,1.481521736429044,1
1.6558960682791024,-1.4571422791128337,1.2168040338958648,1.3416905661514344,1
-0.6324412804563496,-0.2563077896599835,-0.3821412680683591,0.23961378707457107,1
0.13691965185714783,-0.9666157237395208,-0.21128776007646552,-0.881107148039307,1
1.5925683244863613,1.6428899937253263,1.1829377483473602,1.6803927341571998,1
-0.23308514333639563,-1.0271352338180466,-1.369590829847788,-0.7650990660312161,1
0.4572939961569416,-0.12093520132643934,-1.2885400565687828,-0.09183787580568872,1
-2.3967237606147926,-1.4093637185245238,1.4120108258776938,1.7373609887147443,1
0.16609310686279233,-0.6417215117390149,-0.7055833210596942,-0.6905224418831577,0
1.4242872974416059,1.6285564255488334,1.7343113186820007,1.0568492933637113,1
0.04246169693033458,-0.12491674804213188,-0.1937838372086991,-0.9505048399548613,1
0.038726071594246285,0.10999450818372401,0.044041201755517616,-0.6801645774181496,1
-0.5269543364420364,0.7956168526259679,-0.31935545778180585,-0.8738566429138013,1
0.3078689827133957,0.005677984232581304,-1.0499539774798803,-0.8779997886998047,0
0.3156960072271052,-0.05085997913025189,-0.8459952240641678,-0.6190531770746017,0
-0.31260059691885367,-0.16234328716964133,-0.4955362466464976,-0.14880613036323326,1
-0.7366830160253,-0.06439723796360644,-0.45139591941473906,0.3027967603111205,1
-1.906467406983348,-1.3058435039165197,1.672286548520133,1.0174894083966806,1
0.5786128761194398,0.6769667604983324,0.49609903581870163,0.17332345449851908,1
0.6335799346361735,0.10999450818372401,-0.6081701850999508,-0.21406067649278446,1
0.5263141214141986,0.9676196707438828,0.3362806096347477,-0.8489977681977818,1
0.30840264347569357,-0.4689223842779616,-1.0195123724924606,-1.01265202674491,0
0.5113716200698445,-0.005470346571357668,-0.7276534846755734,-0.8831787209323085,0
-0.6989709888228811,0.6936892567042405,0.8088865270644398,-0.8987155176298208,1
-0.5619980598329628,0.6451143867727923,-0.6294793085911448,-0.8489977681977818,1
-0.853732609889411,2.1668615415104555,1.9671895968357622,1.894800528582868,1
-0.12653087779748567,-0.1464171003068712,-0.2424904051885708,-0.6242321093071058,1
0.4773952182035138,-0.008655583943911579,-0.532827212756087,-0.31349617535686236,1
0.6535032697619797,1.1069738057931195,0.8568320549196256,0.5866022466523428,1
0.3843603586428303,0.0861052278895691,-0.3775750273202462,-0.7091665979201723,0
1.4602204554363631,-1.4332529988186786,1.5874305746177002,1.96109086115892,1
0.5624251663297228,-0.008655583943911579,-0.4612894410356504,-0.8003158052122438,0
0.524535252206538,-0.4474220320132223,-1.3090881399352912,-0.5092598137455157,1
-0.24109005477087114,-0.8081501644549604,-0.9597707227046492,-0.6812003638646504,1
0.3308163954922264,0.7796906657631981,-0.767608091221562,0.9335907062301149,1
-2.1494609407498766,-1.4428087109363408,0.9671828729990225,1.2650423691103745,1
0.11752997749364047,-0.4378663198955604,0.017785317453868146,-0.5993732345910863,1
0.23262281522932385,-0.46732976559168465,-1.3604583483515622,-0.8666061377882955,0
1.45577328241721,-1.3568073018773834,1.867873860564305,1.9051583930478762,1
-3.216248804584338,1.982914083245464,0.9180957849568079,1.898943674368871,1
0.42776476730976515,-0.6528698425429539,-0.5781091001748738,-0.9380754025968517,0
0.2078965332428325,-0.3781431191601733,-0.17285523377984813,-0.4647209965459808,1
-1.9436457734234682,-1.4260862147304323,1.9702337573345041,1.36137050863495,1
-0.18896918698639592,-0.04687843241455936,-0.5617467374941357,-0.9753637146708809,1
0.4437745901787162,-0.48405226179759314,-0.05413297432891109,-0.9432543348293556,1
0.07626021187589924,-0.0540452165028058,-1.194932121232467,-0.5921227294655806,0
1.6301024647680142,-1.4404197829069252,1.810795851212893,1.3002591082914021,1
-0.04239036427510747,0.11317974555627792,-0.3418061414600278,-1.0199025318704158,0
0.09600566008093851,-0.6656107920331699,-0.3897516693152141,-0.5952300888050831,0
-0.619633422161188,-0.3319571772581406,0.4500561082752289,-0.7133097437061755,1
0.4386158694764991,-0.2762155232384459,-1.3250699825536867,-0.7371328319756941,0
0.2712242770355736,-0.09704592103228472,-0.7443963674186546,-1.0499403388189394,0
-0.20782520058760537,-0.6648144826900314,-1.256956891394335,-0.28035100906883637,1
-2.874172255951076,-1.3615851579362142,1.2221313147686632,1.459770221052527,1
-2.9684523239571234,-1.40617848115197,1.781876326474844,1.2557202910918672,1
-0.005923545518051322,-0.8527434876707161,-0.2527644468718251,-1.041654047246933,1
0.5567327848652069,1.3140142350091277,0.6304226178256914,0.1702160951590167,1
1.6838243148393852,-1.4332529988186786,0.969465993373079,1.9020510337083736,1
1.4963315003518873,-1.325751237494982,1.8484673373848248,1.6172097609206502,1
-0.6879419997353812,0.6506885521747618,-0.2930995734801561,-0.6791287909716488,1
0.029120177872875085,-0.21489970381678183,-0.3848049085047583,-0.8686777106812972,0
0.6373155599722617,-0.7046299498469561,-0.5769675399878456,-0.8987155176298208,1
1.6758194034049085,2.3898281575892346,0.9949608375500432,1.5778498759536195,1
-0.29570133944607185,-0.6050912819546442,-0.4388387573574285,-0.7671706389242178,1
-0.6404461918908251,-0.6042949726115058,0.6113966147085541,0.06353009116943299,1
-0.497069333753327,1.0583989358616712,0.5341510420529764,-0.8034231645517461,1
-2.4381714131533,2.2775485402067064,1.9112531476713783,1.1573205786742902,1
-1.6976281620039153,-1.4181231212990475,1.019314121539979,1.4701280855175352,1
0.2875898737460575,-0.40840287419943605,0.09807505060818779,-0.7257391810641853,1
0.07394768190593967,-0.10819425183622342,-0.41638807367920627,-1.0323319692284256,0
-0.5739164835242936,0.9875274043223452,-0.6823715972567866,0.6207831993868694,1
0.6344693692400043,-0.008655583943911579,-0.8848082704231282,-1.0810139322139636,0
-2.1226000157141915,1.3936451693229772,1.6251020607896327,1.9238025490848907,1
-0.022111255307769286,-0.424329061062206,-0.7067248812467225,-0.15398506259573738,1
-2.4459984376670096,2.221806886187012,1.6216773802285478,1.24639821307336,1
1.5153654008738628,1.422312305675963,1.4805044370993883,1.9351961999963996,1
-3.109516652124662,2.0617487082161743,1.4180991468751778,1.014382049057178,1
-0.6795813144593728,0.7374862705768578,-0.5252168115092319,-0.6294110415396098,1
1.7201132466756743,-1.4372345455343711,1.1901676295318724,1.7425399209472487,1
-0.6769130106478812,-0.22206648790502828,0.7605604791469105,-1.0882644373394692,1
-0.11674709715534849,-0.775501481386282,-0.3311515797144308,-0.9442901212758564,1
-2.8967638948883745,2.42406945934419,1.3629237378354797,1.5074163975915644,1
1.6704827957819257,2.024322169088665,0.9021139423384129,1.4214461225319968,1
0.2785176407869852,-0.33275348660127907,0.35758973312594167,0.8755866652260692,1
-0.20586844445917774,0.04867868876205995,-0.4666167219084489,-0.6677351400601399,1
1.4861919458682182,-1.3799002728283998,1.9576765952771935,1.0495987882382054,1
0.33526356851137956,1.185012121420692,-0.8558887456850794,0.24997165153957915,1
-0.017130421526317215,-0.13128722278723998,-0.3364788605872293,-0.6656635671671383,0
-0.42787132157530405,1.0878623815577957,0.3389442500711467,-0.8966439447368192,1
0.018269075706141124,-0.23082589067955167,-0.8026159369570947,-0.27206471749682987,1
0.6230846063109714,0.8577289813907706,-0.6233909875936606,0.27586631270209944,1
0.5965794551168194,-0.08589759022834575,-1.1458450331902528,-0.8034231645517461,0
0.32209993637468604,-0.8455767035824696,-0.3509386229562538,-0.8873218667183119,1
-0.7377503375498968,0.6801519978708862,0.5683978476638233,-0.9836500062428873,1
0.46885664600674043,1.0655657199499178,-0.7771210927801308,-0.011046532978625314,1
0.12873685350190636,-0.3733652631013423,-0.9730889248866454,-0.6967371605621626,0
0.22835352913093665,-0.28975278207180033,0.2841493610937912,-0.040048553480648154,1
-0.37076962000937674,-0.1472134096500098,-1.2166217647860036,-0.18609444243726259,1
0.42563012426057156,-0.05563783518908275,-0.9810798461958432,-1.0530476981584418,0
1.6822233325524893,2.052989305441651,1.466044674730364,1.7166452597847284,1
1.5343993013958381,2.457514451756006,1.5273084047675463,1.3903725291369728,1
-0.9085217814853777,-1.3201770720930126,1.8484673373848248,1.8606195758483413,1
0.10187592846622141,-0.22286279724816677,-0.35740746401608053,-0.7868505814077331,0
-0.008058188567244922,-1.023153687102354,-0.04728361320674138,-0.6345899737721139,1
-0.5258870149174396,-0.627387943562522,0.2362038332386054,-0.022440183890134368,1
0.2456085604452514,0.07177165971307622,-0.27255149011364777,-0.6325184008791123,1
-0.23504189946482226,-0.7842608841608056,-1.0438656564823965,-0.6428762653441203,1
0.6374934468930278,-0.1464171003068712,-0.4426439579808557,-0.6501267704696261,0
0.6285991008547214,0.05504916350716777,-0.4943946864594696,-0.6718782858461432,0
0.16004495155674447,-0.28975278207180033,0.002183994897815643,-0.0700863604291716,1
0.3943220262057335,-0.7412601796313268,-0.31212557659729345,-0.43054004381145405,1
0.1774778697918252,-0.28975278207180033,-0.4586258005992512,-0.11566096407520725,1
0.4197598558752897,-0.2523262429442911,-0.4525374796017674,-0.8572840597697883,0
0.625575023201698,-0.20534399169911996,-0.07315897744604845,-0.7340254726361918,1
-0.0018321463404310989,-0.6823332882390781,-0.8943212719816969,-0.7899579407472356,1
0.599247758928311,-0.45379250675833027,-0.9175329957846043,-0.9038944498623249,0
-0.4913769522888111,1.1467892729500444,0.8378060518024882,-0.6729140722926439,1
0.48522224271722336,-0.20375137301284288,-0.5819143007983013,-0.7174528894921788,0
0.2952390113390011,-0.6377399650233225,-0.7866340943386995,-1.0540834846049425,0
-0.4566890027394166,0.5559277403412811,-1.300336178501408,0.788580603720001,1
0.29310436828980746,-0.29851218484632386,-1.1937905610454387,-0.7050234521341692,0
-0.7220962885224768,-0.01980391474785055,0.31687408645526743,-0.6283752550931091,1
-0.5006270721686493,-0.6409252023958765,0.2685480385377387,0.6611788708004012,1
-0.6030899385299381,-0.31204944367967824,0.17646218345079379,0.72332605759045,1
0.16057861231904239,0.5877801140668208,0.8545489345455696,0.426055347444717,1
0.24489701276218653,-0.39008775930725065,-1.1747645579283015,-0.9152881007738338,0
1.6220975533335387,2.420087912628497,1.5132291624608645,1.4349113463365075,1
0.21821397464726755,1.1308630860872741,0.6863590669900752,0.7253976304834516,1
0.04850985223638345,-0.5190898728956869,-0.3581685041407659,-0.9277175381318434,0
-0.027269976009986308,-0.48166333376817755,-1.2463023296487379,-1.0147235996379116,0
0.17943462592025183,0.06619749431110675,-1.2619036522047904,-0.8334609715002695,0
-0.6219459521311476,-0.40203239945432806,-1.1534554344371077,0.2872599636136083,1
0.22604099916097709,-0.5756278362585199,-0.17551887421624734,-0.3186751075893664,1
-0.3389278611922407,-0.8352246821216693,-0.276737210799418,-0.985721579135889,1
1.476763939067613,1.507517405391782,1.9717558375838753,1.015417835503679,1
0.45800554384000647,-0.9371522780433966,-0.17589939427859003,-1.0199025318704158,1
-0.6699754207380025,0.6737815231257781,-0.31516973709603563,0.23132749550256457,1
0.582882162217827,-0.12969460410096303,-0.37947762763195986,-1.0644413490699507,0
0.3228114840577499,-0.63375841830763,-1.0842007830907276,-0.9225386058993396,0
0.41086550983698333,-0.47529285902306956,-1.137854111881055,-1.0872286508929685,0
0.35109550445956456,-0.010248202630188817,-0.6682923549501051,-0.8013515916587446,0
1.492773761936565,2.4384030275206827,1.9397921523470845,1.8077944670767994,1
-3.0726940595260737,2.1843803470595025,1.7133827152531498,1.5902793133116293,1
1.4997113518464438,1.4247012337053786,1.1559208239210248,1.9289814813173944,1
-0.5159253473545364,-0.21012184775795084,0.2662649181636821,-0.7153813165991773,1
0.4297215234381928,-0.3964582340523586,-1.381767471842756,-1.0167951725309134,0
0.031076934001302722,-0.28019706995413846,-1.0465292969187956,-0.7899579407472356,0
-2.3533193519478575,-1.3424737337008903,1.3785250603915322,1.592350886204631,1
-1.460149122781136,-1.3345106402695055,1.3461808550923984,1.2764360200218834,1
1.5740680847266848,1.7695031792843472,1.2951911667384708,1.8036513212907963,1
0.5085254293375859,-0.3646058603268189,-0.9658590437021332,-1.0561550574979441,0
1.401517771583542,-1.4292714521029861,1.6650566673356209,1.4028019664949822,1
1.434960512687574,-1.3544183738479678,1.1281428593700047,1.8222954773278108,1
-2.8056857914561175,-1.3878633662597843,1.6239605006026043,1.1262469852792658,1
0.19491078802690492,-0.30806789696398573,-1.1374735918187122,-0.7785642898357267,0
0.5465932303815378,0.9437303904497278,0.7727371211418786,-0.7744211440497235,1
-0.689187208180744,0.9763790735184061,-1.259620531830734,0.7626859425574808,1
0.30484490506037126,0.10601296146803148,-0.31973597784414853,-0.8458904088582795,0
-0.5015165067724802,-0.5389976064741492,-0.5244557713845466,0.3349061401526457,1
0.2199928438549292,-0.08987913694403829,-1.0537591781033078,-0.8883576531648127,0
-0.32772098518397486,0.08769784657584606,-0.186553956024187,-0.7920295136402373,1
1.3831954187446307,2.0689154923044213,1.7910088079710704,1.5975298184371352,1
0.6182816594502863,-0.35505014820915687,-0.699875520124553,-0.9556837721873656,0
-2.4234067987297117,2.4463661209520677,0.8990697818396705,0.9936663201271617,1
-0.3935391458674415,-1.023153687102354,-0.9814603662581859,-1.0851570779999669,1
-2.0059061956916127,-1.4563459697696952,1.6604904265875078,1.2847223115938897,1
-2.2547699978434235,-1.3615851579362142,1.235830037013002,1.927945694870894,1
0.0088410689055369,1.0098240659302231,0.6125381748955818,-0.8945723718438177,1
-0.30601878085050693,-0.5326271317290413,-0.7531483288525376,-0.19852387979527225,1
0.22675254684404195,-0.38610621259155825,-1.285115376007698,-0.9380754025968517,0
0.6099209741742789,-0.010248202630188817,0.5352926022400046,0.8590140820820562,1
-0.49297793457570577,-0.12173151066957796,0.40287162054472847,-0.6376973331116164,1
-0.019265064575510814,0.5662797618020815,-1.059466979038449,0.9273759875511097,1
0.6593735381472616,-0.21967755987561285,-1.3825285119674413,-0.7278107539571869,0
0.2062955509559378,-0.511126779464302,-0.5046687281427237,-0.9163238872203345,0
0.3324173777791211,0.006474293575719639,-1.1340489112576275,-0.7775285033892259,0
-1.833177995627704,-1.4340493081618173,1.5181759232713206,1.3106169727564099,1
-1.9783337229728626,-1.3599925392499372,1.0703038098939068,1.1200322666002607,1
-0.25158538309607215,0.11317974555627792,-1.317079061244489,-0.4191463928999451,1
0.11539533444444687,0.11477236424255488,-0.45291799966411,-0.5662280683030603,1
1.4324700957968473,1.9486727814905085,1.4359835898052868,1.1210680530467616,1
-0.25585466919445937,-0.2133070851305049,-0.15192663035099713,-0.8997513040763215,1
1.669237587336562,1.337107205960144,0.9531036306923407,1.7518619989657556,1
0.1913530496115826,0.9668233614007444,0.7571357985858262,0.6259621316193736,1
0.18992995424545386,-0.22843696265013624,-0.5762064998631602,-0.6045521668235904,0
0.6140123733518992,-0.859113962415824,-1.0556617784150217,-0.16745028640024784,1
-0.4139961417555456,-0.44503310398380685,0.2662649181636821,-0.7682064253707186,1
-0.5000934114063514,0.08929046526212302,0.3632975340610825,0.31522619766913035,1
-0.6059361292621965,-0.19260304220890404,0.20271806775244325,-0.9411827619363541,1
0.29434957673517026,-0.5636831961114426,-1.2873984963817546,-0.5952300888050831,0
0.5791465368817387,-0.8169095672294839,-0.6633455941396492,-1.040618260800432,1
0.4371927741103694,0.7629681695572896,-1.1142618680158047,0.6187116264938679,1
-0.20907040903296814,-0.07315664073812983,-0.12871490654808931,-0.7133097437061755,1
0.10401057151541501,1.141215107548075,0.39564173936021635,-0.6294110415396098,1
-0.4933337084172387,-0.13686138818920945,0.2651233579766538,0.08838896588545249,1
0.4850443557964574,-0.9666157237395208,-1.198356801793552,-0.255492134352817,1
0.6348251430815363,-0.05961938190477529,-0.7641834106604772,-0.8655703513417948,0
1.6233427617789016,1.774281035343178,1.2228923548933486,1.508452184038065,1
-0.7487793266373957,0.8784330243123712,-0.5503311356238534,-0.6335541873256131,1
0.36941785729847515,-0.261881955061953,-0.4765102435293603,-0.7754569304962243,0
-0.38891408592752236,-0.22923327199327473,-0.34523082202111266,-1.0064373080659053,1
0.09227003474485022,-1.0573949888573093,-0.6762832762593025,-0.8666061377882955,1
0.07127937809444716,-0.487237499170147,-0.14697986954054132,-0.9101091685413296,1
1.4938410834611617,-1.4045858624656928,0.9938192773630149,1.5871719539721267,1
0.07305824730210883,-0.38610621259155825,-1.0320695345497712,-1.0261172505494207,0
0.3840045848012974,-0.021396533434127507,-1.2402140086512539,-0.8966439447368192,0
0.32885963936379875,-0.3032900409051547,-1.28397381582067,-1.0841212915534661,0
1.4539944132095493,1.6850943889116667,1.677994349455274,1.5291679129680815,1
0.33722032463980617,-0.5541274839937805,-1.2828322556336418,-0.9629342773128711,0
-0.49689144683256103,1.0472506050577322,0.40934046160455523,-0.8231031070352615,1
0.5067465601299254,-0.5780167642879355,-1.2451607694617097,-0.5807290785540716,0
0.37795642949524955,-0.32479039316989416,-0.35664642389139495,-0.7899579407472356,0
-1.8048939752258892,-1.454753351083418,1.4462576314885414,1.9818065900889357,1
-0.417553880170869,0.8497658879593856,-1.0773514219685583,0.12360570506648007,1
0.0753707772720684,-0.20852922907167387,-0.03624853139880202,-0.6200889635211025,1
-0.5038290367424397,-0.6019060445820902,0.24838047523357304,-0.8842145073788096,1
-1.9434678865027022,1.9446912347748158,1.6791359096423022,1.1086386156887518,1
-2.484422012552493,-1.352825755161691,1.8522725380082525,1.2733286606823808,1
0.43737066103113537,-0.13208353213037832,-0.6911235586906697,-0.8738566429138013,0
-0.3576059878726842,-0.43547739186614487,-1.4110675166431474,-0.18920180177676496,1
0.13514078264948717,0.7151896089689801,0.49838215619275766,-0.9536121992943637,1
1.5740680847266848,2.4153100565696666,1.17875202766159,1.8647627216343445,1
0.17569900058416354,-1.023153687102354,-0.7634223705357919,-0.7868505814077331,1
1.487615041234347,-1.3480478991028597,1.1441247019884002,1.0651355849357178,1
0.5321843897994816,-0.3152346810522322,-1.116544988389861,-0.93600382970385,0
-0.7375724506291298,0.5368163161059571,-1.292725777254553,-0.8023873781052454,1
-0.11443456718538893,-0.273030285865892,-0.6857962778178712,-0.17055764573975038,1
0.5940890382260929,-0.6831295975822168,-0.004284846162011124,-1.0499403388189394,1
-0.5619980598329628,0.5630945244295276,0.4359768659685477,-1.0074730945124062,1
0.1349628957287202,-1.0199684497298,-1.0073357304974926,-0.8634987784487932,1
0.20291569946138144,-0.049267360443974936,-0.6294793085911448,-0.9732921417778793,0
-2.8796867504948263,2.4009764883931735,2.001816922508952,1.4380187056760099,1
0.21181004549968777,-0.21888125053247437,-1.1519333541877366,-0.799280018765743,0
0.028586517110577192,-0.09067544628717662,-1.2181438450353745,-0.8396756901792745,0
-0.6655282477188493,1.2184571138325089,-0.9144888352858624,0.013812341737394183,1
-0.7834672761867912,2.4384030275206827,1.1840793085343886,1.7653272227702665,1
0.42580801118133754,-0.39964347142491263,-0.9228602766574029,-0.6501267704696261,0
-0.6128737191720752,0.7343010332043038,0.1121542929148696,-0.9753637146708809,1
-0.24660454931462109,-0.03732272029689763,-1.2375503682148545,-0.5537986309450506,1
0.4473323285940385,-0.7165745899940336,-0.9004095929791807,-0.9991868029403996,1
0.6099209741742789,0.5583166683706965,0.5063730775019557,0.07699531497394363,1
-0.4204000709031264,-0.198973516954012,0.34236893063223156,0.2541147973255823,1
0.27104639011480763,-0.19101042352262695,-0.6450806311471973,-0.7091665979201723,0
-0.07867929611139765,-0.43547739186614487,-0.47232452284359006,-0.7557769880127089,1
1.3874647048430178,-1.3719371793970145,1.9515882742797097,1.0133462626106773,1
-0.5529258268738905,-0.3462907454346335,0.21337262949804023,-0.7474906964407023,1
-2.3136505686170117,-1.3878633662597843,1.2826340046811602,1.5115595433775675,1
0.37261982187226556,0.08212368117387658,-0.603603944351838,-0.7692422118172194,0
0.34735987912347527,-0.2523262429442911,-0.7093885216831217,-0.9370396161503507,0
-0.21974362427893615,-0.4880338085132855,0.09312828979773224,-0.997115230047398,1
1.7288297057932147,2.0705081109906978,0.923042545767264,1.117960693707259,1
1.4386961380236623,-1.436438236191233,1.9721363576462176,1.3106169727564099,1
0.10863563145533414,-0.11217579855191595,-0.7029196806232949,-0.6542699162556294,0
-0.6612589616204622,-0.0866938995714841,0.11253481297721254,-0.9328964703643475,1
0.06967839580755247,0.9142669447536038,0.588565410967989,0.48095202910926016,1
-0.6507636332952601,-0.30169742221887774,-0.4985804071452398,0.7026103286604338,1
0.3738650303176283,-0.5087378514348864,-0.3212580580935195,-0.9132165278808322,0
0.2950611244182341,1.017787159361608,0.13270237628137765,0.3877312489241871,1
0.02324990948759319,0.08849415591898468,-0.2078630795153809,-0.4522915591879711,1
0.30982573884182335,0.6204287971354991,0.188638825445762,-0.023475970336635156,1
0.5163524538512955,0.5925579701256517,-1.2436386892123388,0.7140039795719427,1
1.4260661666492676,1.7352618775293915,1.1125415368139517,1.8336891282393197,1
0.05188970373093981,0.5893727327530978,0.3945001791731881,0.5607075854898226,1
0.49536179720089346,-0.2451594588560447,-1.0267422536769728,-0.8893934396113136,0
1.4552396216549122,2.1214719089515617,1.3789055804538748,1.295080176058898,1
-1.2134199636785183,1.4772576503525197,1.1795130677862753,1.129354344618768,1
0.6536811566827457,-0.04050795766945154,-0.9631954032657342,-0.7899579407472356,0
-1.1335487362545285,-1.3201770720930126,0.9424490689467437,1.2412192808408558,1
0.30982573884182335,-0.6003134258958133,-1.0183708123054322,-0.914252314327333,0
-1.619535803787586,1.3912562412935623,1.3781445403291894,1.6917863850687087,1
-3.185652254212564,2.314178769991077,1.440169310491057,1.2422550672873565,1
0.4644094729875873,0.019215243065935566,-0.77978473321653,-0.6698067129531414,0
-0.640801965732357,1.192975214852077,-0.7348833658600858,-0.8344967579467706,1
0.4773952182035138,-0.036526410953759005,-1.3859531925285262,-1.0561550574979441,0
0.5626030532504889,-0.4251253704053445,-0.7055833210596942,-0.8365683308397721,0
0.2922149336859766,-0.1137684172381929,-0.4004062310608108,-0.9763995011173816,0
-0.7494908743204606,0.645910696115931,0.5703004479755369,-0.8086020967842503,1
-0.1423628137456707,0.09486463066409251,-0.8520835450616518,-0.8086020967842503,1
-0.35173571948740134,-0.4617556001897152,-0.24363196537559909,-0.9670774230988743,1
-0.06942917623155839,-0.43069953580731385,-0.2896748929190715,-0.3849654401654183,1
-0.3188266391456685,-0.17110268994416472,-1.000866889437666,-0.6843077232041528,1
0.4115770575200472,-0.5302382036996257,-0.6294793085911448,-1.0105804538519085,0
-2.865100022992004,1.6213896414605868,2.0075247234440936,1.9600550747124192,1
-2.578168419796242,1.9375244506865696,1.4382667101793434,1.2443266401803583,1
-0.7188943239486874,1.219253423175647,-0.6603014336409073,-0.9484332670618598,1
-0.5481228800132054,0.9668233614007444,-0.6332845092145722,0.7150397660184433,1
-0.7478898920335659,-0.17747316468927254,-0.4612894410356504,0.6311410638518777,1
-0.29516767868377297,-0.039711648326312916,-1.003530529874065,-0.06697900108966923,1
1.4536386393680174,-1.3862707475735074,1.3682510187082784,1.0237041270756853,1
0.662931276562584,1.0297317995086854,-0.7326002454860293,0.8196541971150254,1
0.5867956744746823,-0.15995435914022574,-0.4571037203498802,-1.0716918541954563,0
-0.8250928156460644,1.6285564255488334,1.3222080911648055,1.394515674922976,1
0.31676332875170204,0.09008677460526164,0.2578934767921417,0.04488593513241842,1
0.19793486567992935,0.9301931316163736,0.6015030930876425,0.657035725014398,1
0.5197323053458529,0.9469156278222821,-1.1781892384893862,0.4612720866257446,1
-0.01979872533780972,0.09884617737978504,-0.03434593108708839,-0.5848722243400749,1
0.034101011654327155,0.5551314309981425,0.5680173276014809,-0.6863792960971544,1
0.4982079879331509,-0.8328357540922537,0.060023044373913065,-0.9266817516853426,1
0.4348802441404098,-0.8336320634353922,-1.3536089872293926,-0.9225386058993396,1
0.6006708542944397,-0.4975895206309475,-0.9141083152235195,-0.8407114766257753,0
0.21607933159807394,-0.2969195661600467,-0.4616699610979931,-0.7474906964407023,0
-0.8405689777527174,-1.3647703953087682,1.2266975555167758,1.2754002335753825,1
0.3035996966150085,-0.5358123691015951,-1.3996519147728652,-0.6656635671671383,0
1.3936907470698325,-1.3416774243577518,1.0547024873378543,1.6658917239061883,1
0.6504791921089553,-0.03095224555178952,-0.5202700506987764,-1.0509761252654402,0
0.6236182670732704,-0.3582353855817109,-0.34104510133534244,-0.9287533245783445,0
1.5762027277758783,-1.412548955897078,1.881953102870987,1.563348865702608,1
1.5390243613357573,-1.3042508852302428,1.2445819984468853,1.1272827717257663,1
0.0764380987966652,-0.4091991835425745,-0.7173794429923195,-0.6418404788976196,0
0.4057067891347653,-0.2539188616305681,-0.5567999766836799,-1.0468329794794369,0
1.5742459716474506,-1.3313254028969514,1.0737284904549915,1.1832152398368105,1
1.4438548587258802,2.345234834373479,1.5139902025855503,1.6544980729946794,1
-0.034029678999100046,-0.5023673766897784,-0.7318392053613436,-0.7899579407472356,0
0.5344969197694411,-0.26347457374822997,-0.8482783444382244,-1.073763427088458,0
0.27940707539081505,-0.08350866219893019,-0.4026893514348674,-0.6957013741156618,0
1.6827569933147883,2.152527973333963,1.355693856650967,1.5333110587540846,1
-2.6816986076821276,-1.3297327842106743,1.7316476782456016,1.3396189932584328,1
-0.6288835420410273,0.05982701956599892,0.240770073986718,0.8155110513290224,1
0.28100805767771075,-0.419551205003375,-0.5765870199255029,-0.06594321464316844,1
1.5482744812155966,1.3649780329699914,1.2133793533347799,1.8005439619512937,1
-2.0582049503968536,1.9510617095199236,1.9561545150278223,0.9915947472341602,1
-0.31562467457187815,-0.0245817708066817,-1.1039878263325504,-0.20163123913477463,1
0.48575590347952224,-0.25551148031684506,-0.37719450725790327,-0.814816815463255,0
0.6399838637837543,-0.8543361063569931,-1.0282643339263438,-0.134305120112222,1
-0.0021879201819630283,0.11079081752686262,-0.34332822170939875,-0.6149100312885984,0
0.027697082506746358,-0.5724425988859659,-0.7752184924684169,-0.6273394686466082,0
0.49927530945774773,0.012844768320827744,-0.8669238274930191,-0.8914650125043151,0
1.630636125530313,2.18039880034381,1.4538680327353963,1.8057228941837982,1
1.5061152809940246,-1.3583999205636603,1.6711449883331049,1.0123104761641764,1
-2.1220663549518934,1.4382384925387333,1.214901433584151,1.7373609887147443,1
-0.24091216785010516,-0.8407988475236388,-0.355124343642024,-0.7961726594262405,1
-0.47287671252913355,-0.19260304220890404,0.7712150408925075,0.4571289408397414,1
-0.6882977735769131,1.1260852300284432,-0.6294793085911448,-0.6004090210375871,1
-0.029938279821478814,-1.0048385722101687,-0.13518374760791607,-0.661520421381135,1
0.3743986910799272,-0.5668684334839965,-0.97651360544773,-0.947397480615359,0
-0.6134073799343741,1.1428077262343517,-1.3387687047980255,-0.017261251657630237,1
-0.7695920963670329,-1.351233136475414,1.6734281087071614,1.1417837819767778,1
1.6320592208964417,-1.3520294458185522,1.0067569594826684,1.8533690707228356,1
0.30075350588275107,-0.7938165962784675,-0.6686728750124478,-0.2503132021203128,1
-0.02869307137611605,-0.18702887680693456,-1.0720241410957598,-0.6273394686466082,0
-0.3287883067085717,-0.21410339447364335,-1.3235479023043157,-0.832425185053769,1
0.19544444878920383,-0.010248202630188817,-0.24972028637308316,-0.320746680482368,1
0.6266423447262948,0.6435217680865154,-1.3216453019926018,0.7771869528084921,1
-0.5031174890593749,-0.4171622769739594,0.3811819769911916,0.46437944596524716,1
0.43754854795190234,-0.05723045387535999,-0.04385893264565707,-0.6915582283296585,1
0.5022993871107722,-0.4848485711407316,-0.6911235586906697,-0.6200889635211025,0
-0.4497514128295369,-0.4370700105524218,0.849221653672771,-0.8241388934817624,1
-0.06391468168780842,-0.20932553841481236,-0.8026159369570947,-0.507188240852514,1
0.6396280899422213,-0.2356037467383827,-0.06402649594982217,-0.997115230047398,1
-0.720495306235582,-0.5812020016604894,0.1471621386504024,0.42398377455171543,1
-2.723324147141401,1.422312305675963,1.9253323899780597,1.5157026891635708,1
-0.24838341852228177,-0.9920976227199527,-1.1329073510705991,-0.8117094561237527,1
0.24169504818839613,-0.11297210789505457,-0.17932407483967489,-0.5765859327680685,1
0.03943761927731115,-0.5286455850133487,-1.2424971290253104,-0.9867573655823897,0
1.4531049786057184,1.7177430719803446,1.6083591780465514,1.0247399135221862,1
-0.40439024803417545,0.7597829321847357,-1.2253737262198867,-0.683271936757652,1
0.44644289399020864,-0.9339670406708425,-0.013797847720579804,-1.0095446674054076,1
0.3375760984813391,-0.011840821316465773,-1.3684492696607595,-1.0364751150144287,0
-1.4590818012565392,2.144564879902578,1.7609477230459931,1.6058161100091415,1
0.1493717363107765,-0.42034751434651346,-0.6203468270949187,-0.9225386058993396,0
-0.11977117480837293,-0.3152346810522322,-0.4472101987289689,-0.7298823268501885,1
0.2785176407869852,-0.9116703790629647,-0.17171367359281983,-0.6801645774181496,1
0.4727701582635947,-0.3805320471895888,-0.869967987991761,-0.6853435096506536,0
0.0052833304902145705,0.08212368117387658,0.07372176661825194,-0.9225386058993396,1
0.47846253972811065,-0.09386068365973053,0.08551788855087719,-0.6708424993996422,1
-0.5036511498216738,-0.12650936672840882,0.8008956057552418,-0.89767973118332,1
1.5918567768032974,-1.3329180215832286,1.0969402142578992,1.0268114864151878,1
-0.46540546185695697,0.7311157958317499,-1.083439742966042,-0.9598269179733686,1
0.5474826649853677,1.0719361946950254,0.3218208472657235,-0.8034231645517461,1
-0.731702182243848,1.1531597476951523,0.2312570724281493,-0.8334609715002695,1
-1.0421148589807385,-1.4404197829069252,0.95158155044297,1.2318972028223485,1
-2.38444956308193,-1.3982153877205852,1.2487677191326556,1.7808640194677785,1
-0.619989196002721,0.6228177251649147,-0.39850363074909717,-0.7951368729797397,1
-2.9531540487712364,-1.4205120493284626,1.3104119692321803,1.607887682902143,1
-0.09593432742571141,-0.5071452327486093,-0.7268924445508881,-0.6749856451856455,1
-1.3708498885565408,-1.4523644230540027,1.262846961439337,1.8595837894018399,1
1.5600150179861603,-1.3480478991028597,1.1167272574997218,1.3551557899559452,1
1.609823355800676,1.4621277728328879,1.7993802493426108,1.9258741219778919,1
0.5700743039226664,-0.5007747580035015,-0.9787967258217867,-0.7091665979201723,0
0.2004252825706549,-0.2523262429442911,-0.01265628753355152,-1.040618260800432,1
1.6073329389099504,-1.3464552804165828,1.9835519595165,1.2080741145528298,1
-2.6311787221845475,-1.4603275164853875,1.2301222360778608,1.5364184180935871,1
0.46565468143295,-0.6823332882390781,-1.3600778282892192,-0.12912618787971789,1
0.0036823482033188654,-0.6592403172880619,-0.6580183132668508,-0.8790355751463055,0
1.4095226830180176,1.4764613410093808,1.8773868621228738,1.8761563725458532,1
0.34735987912347527,-0.6034986632683673,-0.6401338703367417,-1.039582474353931,0
-2.315607324745439,1.8650603004609663,1.725178837185775,1.3727641595464588,1
1.5975491582678134,-1.3982153877205852,1.2693158024991638,1.8595837894018399,1
0.16004495155674447,-0.45857036281716124,-0.740591166795227,-0.6646277807206374,0
0.05331279909706854,-0.45379250675833027,-1.175145077990644,-1.0199025318704158,0
0.24756531657367903,-0.2459557681991832,-0.6389923101497135,-0.8189599612492584,0
-0.13595888459808989,-0.4283106077778984,-0.7657054909098482,-1.0758349999814596,1
-0.12706453855978356,0.08371629986015382,-0.52217265101049,-0.3839296537189175,1
0.4270532196267003,-0.12252782001271659,-0.3931763498762987,-1.072727640641957,0
-0.15570433280313017,-0.1886214954932115,-1.347140146169566,-0.35492763321689474,1
1.6124916596121674,2.4933483721972385,1.7423022399911987,1.508452184038065,1
-0.37930819220615114,-0.5533311746506421,-0.45405955985113833,-0.6086953126095936,1
-0.37610622763236073,-0.9913013133768142,-1.102846266145522,-0.7205602488316812,1
-2.5874185396760803,2.309400913932246,1.4706109154784772,1.8792637318853558,1
0.17000661911964762,-0.2451594588560447,-1.0073357304974926,-0.8583198462162893,0
-0.7281444438285256,-0.23719636542465963,0.33818320994646134,-0.8800713615928062,1
0.6113440695404077,-0.6417215117390149,-0.8615965466202206,-0.8521051275372844,0
0.6092094264912141,-0.2945306381306313,-1.06098905928782,-0.10737467250320075,1
1.5585919226200315,1.6285564255488334,1.4709914355408196,1.8585480029553394,1
-0.6616147354619941,0.6817446165571632,-1.1450839930655672,-0.8117094561237527,1
-0.5628874944367936,0.5654834524589429,-1.0271227737393156,0.5430992158993088,1
-3.1598586507014756,1.3578112488817453,1.7183294760636052,1.8419754198113267,1
0.5417902835208518,-0.4370700105524218,0.002564514960158585,-0.9277175381318434,1
0.20985328937126013,-0.32080884645420166,0.38460665755227647,0.8673003736540629,1
0.3626581543093624,-0.5939429511507053,-0.6138779860350919,-1.0478687659259376,0
0.4489333108809342,-0.2515299336011525,-1.300336178501408,-0.799280018765743,0
1.4691148014746696,-1.355214683191106,1.3450392949053702,1.6503549272086762,1
1.552010106551685,-1.4563459697696952,1.424187467872662,1.682464307050201,1
1.6993004769460371,1.7456138989901921,1.8617855395668212,1.5136311162705691,1
0.3633697019924273,-0.16632483388533356,0.6947305083616157,0.11117626770847042,1
-0.25834508608518486,-0.004674037228219331,-1.1195891488886032,-0.7785642898357267,1
1.4740956352561214,-1.3958264596911696,0.9375023081362882,1.39969460715548,1
0.6138344864311333,0.06938273168366066,0.5516549649207425,0.5410276430063072,1
-0.48995385692268234,-0.09784223037542307,0.14259589790228927,0.40741119140770243,1
0.09440467779404382,0.11955022030138603,-0.9023121932908945,-0.8044589509982469,0
-0.3051293462466761,-0.16712114322847219,-1.0583254188514208,-0.6273394686466082,1
-0.8412805254357824,-1.351233136475414,1.8926076646165835,1.2992233218449012,1
0.04530788766259305,-0.12013889198330101,-1.1321463109459138,-0.26481421237132424,1
-1.3139260739113805,-1.4197157399853244,1.3990731437580404,1.7011084630872164,1
-1.3937973013353715,-1.4308640707892635,0.9877309563655311,1.3530842170629431,1
0.13140515731339786,-0.08350866219893019,-1.356272627665792,-0.9235743923458403,0
-0.42715977389223914,1.074325122724441,-0.723848284052146,0.9625927267321374,1
-2.806219452218416,-1.410956337210801,1.4591953136081943,1.0599566527032138,1
0.12517911508658405,0.8871924270868949,0.8556904947325973,0.6456420741028892,1
1.4314027742722515,-1.3727334887401532,2.0033390027583233,1.2650423691103745,1
0.35447535595412094,-0.032544864238066476,-1.0141850916196622,-0.7081308114736715,0
-2.3639925671938253,1.7710957979706239,1.2118572730854087,1.1573205786742902,1
0.022538361804528322,-0.19658458892459643,-0.31935545778180585,-0.6004090210375871,0
-0.03563066128599474,-0.7858535028470826,-0.06630961632387875,-1.0592624168374467,1
0.497674327170853,0.11238343621313958,-0.5708792189903618,-1.0934433695719734,0
0.18405968586017196,-0.5119230888074404,-0.6983534398751821,-1.0509761252654402,0
-0.523930258789012,0.7788943564200594,0.5478497642973152,-1.0654771355164514,1
0.16431423765513167,-0.4442367946406684,-0.5811532606736157,-0.8686777106812972,0
0.17303069677267205,-0.11137948920877762,-0.13442270748323074,-0.826210466374764,1
0.08924595709182578,-0.22923327199327473,-0.8106068582662923,-0.8893934396113136,0
-0.6441818172269134,-0.2786044512678615,-1.3372466245486545,0.8942308212630837,1
1.5272838245651936,-1.3289364748675359,1.959579195588907,1.8409396333648254,1
0.4894915288156106,-0.2602893363756761,-1.0682189404723323,-1.008508880958907,0
-2.421983703363583,2.0434335933239893,0.8926009407798443,1.6161739744741497,1
-0.19537311613397673,-0.061212000591052244,-1.3479011862942516,-0.30520988378485586,1
0.2696232947486789,-0.38371728456214266,-1.402315555209264,-0.8137810290167542,0
1.594347193694023,1.8594861350589968,0.9142905843333806,1.6451759949761722,1
0.12838107966037443,-0.29612325681690826,-0.6173026665961768,-0.9484332670618598,0
0.2950611244182341,-0.2849749260129694,-0.9057368738519791,-0.6242321093071058,0
0.136030217253317,-0.3399202706895255,-1.347140146169566,-0.49683037638750593,1
0.26446457404646084,0.549557265596173,0.4778340728262496,0.5410276430063072,1
-0.07654465306220405,-0.1257130573852705,-1.0412020160459972,-0.2451342698878087,1
0.2859888914591618,-0.3725689537582038,-0.8627381068072488,-0.8396756901792745,0
-0.6683744384511068,0.6467070054590693,0.31915720682932397,-0.7184886759386796,1
-0.24304681089929878,-0.7014447124744021,-0.9510187612707662,-1.0768707864279605,1
-2.014800541729919,-1.4229009773578782,0.9546257109417119,1.1604279380137923,1
-1.6072616062547234,1.6158154760586172,1.6098812582959225,1.8689058674203476,1
-0.08615054678357424,0.09406832132095418,0.004467115271872213,-0.8241388934817624,1
-1.3882828067916215,1.9598211122944469,0.922281505642578,1.9714487256239281,1
0.19597810955150172,-0.49201535522897805,-1.0377773354849125,-1.0095446674054076,0
1.5477408204532976,-1.3870670569166461,1.9671895968357622,1.9849139494284382,1
-0.6429366087815506,1.0345096555675164,0.4306495850957492,-0.8572840597697883,1
0.44626500706944167,-0.2125107757873664,-1.3239284223666583,-0.8075663103377494,0
1.7183343774680135,2.045026212010266,1.8256361336442601,1.980770803642435,1
0.5124389415944413,-0.7325007768568034,-1.3859531925285262,-0.2679215717108266,1
0.014177676528520899,-0.5604979587388885,0.08209320798979233,-0.45539891852747344,1
0.6006708542944397,-0.12013889198330101,-0.6085507051622937,-1.068584494855954,0
0.3786679771783144,0.020011552409074186,-1.0769709019062152,-0.6408046924511187,0
-0.4837278146958675,1.1507708196657367,0.6464044604440864,-0.8241388934817624,1
0.34913874833113695,-0.6544624612292309,-0.8829056701114142,-0.7350612590826926,0
0.41673577822226526,-0.3462907454346335,-1.137854111881055,-0.7350612590826926,0
-0.4413907275535295,0.9365636063614814,-1.310990740247005,-1.0820497186604643,1
0.2938159159728713,-0.09226806497345358,0.005228155396557556,-0.32178246692886875,1
0.07590443803436629,1.2025309269697386,0.645643420319401,0.6052464026893575,1
0.06950050888678651,-0.640128893052738,-0.7866340943386995,-0.4295042573649532,1
0.3297490739676296,-0.14562079096373287,-0.9749915251983591,-0.8583198462162893,0
-0.005034110914220487,-0.709407805905787,0.030722999573521682,-0.7485264828872032,1
0.41193283136158015,-0.3415128893758025,-0.19188123689698547,-0.47818622035049135,1
0.6165027902426257,-0.42034751434651346,-0.717759963054662,-1.024045677656419,0
-0.5338919263519151,0.021604171095351142,-0.8517030249993089,0.3400850723851497,1
0.19419924034384106,-0.876632767964871,-1.252010130583879,-0.6107668855025952,1
-0.37877453144385326,-0.33036455857186353,-1.0168487320560613,-0.17262921863275196,1
0.5907091867315365,-0.5127193981505789,0.31725460651761034,0.44780686282123416,1
0.4298994103589588,-0.8527434876707161,-0.12605126611169032,-0.8738566429138013,1
-0.0991362919995018,-0.16791745257161053,-0.08647717962804438,-0.8106736696772519,1
-0.6918555119922354,0.9150632540967422,-1.1089345871430063,-0.9183954601133362,1
-0.12404046090676013,-0.10421270512053117,-0.7854925341516712,-0.8510693410907836,1
0.513684150039804,-0.6711849574351394,-0.8391458629419983,-0.27310050394333063,1
1.4139698560371707,-1.3647703953087682,1.3351457732844592,1.766363009216767,1
-0.12919918160897714,-0.793020286935329,-0.6195857869702334,-0.9774352875638824,1
-0.6383115488416314,0.5710576178609124,0.7483838371519429,-1.0924075831254727,1
0.09653932084323742,-0.018211296061573595,-0.6313819089028584,-0.6273394686466082,0
1.6121358857706356,1.3538297021660526,1.7632308434200497,1.3582631492954473,1
0.19224248421541343,0.8338397010966156,0.23315967273986293,-0.7350612590826926,1
0.62041630249948,0.0829199905170152,-0.719282043304033,-0.7133097437061755,0
-0.7745729301484848,1.8714307752060741,1.589333174929414,1.0962091783307424,1
0.13478500880795422,-0.16951007125788775,-0.13898894823134358,-0.3435339823053859,1
0.5284487644633923,-0.7396675609450498,-0.25847224780696626,-0.7775285033892259,1
0.20505034251057402,-0.45936667216029975,-1.333441423925227,-0.8396756901792745,0
0.27727243234162147,-1.0629691542592787,-0.27787877098644626,-0.14984191680973405,1
-0.7062643525742917,-0.04767474175769798,-1.2139581243496045,0.6508210063353933,1
-0.32700943750091,-0.026174389492958656,-1.1804723588634425,-0.6470194111301236,1
-0.04986161494728507,-0.16313959651277965,-0.10778630311923831,-1.0209383183169165,1
-0.10838641187934006,-0.7038336405038177,-1.1093151072053489,-0.8759282158068029,1
-0.6007774085599785,0.03275250189929011,-1.0746877815321592,0.1774666002845224,1
0.051711816810173845,-1.0032459535238916,-0.8832861901737572,-0.8831787209323085,1
0.27424835468859804,-0.049267360443974936,-0.1857929158995014,-0.9909005113683931,1
-0.08561688602127634,-0.79779814299416,-0.5990377036037251,-0.6180173906281009,1
-0.7345483729761064,-0.21967755987561285,0.11519845341361151,-0.7039876656876682,1
0.6344693692400043,-0.47768178705248515,-1.3973687943988085,-0.18816601533026417,1
0.5339632590071423,0.0916793932915386,-0.9034537534779228,-1.073763427088458,0
0.1296262881057372,0.8226913702926767,0.3861287378016477,0.9719148047506446,1
-0.29570133944607185,-0.5899614044350128,-0.20101371839321147,-0.815852601909756,1
0.2906139513990809,0.06301225693855284,-0.4236179548637184,-1.0509761252654402,0
0.3941441392849675,-0.7325007768568034,-0.2580917277446236,-0.6584130620416325,1
-0.6415135134154218,-0.4657371469054077,-0.38290230819304466,-0.02969068901563989,1
-0.9697148822289252,2.178806181657533,1.8663517803149339,1.3354758474724295,1
0.1822808166525103,0.00010381883061181768,-0.4342725166093153,-0.8427830495187769,0
0.12553488892811596,0.637947602684546,0.549371844546686,0.46437944596524716,1
0.3521628259841614,-0.9801529825728753,-1.0545202182279934,-0.13741247945172438,1
0.3962787823341601,-0.4275142984347599,-1.267230933077589,-0.5144387459780198,1
-0.6294172028033251,-0.2212701785618898,0.15781670039599938,0.0873531794389517,1
-2.418070191106728,2.1111198874907613,1.2689352824368207,1.4473407836945171,1
0.6230846063109714,-0.17826947403241117,-0.42590107523777493,-0.9101091685413296,0
1.4520376570811218,1.386478385234731,1.423806947810319,1.781899805914279,1
1.6279678217188207,-1.3775113447989842,1.9485441137809678,1.8968721014758692,1
0.2770945454208555,-0.06519354730674477,-0.36730098563699193,-0.20888174426028033,1
1.5934577590901922,2.461495998471699,1.353410736276911,1.4514839294805206,1
-0.7936068306704603,-1.4579385884559721,1.5509006486327968,0.9843442421086545,1
1.5610823395107571,1.9319502852846002,1.859121899130422,1.9465898509079085,1
0.028408630189811226,1.3140142350091277,0.6091134943344975,-0.5890153701260782,1
0.30697954810956485,-0.3908840686503891,-1.2615231321424478,-0.5807290785540716,0
0.6568831212565361,0.06380856628169145,0.16352450133114024,0.872479305886567,1
-2.030454590757338,-1.399808006406862,1.8804310226216157,1.9113731117268804,1
0.5825263883762951,-0.3048826595914318,-0.6637261142019919,-0.6004090210375871,0
0.06523122278839931,-0.053248907159667465,-0.7189015232416904,-0.9277175381318434,0
-0.06765030702389772,-0.47529285902306956,-0.5632688177435067,-0.6625562078276358,1
1.6936080954815214,-1.3090287412890735,1.9504467140926813,1.91033732528038,1
0.35589845132024966,-0.5015710673466399,0.01854635757855349,-1.0924075831254727,1
0.0876449748049311,0.8513585066456625,0.13802965715417612,0.3587292284221644,1
-0.042924025037406374,0.026382027154182006,-0.7048222809350085,-0.7640632795847153,0
0.12517911508658405,0.03036357386987454,-0.8615965466202206,-0.8469261953047802,0
-0.42840498233760194,0.5583166683706965,-0.9833629665698995,0.8507277905100499,1
0.38489401940512824,0.7852648311651675,-0.545003854751055,0.2603295160045872,1
-0.4817710585674399,0.9349709876752045,0.593131651716102,-1.0499403388189394,1
-0.6178545529535273,-0.6122580660428907,0.5653536871650814,0.5285982056482974,1
1.4853025112643874,1.8140965025001026,1.9173414686688621,1.7570409311982602,1
1.492240101174266,1.7296877121274226,1.0090400798567245,1.6897148121757068,1
-0.8797041003212651,1.8897458900982598,1.1597260245444527,1.9196594032988876,1
0.2183918615680335,-0.8933552641707793,-0.3688230658863629,-0.7392044048686959,1
-2.8759511251587373,2.4224768406579127,1.7540983619238233,0.9884873878946576,1
-0.014284230794059756,-0.14482448162059425,-0.8243055805106312,-0.6035163803770895,0
-1.3183732469305336,-1.402993243779416,1.7384970393677708,1.5136311162705691,1
1.6863147317301106,-1.3241586188087051,1.3792861005162176,1.5188100485030733,1
-0.539762194737197,-0.6616292453174774,0.5040899571278991,0.3380134994921481,1
0.051533929889406874,-0.2586967176893991,-0.90725895410135,-0.5869437972330765,0
-0.6171430052704625,-0.44105155726811435,-1.2786465349478715,0.6342484231913803,1
0.5467711173023038,-0.8407988475236388,-1.1515528341253938,-0.9204670330063379,1
1.46680227150471,2.026711097118081,1.2761651636213334,1.8554406436158368,1
1.6238764225412003,1.553703347293815,0.9865893961785028,1.4431976379085139,1
-1.7054551865176248,-1.4459939483088946,1.02920764316089,1.8689058674203476,1
-0.44850620438417416,1.096621784332319,0.5832381300951904,-0.9204670330063379,1
-0.31491312688881323,-0.19658458892459643,-0.9936370082531538,-0.507188240852514,1
1.704992858410554,-1.3392884963283362,1.7575230424849082,1.9704129391774268,1
0.11130393526682564,-0.3733652631013423,-0.5883831418581281,-0.6532341298091284,0
1.6660356227627724,-1.442012401593202,1.9401726724094268,1.9134446846198825,1
1.5178558177645882,-1.3122139786616276,1.6810385099540164,1.4007303936019806,1
0.09885185081319699,-0.027767008179235612,-0.7561924893512795,-0.5962658752515838,0
0.646743566772867,-0.015026058689019683,-0.8364822225055991,-0.8303536121607672,0
0.6239740409148022,-1.0048385722101687,-0.8052795773934939,-0.9536121992943637,1
-0.25816719916441894,-0.5437754625329803,-0.03510697121177373,-0.6532341298091284,1
-0.5073867751577621,-0.5405902251604262,0.5585043260429122,0.5285982056482974,1
0.26944540782791193,-0.6656107920331699,-1.0286448539886865,-0.23166904608329825,1
-2.9070813362928094,2.5140524151188393,1.9904013206386697,1.0920660325447389,1
0.6591956512264957,-0.2348074373952442,-0.6557351928927942,-0.8282820392677657,0
0.0173796411023113,0.04708607007578299,0.08703996880024842,-0.8676419242347966,1
0.4142453613315397,-0.6106654473566138,-0.5080934087038085,-0.6625562078276358,0
-0.4324963815152232,1.1921789055089387,0.5706809680378798,-0.8003158052122438,1
0.18637221583013153,1.2694209117933726,-1.0031500098117225,0.1526077255685029,1
0.6533253828412138,-0.4283106077778984,-0.8680653876800474,-0.8189599612492584,0
-0.5728491619996968,0.927804203586958,-0.582294820860644,0.7647575154504823,1
0.6483445490597617,-0.2268443439638593,-0.5016245676439817,-0.6169816041816001,0
1.545606177404104,2.189954512461472,1.2171845539582071,1.3416905661514344,1
0.03036538631823785,-0.5302382036996257,-1.0940943047116392,-0.7174528894921788,0
0.012220920400093264,-0.46334821887599215,-1.215860724661318,-0.6128384583955968,0
-0.5539931483984873,1.2734024585090646,-0.7010170803115813,0.42501956099821625,1
0.4113991705992812,-0.5270529663270718,-0.7272729646132308,-0.17262921863275196,1
0.02787496942751232,-0.13925031621862477,-0.4346530366716583,-0.881107148039307,0
-0.7439763797767106,0.6785593791846093,-1.2740802941997584,0.44884264926773493,1
-1.5483810354811354,-1.31619552537732,1.5086629217127518,1.678321161264198,1
0.5069244470506913,-0.3701800257287883,-0.505810288329752,-0.590051156572579,0
0.1977569787591634,-0.21012184775795084,-0.5457648948757402,-1.0779065728744612,0
0.3642591365962581,-0.5923503324644284,-0.22650856257017535,-1.0167951725309134,1
-0.646316460276107,0.5487609562530347,-0.8319159817574863,-1.024045677656419,1
-1.0086721178767069,2.182787728373226,1.416577066625807,1.0288830593081892,1
0.2886571952706543,-0.3192162277679247,-0.20634099926600996,-0.6905224418831577,1
-0.6904324166261067,-0.018211296061573595,0.8183995286230085,0.6995029693209314,1
1.4717831052861619,-1.3990116970637234,0.8697697370392792,1.6855716663897036,1
-0.5893926456309466,0.9118780167241882,-0.8543666654357082,-0.8199957476957591,1
-2.7731324849559162,-1.3289364748675359,1.2715989228732203,0.9760579505366481,1
0.39183160931500693,1.0273428714792698,0.15439201983491452,-0.6967371605621626,1
-0.6073592246283253,0.7343010332043038,-0.9658590437021332,0.6218189858333705,1
-0.4476167697803443,0.6666147390375317,0.762843599520967,-0.9370396161503507,1
0.5631367140127878,-0.0866938995714841,-0.7078664414337508,-0.8251746799282632,0
-0.012861135427931027,-0.08589759022834575,-1.1789502786140715,-0.8272462528212648,0
0.4366591133480715,-0.3009011128757393,-1.2950088976286096,-0.5931585159120814,0
-0.7606977503287264,2.365142567951941,1.8260166537066027,1.625496052492657,1
0.05100026912710898,0.03673404861498236,0.7754007615782776,0.47266573753725366,1
0.56669445242811,-0.4577740534740228,-0.026355009777890397,-0.06594321464316844,1
0.35394169519182206,-0.3685874070425113,-0.869967987991761,-0.7309181132966894,0
-0.4207558447446584,-0.15676912176767183,0.8575930950443115,0.3038325467576213,1
-2.6861457807012807,2.4224768406579127,1.3321016127857173,1.6275676253856586,1
-0.6735331591533249,-0.13287984147351695,0.1639050213934832,-0.7039876656876682,1
1.5009565602918065,2.2592334253145214,1.7308866381209158,1.4297324141040035,1
-1.0310858698932386,1.809318646441272,1.6776138293929315,1.6503549272086762,1
-0.0630252470839786,-0.25949302703253757,-0.030921250526003537,-0.738168618422195,1
1.5822508830819262,-1.4396234735637867,1.6091202181712372,1.9621266476054204,1
0.6182816594502863,-0.3964582340523586,-0.3547438235796813,-0.11566096407520725,1
-0.1448532306363962,-0.7762977907294206,-0.9247628769691165,-0.6470194111301236,1
1.3844406271899934,1.9805251552160483,1.6897904713878993,1.9424467051219052,1
-3.2388404435216356,-1.352825755161691,1.9576765952771935,1.8430112062578272,1
-1.348080362698476,-1.3345106402695055,1.6848437105774436,1.1676784431392981,1
-2.581192497449266,-1.4053821718088315,1.9009791059881243,1.3334042745794281,1
-2.0952054299162075,1.6930574823430518,1.6034124172360957,0.9967736794666643,1
0.5040782563184328,-0.5469606999055341,-1.374157070595901,-0.9732921417778793,0
-0.023178576832366085,-0.39725454339549704,-0.9757525653230448,-0.8997513040763215,0
0.5656271309035132,-0.3582353855817109,-1.1298631905718572,-0.7878863678542339,0
0.11539533444444687,-0.5891650950918743,-0.026355009777890397,-0.8531409139837851,1
-0.6980815542190503,1.016194540675331,-0.763041850473449,0.02209863330940068,1
-0.6162535706666317,1.1165295179107815,0.7221279528502934,-0.5807290785540716,1
1.4438548587258802,1.5433513258330145,1.8187867725220905,1.5840645946326242,1
0.45960652612690117,0.03434512058556707,-0.5564194566213372,-0.34767712809138906,1
0.40766354526319293,-0.29134540075807724,-0.2847281321086157,-0.8199957476957591,0
-2.5198215097849523,2.093601081941714,1.384993901451359,1.4835933093220457,1
-0.5255312410759077,0.042308214016951846,-0.8102263382039496,0.5886738195453445,1
0.28776776066682347,0.6021136822433137,0.23696487336329072,-0.6749856451856455,1
0.6133008256688353,-0.36540216966995737,-0.7402106467328841,-0.8914650125043151,0
0.6076084442043194,-0.022989152120404744,-1.0857228633400986,-0.7837432220682308,0
-0.6352874711886071,0.7773017377337825,0.4310301051580916,-0.9795068604568841,1
0.4185146474299259,-0.19101042352262695,-1.0275032938016584,-1.0851570779999669,0
0.3210326148500892,-0.511126779464302,-1.2417360889006248,-1.0540834846049425,0
0.6280654400924235,-0.7213524460528644,-1.0644137398489049,-0.7682064253707186,1
0.5718531731303271,0.10203141475233896,-0.6580183132668508,-0.7920295136402373,0
0.51386203696057,-0.24277053082662914,-0.3665399455123063,-0.8728208564673006,0
-0.6957690242490907,1.2025309269697386,-1.1096956272676917,0.23754221418156948,1
0.2888350821914203,-0.6703886480920008,-1.157260635060535,-0.5227250375500262,1
0.3786679771783144,-1.0518208234553397,-1.0107604110585775,-1.0851570779999669,1
-1.874981422007743,1.3960340973523928,1.5996072166126685,2.0066654648049553,1
1.3787482457254774,-1.3201770720930126,1.9447389131575399,1.2205035519108396,1
-0.5258870149174396,-0.1288982947578244,0.1916829859445039,-0.05144220439215702,1
0.48913575497407863,-0.10102746774797698,-0.4285647156741742,-0.6159458177350993,0
0.237069988248477,-0.2706413578364764,-0.1595370315978519,-0.8572840597697883,1
-0.7333031645307436,0.06301225693855284,-1.4122090768301758,0.6684293759259069,1
-0.7000383103474779,1.2988843574894966,-0.4323699162976017,0.11531941349447357,1
-0.48461724929969835,0.8577289813907706,-0.8467562641888534,0.7202186982509474,1
-0.6959469111698566,0.9660270520576059,0.4553833891480274,-0.9587911315268679,1
0.11290491755372134,-0.5023673766897784,-1.2691335333893028,-1.0872286508929685,0
-0.47732388554828675,-0.0038777278850807124,0.7506669575259994,0.1308562101919858,1
-1.630386905954319,-1.3504368271322753,1.206910512274953,1.7218241920172321,1
0.4942944756762967,-0.2674561204639225,-0.7870146144010421,-0.716417103045678,0
0.09244792166561619,-0.6409252023958765,-0.2131903603881794,-0.6294110415396098,1
-2.552374816285153,1.9837103925886022,1.937128511910685,1.953840356033414,1
0.061317710531544035,-0.18623256746379593,-0.8981264726051243,-0.5869437972330765,0
-0.3184708653041356,-0.5589053400526116,-0.7569535294759651,-0.2927804464268461,1
0.03641354162428672,-0.5270529663270718,-0.7767405727177878,-0.6594488484881333,0
-1.4142542972234757,-1.438827164220648,1.8085127308388365,0.9864158150016561,1
0.5887524306031099,-0.002285109198803757,-1.1580216751852206,-0.9701847824383767,0
0.6325126131115767,1.2662356744208185,-0.3577879840784232,0.40637540496120167,1
1.445455841012775,1.6428899937253263,1.8568387787563652,1.1666426566927974,1
-0.30797553697893454,0.020011552409074186,-0.3395230210859715,-0.3228182533753696,1
0.35927830281480605,-0.10182377709111559,-0.6618235138902783,-0.759920133798712,0
0.1456361109746882,-0.4657371469054077,-1.1899853604220112,-0.9546479857408647,0
-0.5262427887589716,0.8091541114593225,-0.46205048116033604,-0.8303536121607672,1
-3.0639776004085335,-1.330529093553813,1.5432902473859418,1.4007303936019806,1
-1.7871052831492766,-1.3599925392499372,1.0547024873378543,1.3572273628489468,1
-0.7270771223039288,1.1953641428814925,-0.3939373900009843,0.9139107637465993,1
-2.1773891873101583,-1.4284751427598479,1.0957986540708708,1.6793569477106993,1
0.23902674437690463,-0.1464171003068712,-0.6047455045388662,-1.0230098912099184,0
-1.1347939446998911,-1.3583999205636603,1.02920764316089,1.0340619915406934,1
0.5553096894990782,0.9899163323517607,0.6730408648080788,0.9035528992815911,1
-0.1493004036555494,-0.8925589548276408,-0.5708792189903618,-0.6304468279861106,1
0.04068282772267392,-0.25471517097370655,-0.43503355673400096,-0.7309181132966894,0
0.19473290110613897,-0.16313959651277965,-1.0815371426543285,-0.8054947374447478,0
0.599069872007545,-0.6257953248762451,-0.03206281071303182,-0.45332734563447186,1
0.26926752090714595,-0.5604979587388885,-0.3315320997767738,-0.914252314327333,0
0.23244492830855787,0.0590307102228603,-0.21357088045052208,-0.518581891764023,1
1.6137368680575312,-1.451568113710864,1.1563013439833678,1.8129733993093038,1
0.3466483314404114,0.0590307102228603,-0.42590107523777493,-0.8728208564673006,0
-0.7507360827658234,1.2686246024502337,-0.5472869751251113,0.6176758400473673,1
0.652080174395851,-0.9045035949747183,-0.9666200838268187,-0.9556837721873656,1
0.26090683563113853,-0.2642708830913684,-1.0351136950485131,-0.7081308114736715,0
-0.5945513663331647,0.12910593241904775,0.7251721133490353,0.08942475233195328,1
-0.725831913858566,0.8688773121947095,-0.8764368290515877,0.5493139345783137,1
0.32885963936379875,0.08132737183073825,-1.3985103545858368,-0.9411827619363541,0
-0.5061415667123993,0.6108730850178371,-1.2501075302721656,-0.8127452425702535,1
0.48202027814343396,-0.35106860149346436,-0.42057379436497644,-0.6677351400601399,0
-0.5523921661115926,0.7820795937926136,0.24838047523357304,-0.6542699162556294,1
0.066832205075294,1.0074351379008075,0.5318679216789198,0.26758002113009294,1
0.604406479630529,-0.3646058603268189,-0.5335882528807724,-1.0530476981584418,0
-0.1822094839972832,-0.5557201026800576,-0.3239216985299187,-0.7775285033892259,1
0.263753026363396,0.9676196707438828,0.5097977580630405,-0.678093004525148,1
-1.2657187183837595,1.7734847260000395,1.0474726061533421,1.3375474203654312,1
0.13994372951017225,0.06221594759541421,0.7400123957804025,0.871443519440066,1
0.10063072002085865,-0.7874461215333595,-1.3479011862942516,-1.0582266303909458,1
0.06932262196601953,-0.5533311746506421,-0.6724780756358752,-0.7070950250271707,0
1.4801437905621695,-1.423697286701017,0.8990697818396705,1.998379173232949,1
-1.6031702070771021,2.160491066765348,1.7624698032953643,1.646211781422673,1
0.17303069677267205,-0.14562079096373287,-1.3840505922168123,-0.9453259077223575,0
0.3398886284512987,0.1068092708111701,-0.9837434866322424,-0.9049302363088257,0
-0.6237248213388092,-0.13208353213037832,0.3823235371782199,-0.6107668855025952,1
0.13958795566864032,-0.5604979587388885,0.04594380206723179,-0.8458904088582795,1
-0.13293480694506646,-0.709407805905787,-0.8733926685528456,-0.776492716942725,1
0.5119052808321424,-0.5294418943564871,-1.217763324973032,-0.18195129665125925,1
0.27246948548093636,-0.36938371638564976,-1.3208842618679164,-0.45747049142047513,1
-0.7265434615416299,0.9827495482635142,-0.3071788157868379,-0.7402401913151967,1
0.5850168052670206,-0.46732976559168465,-0.2215618017597198,-0.06076428241066431,1
-0.04132304275051067,-0.4115881115719901,-0.19530591745807005,-0.9712205688848777,1
0.10347691075311612,-0.18384363943438065,0.19016090569513266,0.44780686282123416,1
0.4526689362170225,-0.07474925942440679,-0.33990354114831417,-1.0437256201399345,0
1.4175275944524932,-1.3297327842106743,1.6669592676473346,1.74461149384025,1
-0.4823047193297388,1.1969567615677692,-0.9506382412084233,-0.8541767004302859,1
0.19544444878920383,-0.7253339927685569,0.01359959676809795,-0.8531409139837851,1
1.5050479594694277,1.8977089835296448,1.042906365405229,2.0035581054654528,1
-0.03527488744446281,-0.8161132578863454,-1.0743072614698161,-0.34664134164488825,1
-1.5040871922103698,2.2464924758243052,0.8986892617773281,1.6596770052271834,1
0.6262865708847618,-0.1137684172381929,-0.3653983853252783,-0.9722563553313786,0
-0.5262427887589716,0.8091541114593225,-0.6865573179425568,-1.0157593860844125,1
0.2685559732240821,-0.28975278207180033,-0.5541363362472809,-0.6397689060046179,0
-2.3901419445464462,2.37629089875588,1.6559241858393947,1.8367964875788223,1
0.08319780178577793,-0.6234063968468297,-1.2950088976286096,-0.8655703513417948,0
-1.241881871001099,1.986895629961156,1.4207627873115771,1.7870787381467836,1
-1.1593423397656166,-1.3663630139950451,1.2004416712151262,1.9196594032988876,1
-2.7126509318954337,-1.3990116970637234,1.8522725380082525,1.3841578104579677,1
-0.03652009588982558,-0.9108740697198262,-1.4091649163314337,-0.7298823268501885,1
-0.1688679649398237,-0.08111973416951461,0.081332167865107,-0.6511625569161269,1
0.09102482629948745,-0.5812020016604894,-1.197976281731209,-0.6957013741156618,0
-1.3388302428186378,1.9303576665983229,1.2723599629979057,1.2008236094273241,1
-0.7448658143805414,-0.13845400687548642,-1.1538359544994503,0.6870735319629214,1
0.33223949085835514,-0.9618378676806899,-0.2611358882433655,-0.7951368729797397,1
-0.45526590737328687,-0.21171446644422778,0.7822501227004474,-0.8117094561237527,1
-0.0459481026904298,-0.33912396134638706,-0.24972028637308316,-0.694665587669161,1
-0.6242584821011071,1.2988843574894966,0.5390978028634319,-0.9204670330063379,1
0.26250781791803324,-0.35106860149346436,-0.8281107811340588,-0.678093004525148,0
1.4276671489361623,-1.391844912975477,0.883468459283618,1.6275676253856586,1
0.14332358100472864,-0.24675207754232165,-0.8349601422562282,-0.9587911315268679,0
-2.994068040547446,-1.4436050202794792,1.3370483735961727,1.147998500655783,1
0.17516533982186563,-0.3216051557973401,-1.3281141430524286,-0.7340254726361918,0
0.4270532196267003,-0.4800707150819006,-0.5838169011100149,-0.9183954601133362,0
-0.7409523021236862,0.9843421669497913,0.8294346104309478,-0.847961981751281,1
-0.4358762330097795,0.5599092870569734,-0.9924954480661256,-0.8396756901792745,1
1.440297120310558,-1.4229009773578782,1.5478564881340549,1.251577145305864,1
-0.03296235747450325,-0.19499197023831946,-0.39812311068675454,-0.8842145073788096,0
-2.825609126581924,2.1286386930398082,1.946260993406911,1.2805791658078864,1
-0.03776530433518834,-0.5151083261799944,-0.8079432178298931,-0.7640632795847153,0
0.4638758122252884,-0.029359626865512568,-1.1131203078287764,-0.6180173906281009,0
-2.004483100325484,2.3205492447361853,1.1977780307787274,1.5364184180935871,1
-0.3294998543916355,-0.21410339447364335,-0.2942411336671844,-0.09805259448469347,1
0.6001371935321418,-0.23162220002269016,0.457666509522084,0.1474287933359988,1
-0.5869022287402211,-0.5079415420917479,0.38460665755227647,-1.039582474353931,1
0.5761224592287143,-0.6019060445820902,-0.9201966362210036,-0.15709242193523976,1
-0.4406791798704646,-0.268252429807061,0.7704540007678221,0.6259621316193736,1
0.6197047548164151,-0.574035217572243,-1.1660125964944184,-1.0872286508929685,0
-0.6454270256722762,-0.49121904588583953,-1.1424203526291679,0.9025171128350905,1
1.3826617579823328,-1.3440663523871674,1.0413842851558583,1.481521736429044,1
0.5165303407720625,-0.24436314951290608,-1.1675346767437893,-0.799280018765743,0
0.4912703980232722,-0.70781518721951,-0.584197421172358,-0.3839296537189175,1
0.4250964634982727,-0.027767008179235612,-0.930090157841915,-0.7060592385806699,0
1.7284739319516826,1.941505997402262,1.136514300741545,1.9600550747124192,1
0.4756163489958532,-0.26108564571881454,-0.35436330351733863,-0.6128384583955968,0
-0.30601878085050693,0.09964248672292365,-0.6397533502743991,-0.07940843844767889,1
-0.6082486592321561,-0.488830117856424,-1.2257542462822297,0.16400137648001178,1
0.48362126043032866,-0.4091991835425745,-1.2036840826663502,-0.9888289384753913,0
-0.2055126706176458,-0.1559728124245332,-0.04804465333142727,-0.9287533245783445,1
0.545703795777707,-0.26506719243450705,-0.6694339151371331,-1.0551192710514432,0
0.11966462054283407,-0.6210174688174142,-1.146986593377281,-0.8054947374447478,0
-0.518415764245262,0.6387439120276845,0.11710105372532514,-0.7847790085147316,1
0.5544202548952474,-0.5477570092486727,-0.3939373900009843,-1.0167951725309134,0
0.16289114228900295,-0.5867761670624588,-0.564410377930535,-0.6190531770746017,0
-1.1851359432767048,-1.396622769034308,1.937509031973028,1.129354344618768,1
0.4371927741103694,-0.9841345292885677,-0.37833606744493153,-0.699844519901665,1
0.30964785192105737,-0.5660721241408581,-1.3102297001223195,-0.7557769880127089,0
-2.6982420913133773,2.3109935326185234,1.5668824912511923,1.671070656138692,1
-0.7404186413613882,1.2853470986561422,0.2890961219042467,-0.6459836246836228,1
1.668170265811965,1.9223945731669378,1.90592586679858,1.3883009562439708,1
-0.3999430750150223,-0.2268443439638593,-0.09142394043850047,-0.9494690535083605,1
1.439407685706727,-1.4507718043677258,1.423806947810319,1.9061941794943766,1
-0.014284230794059756,-0.35345752952287995,-1.1024657460831795,-1.0116162402984092,0
-0.460068854233973,-0.3622169322974033,0.3488377716920583,0.4861309613417641,1
0.3841824717220644,-0.43547739186614487,-1.2717971738257021,-1.001258375833401,0
-0.5792530911472775,0.9938978790674533,0.7171811920398373,-0.7019160927946666,1
0.03445678549585909,-0.43229215449359093,-0.2657021289914783,-0.7174528894921788,1
-0.42858286925836786,-0.43069953580731385,0.2578934767921417,0.47991624266275934,1
-2.1286481710202403,-1.4300677614461248,1.5147512427102356,1.97455608496343,1
0.49696277948778816,-0.345494436091495,-0.37833606744493153,-1.040618260800432,0
1.6194292495220473,2.3125861513048003,2.0044805629453517,1.0340619915406934,1
0.21679087928113883,0.7765054283906442,-0.9468330405849957,0.8372625667055394,1
0.4078414321839589,-0.5700536708565505,-0.6903625185659843,-0.4346831895974573,1
-0.4051017957172393,-0.22843696265013624,0.34807673156737295,-0.8831787209323085,1
0.1354965564910191,0.031956192556151494,-0.2588527678693089,-0.8086020967842503,1
0.3642591365962581,-0.06997140336557592,-0.29956841453998284,-0.7091665979201723,0
0.12535700200735,-0.6552587705723694,-0.08837977993975801,-0.6698067129531414,1
-0.41275093331018287,0.7143932996258415,0.2746363595352225,-1.0375109014609296,1
1.3935128601490656,2.193936059177165,1.0486141663403703,1.635853916957665,1
1.418239142135558,1.6731497487645894,1.590474735116442,1.0164536219501794,1
-2.225240768996246,-1.3687519420244607,1.4230459076856339,1.5364184180935871,1
0.39058640086964413,-0.13526876950293223,0.744959156590858,0.08528160654595013,1
-0.08437167757591359,-0.3415128893758025,-0.46205048116033604,-0.7319538997431903,1
0.6437194891198426,0.013641077663966081,-0.561366217431793,-0.6677351400601399,0
-0.7347262598968723,1.2877360266855575,-0.767608091221562,-1.034403542121427,1
0.43737066103113537,-0.3789394285033118,-1.1865606798609267,-1.068584494855954,0
1.668348152732732,1.7320766401568375,1.8222114530831754,1.675213801924696,1
0.6542148174450436,-0.32001253711106314,-1.1283411103224863,-0.9774352875638824,0
1.4833457551359597,2.2448998571380283,1.477079756538304,1.5125953298240684,1
0.6383828814968586,-0.2642708830913684,-0.8623575867449059,-0.7257391810641853,0
0.46458735990835326,-0.5923503324644284,-0.30451517535043865,-0.7868505814077331,0
0.5658050178242793,-0.48962642719956245,-0.8475173043135388,-0.6915582283296585,0
0.646565679852101,0.5336310787334032,0.38270405724056283,-0.9784710740103832,1
0.5200880791873849,-0.6218137781605526,-0.5952325029802975,-0.7920295136402373,0
0.6213057371033108,-0.35664276689543384,-0.8060406175181795,-0.8852502938253102,0
-0.4056354564795382,1.1587339130971217,0.8336203311167181,-0.8987155176298208,1
0.31658544183093607,-0.863891818474655,-0.7607587300993927,-0.4015380233094313,1
-0.03918839970131707,-0.6178322314448602,-1.0080967706221784,-0.6024805939305887,0
0.3909421747111771,-0.0038777278850807124,-1.3216453019926018,-0.683271936757652,0
-0.7062643525742917,0.8848034990574793,0.7837722029498181,-0.8945723718438177,1
-0.7071537871781225,-0.08987913694403829,0.18559466494701954,-0.7443833371011999,1
0.3075132088718638,-0.4744965496799311,-0.36958410601104846,-1.0105804538519085,0
-1.1484912375988825,-1.4507718043677258,1.845423176886083,1.4369829192295092,1
-0.6726437245494941,-0.07076771270871425,0.2814857206573922,-0.021404397443633393,1
0.6316231785077459,-0.4275142984347599,-0.28510865217095865,-0.9898647249218923,0
0.22355058227025154,-0.5756278362585199,-0.12110450530123425,-0.6325184008791123,1
0.5158187930889976,-0.5660721241408581,-1.044246176544739,-1.0199025318704158,0
1.4230420889962432,-1.33212171224009,1.7339307986196584,1.1158891208142574,1
0.2215938261418239,1.3052548322346045,-1.0872449435894695,0.756471223878476,1
0.5967573420375855,-0.18702887680693456,-0.7181404831170047,-0.6325184008791123,0
0.45124584085089375,-0.4091991835425745,-1.065555300035933,-0.29485201931984767,1
0.4366591133480715,-1.026338924474908,0.034147680134606534,-0.7920295136402373,1
-0.1028719173355901,-0.04767474175769798,-0.8387653428796557,-0.18505865599076163,1
-0.555772017606149,-0.14482448162059425,0.4884886345718466,0.21268333946555,1
0.5490836472722633,-0.950689536876751,-0.20025267826852589,-0.78270743562173,1
-1.6230935422029085,1.5154804988231672,1.0033322789215835,1.6897148121757068,1
0.30502279198113724,-0.6616292453174774,0.5676368075391379,0.7326481356089574,1
-0.7183606631863885,-0.6648144826900314,0.5425224834245168,-0.8614272055557917,1
0.3671053273285156,-0.06837878467929868,-0.4293257557988598,-1.0706560677489556,0
0.10276536307005124,-0.08987913694403829,-0.19720851776978396,-0.5310113291220327,1
-2.097517959886168,-1.3560109925342447,1.6582073062134512,1.4059093258344848,1
-2.303333127212576,1.7304840214705608,1.2567586404418531,1.5353826316470862,1
-1.1387074569567455,-1.4428087109363408,1.1349922204921739,1.7518619989657556,1
-0.02051027302087358,-0.17826947403241117,-0.7698912115956184,-0.9484332670618598,0
0.4195819689545227,-0.16393590585591827,-0.9445499202109394,-0.8956081582903185,0
-0.23610922098941906,-0.29214171010121587,-1.0803955824673002,-0.2503132021203128,1
-0.5769405611773181,0.9047112326359418,-0.4601478808486221,-0.6532341298091284,1
0.061317710531544035,-0.5875724764055974,-0.4719440027812474,-0.9950436571543962,0
-0.1290212946882112,-0.4275142984347599,-0.06516805613685046,-0.6915582283296585,1
-0.6345759235055431,1.2614578183619873,-0.8524640651239945,-0.8168883883562567,1
0.5807475191686334,-0.13606507884607086,-1.2603815719554194,-0.8717850700207997,0
-0.4922663868926419,0.7255416304297805,0.7613215192715964,-1.0499403388189394,1
0.4588949784438373,-0.859113962415824,-0.424378994988404,-0.22234696806479096,1
0.12251081127509153,-1.018375831043523,0.081332167865107,-0.6252678957536066,1
1.4032966407912029,-1.4069747904951084,1.662012506836879,1.3095811863099094,1
-0.45651111581865067,1.1834195027344145,-0.32772689915334624,0.0013829043793843422,1
0.12927051426420427,-0.16552852454219524,-0.3083203759738662,-0.9919362978148939,0
-0.4903096307642143,0.9134706354104651,0.781489082575762,-1.0747992135349587,1
0.12517911508658405,-0.15995435914022574,-0.6580183132668508,-0.5227250375500262,1
1.6542950859922076,-1.4444013296226177,1.1494519828611987,1.2381119215013532,1
0.3503839567764997,1.141215107548075,0.7247915932866924,0.7647575154504823,1
-2.5134175806373715,1.4979616932741202,1.6612514667121931,1.8015797483977949,1
-0.2241907972980893,-0.7022410218175406,-0.33077105965208814,-0.9370396161503507,1
1.4301575658268877,-1.3814928915146767,1.837812775639228,1.3199390507749171,1
1.6060877304645877,-1.3225660001224278,1.837812775639228,1.8026155348442956,1
0.09173637398255233,-0.9586526303081359,-0.7017781204362666,-0.6376973331116164,1
0.3242345794238796,0.8155245862044302,0.7000577892344141,0.40016068628219675,1
-0.6030899385299381,0.008066912261996595,0.30621952470967045,0.6829303861769184,1
1.5440051951172094,-1.3775113447989842,1.3012794877359546,1.6555338594411804,1
-0.6246142559426401,-0.5843872390330435,0.15210889946085795,0.7844374579339979,1
-1.0408696505353758,-1.4268825240735707,1.7510542014250814,1.6576054323341822,1
0.22017073077569518,0.8203024422632614,0.10720753210441406,-1.0033299487264027,1
1.4842351897397905,2.12784238369667,1.5139902025855503,1.7767208736817752,1
0.21341102778658244,-0.8630955091315164,-1.116925508452204,-0.7837432220682308,1
-3.098843436878694,-1.355214683191106,1.3747198597681045,1.9134446846198825,1
-0.41435191559707857,-0.27143766717961487,0.2727337592235089,-0.6180173906281009,1
-0.003966789389624699,0.9891200230086221,0.6894032274888171,-0.6169816041816001,1
0.27442624160936396,1.186604740106969,0.151728379398515,0.2116475530190492,1
0.35411958211258904,-0.5788130736310739,-1.1142618680158047,-1.0136878131914109,0
0.1392321818271074,-0.37177264441506536,-0.8528445851863372,-0.9422185483828549,0
1.3986715808512837,1.872227084549213,1.1977780307787274,1.9196594032988876,1
-1.3471909280946464,1.359403867568022,1.941314232596455,1.735289415821743,1
1.5820729961611601,-1.4356419268480942,1.1441247019884002,1.711466327552224,1
0.007595860460174135,-0.9514858462198894,-1.369590829847788,-0.7806358627287283,1
1.651448895259949,1.5704258434997236,1.351508135965197,1.2256824841433438,1
0.5743435900210536,0.868081002851571,0.5474692442349723,-0.7537054151197071,1
0.6373155599722617,-0.6146469940723062,-0.7767405727177878,-0.9763995011173816,0
-0.39905364041119146,-0.6711849574351394,-1.1100761473300345,-0.8987155176298208,1
1.700723572312167,-1.3799002728283998,1.9614817959006208,1.5333110587540846,1
1.5059373940732586,2.1772135629712563,1.398312103633355,1.311652759202911,1
0.4044615806894026,0.01762262437965861,-0.23107480331828847,-1.0944791560184741,1
1.588121151467208,1.9462838534610931,1.3047041682970395,1.7093947546592227,1
0.1886847458000911,-0.5079415420917479,0.6216706563918081,0.2789736720416018,1
-1.3009403286954528,1.6755386767940044,1.6018903369867246,1.2101456874458314,1
-0.9120795199007,2.056174542814205,1.244962518509228,1.1334974904047714,1
0.04352901845493138,-0.08350866219893019,-1.259620531830734,-0.7588843473522113,0
0.19757909183839742,-0.47290393099365413,0.10264129135630093,-0.5755501463215676,1
0.4380822087142002,-0.5549237933369191,-0.7851120140893282,-0.6086953126095936,0
0.2089638547674293,0.8250802983220923,0.6673330638729379,0.6850019590699199,1
0.37849009025754743,-0.3001048035326008,-0.2040578788919534,-0.8552124868767867,1
-0.20924829595373412,-0.2969195661600467,-1.312512820496376,-0.42121796579294674,1
0.10507789304001182,-0.40760656485629754,-0.8760563089892448,-0.759920133798712,0
-0.08312646913055081,0.008863221605135214,-0.42285691473903303,-0.4181106064534443,1
-0.48835287463578664,-0.1519912657088407,0.7126149512917247,-0.6656635671671383,1
-1.8426060024283082,-1.4499754950245871,1.7548594020485093,1.2743644471288817,1
1.481566885928299,-1.317788144063597,1.5794396533085029,1.312688545649412,1
0.38329303711823354,-0.2929380194443544,-0.5849584612970432,-0.8013515916587446,0
0.33686455079827426,-0.7659457692686201,-1.325831022678372,-0.6635919942741366,1
0.15808819542831684,-0.39805085273863566,-0.035868011336459074,-0.42225375223944756,1
0.024495117932955956,1.192975214852077,-0.9434083600239112,0.6124969078148632,1
1.5007786733710404,-1.3926412223186155,1.411630305815351,1.9921644545539439,1
0.620060528657948,-0.49997844866036295,-0.22042024157269152,-0.5175461053175222,1
0.3105372865248872,-1.0414688019945395,-0.5465259350004259,-0.8956081582903185,1
0.46885664600674043,-0.4792744057387621,-0.6275767082794311,-0.8199957476957591,0
0.4467986678317406,-0.26506719243450705,-1.2664698929529037,-0.9618984908663702,0
-0.2908983925853868,-0.9705972704552134,-1.2086308434768058,-0.6801645774181496,1
0.18263659049404224,-0.6305731809350761,-0.821641940074232,-0.8800713615928062,0
0.5610020709635941,-0.9140593070923801,-1.3395297449227108,-0.8013515916587446,1
-2.8727491605849473,-1.313010288004766,1.150213022985884,1.9196594032988876,1
0.375466012604524,-0.10739794249308508,0.05469576350111458,-0.6718782858461432,1
0.46174116917609476,-0.9578563209649974,-0.7931029353985259,-1.0437256201399345,1
1.4652012892178152,-1.3376958776420593,1.4120108258776938,1.5726709437211153,1
-0.01766408228861612,-0.049267360443974936,-1.273319254075073,-0.7754569304962243,0
-0.0032552417065598283,-0.8415951568667771,-0.9654785236397905,-1.0758349999814596,1
-1.7497490297883906,-1.3767150354558457,1.397931583571012,1.5944224590976326,1
-2.4132672442460423,-1.410956337210801,1.8408569361379699,1.2671139420033761,1
0.010264164271665628,-0.14004662556176337,0.8062228866280403,0.7751153799154906,1
0.17285280985190607,0.08690153723270773,-1.1991178419182373,-1.062369776176949,0
0.04139437540573778,0.5861874953805439,-0.8448536638771396,0.7844374579339979,1
0.16644888070432529,0.5599092870569734,0.2681675184753957,0.8818013839050743,1
0.19740120491763147,-0.8177058765726224,-0.025593969653205054,-1.0209383183169165,1
0.37795642949524955,0.0032890562031657284,-0.34485030195877,-0.881107148039307,0
1.4411865549143876,2.059359780186759,1.9782246786437014,1.1635352973532949,1
0.5325401636410135,-0.5692573615134119,-1.1694372770555028,-0.8241388934817624,0
1.59861647979241,1.8849680340394286,1.86711282043962,1.2733286606823808,1
0.08319780178577793,0.5312421507039876,-0.4552011200381666,0.7979026817385083,1
0.07181303885674607,-0.2762155232384459,-1.3810064317180704,-1.0230098912099184,0
0.08426512331037472,-0.6042949726115058,-1.2318425672797135,-1.0043657351729036,0
0.00030249670876250086,-0.5604979587388885,-0.06707065644856462,-0.985721579135889,1
-0.06391468168780842,-0.6090728286703366,-0.21280984032583647,-0.5838364378935741,1
-0.6610810746996962,0.6124657037041141,-0.582675340922987,-0.032798048355142446,1
0.05135604296864091,-0.9196334724943497,-0.1199629451142065,-0.7454191235477007,1
0.34593678375734654,0.09247570263467722,-1.3147959408704324,-1.0323319692284256,0
-1.1107792103964638,1.3641817236268532,1.5162733229596064,1.7093947546592227,1
0.5207996268704487,-0.5891650950918743,-0.6294793085911448,-0.6532341298091284,0
0.22390635611178347,-0.08271235285579184,-1.261142612080105,-1.0592624168374467,0
1.471249444523863,-1.325751237494982,1.9496856739679955,1.1076028292422513,1
0.4334571487742811,-0.13845400687548642,-1.2063477231027493,-0.9877931520288905,0
-0.5354929086388108,-0.17588054600299557,0.20804534862524174,-0.7702779982637201,1
0.011153598875496464,-0.651277223856677,-0.11235254386735145,-0.8562482733232875,1
-1.8027593321766957,-1.313010288004766,1.4854511979098444,1.2671139420033761,1
0.32316725789928286,-0.9745788171709059,-0.7969081360219534,-0.7112381708131739,1
-3.088525995474259,2.1230645276378386,1.2468651188209414,1.5498836418980977,1
-2.083998553907942,-1.3432700430440287,0.8929814608421867,1.6306749847251607,1
-1.4051820642644033,-1.4444013296226177,1.235830037013002,1.8916931692433654,1
0.5115495069906104,-0.48962642719956245,-0.3136476568466647,-0.7878863678542339,0
0.41602423053920035,-0.022192842777266124,-1.1279605902601435,-0.9152881007738338,0
0.0013698182333593007,-0.3478833641209105,-1.3227868621796302,-0.6687709265066407,0
1.667992378891199,1.9940624140494023,1.6502163849042537,1.0392409237731977,1
0.22675254684404195,-0.036526410953759005,-0.6671507947630768,-0.6708424993996422,0
0.05011083452327814,0.000900128173750154,-1.3250699825536867,-0.7775285033892259,0
1.3885320263676146,1.5146841894800287,1.2346884768259738,1.7560051447517588,1
-1.363734411725896,-1.388659675602923,1.672286548520133,1.9020510337083736,1
0.12233292435432556,-0.7332970861999419,-0.9045953136649508,-0.4481484134019678,1
0.07074571733214927,-0.09704592103228472,-0.514562249763635,-0.8893934396113136,0
1.530485789138984,1.656427252558681,1.781876326474844,1.218431979017838,1
0.07786119416279393,-0.23958529345407523,-0.5708792189903618,-0.8179241748027576,0
-1.514404633614805,-1.3576036112205216,1.7799737261631305,1.1656068702462965,1
-0.36383203009949805,-0.24754838688546013,-0.1557318309744244,-0.7909937271937364,1
-0.2199215111997021,0.10521665212489315,-1.3772012310946429,-0.7215960352781821,1
1.5335098667920073,-1.3392884963283362,1.6056955376101523,1.8077944670767994,1
1.5141201924285,1.60387083591154,0.9340776275752033,1.6431044220831705,1
-0.4152413502009084,0.8832108803712024,0.20576222825118518,-0.644947838237122,1
-1.4583702535734753,-1.3894559849460615,1.4120108258776938,1.848190138490331,1
-0.598286991669253,-0.28816016338552336,-1.3444765057331667,0.40741119140770243,1
-2.7725988241936186,-1.3448626617303059,1.6486943046548825,1.7125021139987253,1
-0.5963302355408253,-0.2929380194443544,-0.46090892097330777,0.7782227392549932,1
0.14332358100472864,-0.92998549395515,-0.8254471406976595,-0.7941010865332389,1
-0.981099645157957,-1.3974190783774465,1.6418449435327134,1.8471543520438305,1
-1.3148155085152113,1.8348005454217033,1.6262436209766604,1.295080176058898,1
0.3021766012488798,-0.19658458892459643,-0.7082469614960935,-0.8997513040763215,0
0.5062128993676264,0.927804203586958,-0.3859464686917866,0.46334365951874634,1
0.6323347261908108,-0.6536661518860925,-0.373389306634476,-1.0696202813024547,0
-0.012861135427931027,-0.030155936208651184,-0.33990354114831417,-0.5382618342475385,1
-0.2517632700168381,-0.6003134258958133,-1.098660545459752,-0.06490742819666746,1
0.23529111904081634,0.027974645840458962,-0.47955440402810245,-0.7029518792411674,0
1.4379845903405972,2.3046230578734157,1.028066082973862,1.9051583930478762,1
1.4168160467694282,-1.4396234735637867,0.8682476567899085,1.6741780154781947,1
0.6504791921089553,0.792431615253414,0.63574989869849,-0.6490909840231253,1
-0.41933274937852966,0.9843421669497913,-0.37300878657213304,-1.0157593860844125,1
0.0120430334793273,0.9883237136654838,0.277299999971622,0.6446062876563882,1
0.45071218008859487,0.12353176701707856,-0.5906662622321844,-0.8738566429138013,0
-0.03367390515756711,-0.13686138818920945,-0.36387630507590735,-1.0758349999814596,0
1.5587698095407976,2.3850503015304034,1.4215238274362625,1.4545912888200228,1
-0.7055528048912278,-0.043693195042005445,0.7715955609548504,-0.8925007989508159,1
0.2867004391422267,-0.3685874070425113,-0.29157749323078513,-1.040618260800432,0
0.28990240371601705,-0.24675207754232165,-0.47004140246953374,-0.9722563553313786,0
-3.1611038591468383,2.084841679167191,1.111019456564581,1.781899805914279,1
-0.49689144683256103,1.1722711719304761,-0.3300100195274028,0.3462997910641546,1
0.37777854257448357,-0.46334821887599215,-1.1074125068936354,-0.9215028194528387,0
-0.09433334513881671,-0.35664276689543384,-1.088386503776498,-0.7443833371011999,1
0.31818642411783077,-0.22764065330699776,-0.6838936775061576,-0.28656572774784117,1
0.4453755724656119,-0.3032900409051547,-0.8330575419445145,-0.6511625569161269,0
1.5448946297210402,1.433460636479902,1.1247181788089198,1.1076028292422513,1
0.08533244483497153,-0.33275348660127907,-1.1176865485768894,-0.8893934396113136,0
1.6882714878585383,1.8260411426471799,1.8830946630580148,1.9797350171959345,1
-0.3433750342113939,-0.6934816190430172,-1.3760596709076147,-0.9038944498623249,1
0.09564988623940658,-0.487237499170147,0.09883609073287312,-0.9328964703643475,1
0.03481255933739102,0.029567264526735918,-1.0910501442128973,-0.6925940147761593,0
0.455515126949281,-0.43547739186614487,-1.1846580795492128,-0.7247033946176845,0
0.10401057151541501,-0.1137684172381929,-0.29880737441529753,-0.6573772755951317,0
0.5316507290371827,-0.9626341770238283,-0.18160719521373117,-0.9256459652388419,1
-0.10536233422631663,0.10362403343861619,-1.1694372770555028,-0.573478573428566,1
0.5250689129688358,-0.6480919864841229,-0.11501618430375042,-0.24720584278081045,1
1.5269280507236607,-1.3799002728283998,1.296332726925499,1.8533690707228356,1
-1.289377678845655,2.1772135629712563,1.2042468718385542,1.6441402085296715,1
1.5121634363000724,1.7535769924215772,0.9736517140588492,0.9967736794666643,1
-0.3782408706815544,-0.8575213437295471,-0.6774248364463308,-0.9101091685413296,1
0.043351131534165414,-0.4577740534740228,-1.327353102927743,-0.9401469754898533,0
-0.6639272654319537,0.5376126254490957,-0.6150195462221203,0.39808911338919517,1
-0.417198106329336,-0.5724425988859659,0.26436231785196845,0.854870936296053,1
-0.04737119805655954,-0.4697186936211001,-0.2896748929190715,-0.8821429344858078,1
-0.025668993723091615,-0.0333411735812051,-1.2497270102098226,-0.7516338422267056,0
-0.05840018714405846,-0.39725454339549704,-1.2782660148855285,-0.3290329720543745,1
-2.6857900068597482,-1.3536220645048291,1.223653395018034,1.7383967751612455,1
0.32405669250311364,-0.33434610528755604,0.7674098402690802,0.8455488582775458,1
1.4248209582039049,2.217029030128181,1.6140669789816926,1.7580767176447607,1
-0.36543301238639375,-0.3661984790130959,-0.36387630507590735,-0.14673455747023167,1
0.39485568696803136,-0.577220454944797,-1.3714934301595019,-0.6252678957536066,0
0.5149293584851667,-0.6918890003567402,-0.4605284009109651,-0.7723495711567219,1
0.40659622373859616,-0.2706413578364764,-0.8730121484905029,-0.9494690535083605,0
1.6918292262738606,-1.375918726112707,0.8929814608421867,1.3883009562439708,1
-0.22383502345655637,-0.07395295008126816,-0.4426439579808557,-0.776492716942725,1
0.4247406896567407,-1.0589876075435862,-0.7778821329048161,-0.8106736696772519,1
1.5383128136526936,-1.4268825240735707,1.0231193221634063,1.4411260650155124,1
1.4956199526688225,-1.3671593233381838,1.7940529684698123,1.51466690271707,1
-0.45882364578861023,1.0345096555675164,0.7586578788351969,-0.9991868029403996,1
0.44644289399020864,-0.5533311746506421,-0.5274999318832885,-0.7112381708131739,0
0.08195259334041516,-0.004674037228219331,-1.1447034730032244,-1.0882644373394692,0
0.04708675687025371,-0.15039864702256373,0.5782913692847349,0.8424414989380432,1
-0.8227802856761048,2.2042880806379648,1.6844631905151006,1.7984723890582925,1
-1.4836301963222647,1.7352618775293915,1.154398743671654,1.3851935969044686,1
-0.4513523951164326,-0.5859798577193204,0.22212459093192355,0.5027035444857771,1
0.5526413856875857,-0.6202211594742756,-0.4521569595394244,-0.7951368729797397,0
-1.9030875554887918,-1.391844912975477,1.6840826704527583,1.7922576703792874,1
0.183881798939405,-0.2212701785618898,-0.6180637067208624,-0.6242321093071058,0
0.5352084674525049,0.9174521821261576,0.8286735703062625,0.83829835315204,1
-0.6977257803775183,-0.5294418943564871,0.6764655453691636,0.8859445296910775,1
1.5326204321881776,-1.3297327842106743,1.6011292968620392,1.46391336683853,1
0.5736320423379887,-0.487237499170147,0.1928245461315322,0.1546792984615045,1
-0.704307596445864,0.5965395168413442,-0.5552778964343089,0.3711586657801741,1
